Solvent Name,MaxAbsEStateIndex,MaxEStateIndex,MinAbsEStateIndex,MinEStateIndex,qed,SPS,MolWt,HeavyAtomMolWt,ExactMolWt,NumValenceElectrons,MaxPartialCharge,MinPartialCharge,MaxAbsPartialCharge,MinAbsPartialCharge,FpDensityMorgan1,FpDensityMorgan2,FpDensityMorgan3,BCUT2D_MWHI,BCUT2D_MWLOW,BCUT2D_CHGHI,BCUT2D_CHGLO,BCUT2D_LOGPHI,BCUT2D_LOGPLOW,BCUT2D_MRHI,BCUT2D_MRLOW,AvgIpc,BalabanJ,BertzCT,Chi0,Chi0n,Chi0v,Chi1,Chi1n,Chi1v,Chi2n,Chi2v,Chi3n,Chi3v,Chi4n,Chi4v,HallKierAlpha,Kappa1,Kappa2,Kappa3,LabuteASA,PEOE_VSA1,PEOE_VSA10,PEOE_VSA11,PEOE_VSA12,PEOE_VSA13,PEOE_VSA14,PEOE_VSA2,PEOE_VSA3,PEOE_VSA4,PEOE_VSA5,PEOE_VSA6,PEOE_VSA7,PEOE_VSA8,PEOE_VSA9,SMR_VSA1,SMR_VSA10,SMR_VSA2,SMR_VSA3,SMR_VSA4,SMR_VSA5,SMR_VSA6,SMR_VSA7,SMR_VSA9,SlogP_VSA1,SlogP_VSA10,SlogP_VSA11,SlogP_VSA2,SlogP_VSA3,SlogP_VSA4,SlogP_VSA5,SlogP_VSA6,TPSA,EState_VSA1,EState_VSA10,EState_VSA2,EState_VSA3,EState_VSA4,EState_VSA5,EState_VSA6,EState_VSA7,EState_VSA8,EState_VSA9,VSA_EState1,VSA_EState2,VSA_EState3,VSA_EState4,VSA_EState5,VSA_EState6,VSA_EState7,VSA_EState8,VSA_EState9,FractionCSP3,HeavyAtomCount,NHOHCount,NOCount,NumAliphaticCarbocycles,NumAliphaticHeterocycles,NumAliphaticRings,NumAmideBonds,NumAromaticCarbocycles,NumAromaticHeterocycles,NumAromaticRings,NumAtomStereoCenters,NumHAcceptors,NumHDonors,NumHeteroatoms,NumHeterocycles,NumRotatableBonds,NumSaturatedCarbocycles,NumSaturatedHeterocycles,NumSaturatedRings,NumUnspecifiedAtomStereoCenters,Phi,RingCount,MolLogP,MolMR
CIS-DECALIN,1.5601851851851851,1.5601851851851851,1.1550925925925926,1.1550925925925926,0.48119319693405355,40.8,138.254,120.10999999999997,138.140850576,58,-0.03858457793998495,-0.05302166586531271,0.05302166586531271,0.03858457793998495,0.5,0.8,1.1,14.319766871069124,9.709527137905743,2.26292170199422,-2.3473474271087666,2.3945515811820894,-2.221595083137486,4.782737938129142,0.171046854201054,2.0504144813943355,1.9253677344386608,80.60593781761291,6.811554787871634,6.811554787871632,6.811554787871632,4.9663264951887856,4.966326495188785,4.966326495188785,4.089073411524035,4.089073411524035,3.466326495188785,3.466326495188785,2.8575892353471586,2.8575892353471586,0.0,6.694214876033058,2.938775510204082,1.2098765432098766,64.01206775034058,0.0,0.0,0.0,0.0,0.0,0.0,0.0,0.0,0.0,0.0,51.36657298340809,11.835812092322787,0.0,0.0,0.0,0.0,0.0,0.0,11.835812092322787,51.36657298340809,0.0,0.0,0.0,0.0,0.0,0.0,0.0,0.0,11.835812092322787,51.36657298340809,0.0,0.0,0.0,0.0,0.0,0.0,11.835812092322787,25.683286491704038,25.683286491704038,0.0,0.0,0.0,0.0,0.0,0.0,0.0,2.310185185185185,0.0,12.356481481481481,0.0,0.0,1.0,10,0,0,2,0,2,0,0,0,0,0,0,0,0,0,0,2,0,2,0,1.9672794737729806,2,3.3668000000000022,43.91600000000002
N-HEXADECANE,2.2902201417224934,2.2902201417224934,1.3727777777777779,1.3727777777777779,0.3149047241460033,10.875,226.44799999999992,192.17599999999996,226.26605108799998,98,-0.05330597278912537,-0.06538238322279266,0.06538238322279266,0.05330597278912537,0.3125,0.5,0.6875,13.98776472858045,10.046019746831565,1.9232346627840138,-2.0184904120617633,2.120864728580438,-1.8208802531684363,4.479764728580435,0.5380197468315645,2.306121219004528,2.828262412638549,92.6059378176129,11.899494936611669,11.899494936611669,11.899494936611669,7.914213562373096,7.914213562373094,7.914213562373094,5.242640687119284,5.242640687119284,3.457106781186547,3.457106781186547,2.2677669529663675,2.2677669529663675,0.0,16.0,15.0,14.0,104.2133827437787,0.0,0.0,0.0,0.0,0.0,0.0,0.0,0.0,0.0,0.0,103.73897712034541,0.0,0.0,0.0,0.0,0.0,0.0,0.0,0.0,103.73897712034541,0.0,0.0,0.0,0.0,0.0,0.0,0.0,0.0,0.0,103.73897712034541,0.0,0.0,0.0,0.0,0.0,0.0,0.0,89.89150272096417,0.0,0.0,13.847474399381248,0.0,0.0,0.0,0.0,0.0,0.0,0.0,20.419559716555014,4.580440283444987,0.0,1.0,16,0,0,0,0,0,0,0,0,0,0,0,0,0,0,13,0,0,0,0,15.0,0,6.487600000000007,75.98600000000008
N-PENTADECANE,2.2879979195002713,2.2879979195002713,1.3724489795918366,1.3724489795918366,0.3429502160022288,10.8,212.42099999999994,180.16499999999996,212.25040102399998,92,-0.053305972789135014,-0.06538238322279266,0.06538238322279266,0.053305972789135014,0.3333333333333333,0.5333333333333333,0.7333333333333333,13.982560110947894,10.050392217470378,1.917992062514946,-2.014157426642645,2.115660110947922,-1.8165077825296245,4.474560110947918,0.542392217470372,2.2593895430561943,2.8079257388805243,84.2114326716684,11.192388155425121,11.192388155425121,11.192388155425121,7.414213562373096,7.414213562373094,7.414213562373094,4.88908729652601,4.88908729652601,3.207106781186547,3.207106781186547,2.0909902576697306,2.0909902576697306,0.0,15.0,14.0,14.0,97.84844062938208,0.0,0.0,0.0,0.0,0.0,0.0,0.0,0.0,0.0,0.0,97.3181554974194,0.0,0.0,0.0,0.0,0.0,0.0,0.0,0.0,97.3181554974194,0.0,0.0,0.0,0.0,0.0,0.0,0.0,0.0,0.0,97.3181554974194,0.0,0.0,0.0,0.0,0.0,0.0,0.0,83.47068109803816,0.0,0.0,13.847474399381248,0.0,0.0,0.0,0.0,0.0,0.0,0.0,18.92400416099946,4.575995839000543,0.0,1.0,15,0,0,0,0,0,0,0,0,0,0,0,0,0,0,12,0,0,0,0,14.0,0,6.097500000000006,71.36900000000007
DECALIN,1.5601851851851851,1.5601851851851851,1.1550925925925926,1.1550925925925926,0.48119319693405355,40.8,138.254,120.10999999999997,138.140850576,58,-0.03858457793998495,-0.05302166586531271,0.05302166586531271,0.03858457793998495,0.5,0.8,1.1,14.319766871069124,9.709527137905743,2.26292170199422,-2.3473474271087666,2.3945515811820894,-2.221595083137486,4.782737938129142,0.171046854201054,2.0504144813943355,1.9253677344386608,80.60593781761291,6.811554787871634,6.811554787871632,6.811554787871632,4.9663264951887856,4.966326495188785,4.966326495188785,4.089073411524035,4.089073411524035,3.466326495188785,3.466326495188785,2.8575892353471586,2.8575892353471586,0.0,6.694214876033058,2.938775510204082,1.2098765432098766,64.01206775034058,0.0,0.0,0.0,0.0,0.0,0.0,0.0,0.0,0.0,0.0,51.36657298340809,11.835812092322787,0.0,0.0,0.0,0.0,0.0,0.0,11.835812092322787,51.36657298340809,0.0,0.0,0.0,0.0,0.0,0.0,0.0,0.0,11.835812092322787,51.36657298340809,0.0,0.0,0.0,0.0,0.0,0.0,11.835812092322787,25.683286491704038,25.683286491704038,0.0,0.0,0.0,0.0,0.0,0.0,0.0,2.310185185185185,0.0,12.356481481481481,0.0,0.0,1.0,10,0,0,2,0,2,0,0,0,0,0,0,0,0,0,0,2,0,2,0,1.9672794737729806,2,3.3668000000000022,43.91600000000002
N-DODECANE,2.279016096988229,2.279016096988229,1.3708677685950414,1.3708677685950414,0.43046430405249847,10.5,170.33999999999997,144.13199999999998,170.203450832,74,-0.05330597417108836,-0.06538238322279266,0.06538238322279266,0.05330597417108836,0.4166666666666667,0.6666666666666666,0.9166666666666666,13.960404810851868,10.07005824878275,1.8956419942770424,-1.9946923570827892,2.093504810851858,-1.7968417512172512,4.452404810851859,0.5620582487827479,2.098390961316241,2.72724281291869,56.43856189774725,9.071067811865477,9.071067811865477,9.071067811865477,5.914213562373096,5.914213562373094,5.914213562373094,3.828427124746189,3.828427124746189,2.457106781186547,2.457106781186547,1.5606601717798205,1.5606601717798205,0.0,12.0,11.0,10.0,78.75361428619225,0.0,0.0,0.0,0.0,0.0,0.0,0.0,0.0,0.0,0.0,78.05569062864136,0.0,0.0,0.0,0.0,0.0,0.0,0.0,0.0,78.05569062864136,0.0,0.0,0.0,0.0,0.0,0.0,0.0,0.0,0.0,78.05569062864136,0.0,0.0,0.0,0.0,0.0,0.0,0.0,64.20821622926012,0.0,0.0,13.847474399381248,0.0,0.0,0.0,0.0,0.0,0.0,0.0,14.441967806023545,4.558032193976458,0.0,1.0,12,0,0,0,0,0,0,0,0,0,0,0,0,0,0,9,0,0,0,0,11.0,0,4.9272000000000045,57.51800000000005
TRANS-DECALIN,1.5601851851851851,1.5601851851851851,1.1550925925925926,1.1550925925925926,0.48119319693405355,40.8,138.254,120.10999999999997,138.140850576,58,-0.03858457793998495,-0.05302166586531271,0.05302166586531271,0.03858457793998495,0.5,0.8,1.1,14.319766871069124,9.709527137905743,2.26292170199422,-2.3473474271087666,2.3945515811820894,-2.221595083137486,4.782737938129142,0.171046854201054,2.0504144813943355,1.9253677344386608,80.60593781761291,6.811554787871634,6.811554787871632,6.811554787871632,4.9663264951887856,4.966326495188785,4.966326495188785,4.089073411524035,4.089073411524035,3.466326495188785,3.466326495188785,2.8575892353471586,2.8575892353471586,0.0,6.694214876033058,2.938775510204082,1.2098765432098766,64.01206775034058,0.0,0.0,0.0,0.0,0.0,0.0,0.0,0.0,0.0,0.0,51.36657298340809,11.835812092322787,0.0,0.0,0.0,0.0,0.0,0.0,11.835812092322787,51.36657298340809,0.0,0.0,0.0,0.0,0.0,0.0,0.0,0.0,11.835812092322787,51.36657298340809,0.0,0.0,0.0,0.0,0.0,0.0,11.835812092322787,25.683286491704038,25.683286491704038,0.0,0.0,0.0,0.0,0.0,0.0,0.0,2.310185185185185,0.0,12.356481481481481,0.0,0.0,1.0,10,0,0,2,0,2,0,0,0,0,0,0,0,0,0,0,2,0,2,0,1.9672794737729806,2,3.3668000000000022,43.91600000000002
HEXANOIC ACID,9.874124149659863,9.874124149659863,0.3272222222222223,-0.6819907407407404,0.5668732042121558,9.125,116.15999999999998,104.06399999999998,116.083729624,48,0.30283955508920857,-0.48123038978903615,0.48123038978903615,0.30283955508920857,1.5,2.125,2.5,16.3651171557072,10.192969759239665,1.922593033134046,-1.8929486356541232,1.9665585999543158,-1.9210552139374126,5.660110532459972,-0.13664414147432088,1.6646727945202302,2.822354554248032,68.92878689342031,6.405777393935816,5.183889010710011,5.183889010710011,3.770055610029662,2.9883911147617317,2.9883911147617317,1.8508453244099006,1.8508453244099006,0.9941955573808657,0.9941955573808657,0.5262257251529125,0.5262257251529125,-0.53,7.470000000000001,4.624559505409582,5.469999999999999,49.51971745205236,5.106527394840706,0.0,0.0,0.0,0.0,5.969305287951849,4.794537184071822,0.0,0.0,0.0,19.765380445542643,6.4208216229260096,6.4208216229260096,0.0,9.901064578912528,5.969305287951849,0.0,0.0,0.0,32.60702369139466,0.0,0.0,0.0,0.0,0.0,0.0,11.075832682792555,4.794537184071822,0.0,32.60702369139466,0.0,37.3,5.969305287951849,4.794537184071822,0.0,6.4208216229260096,19.26246486877803,0.0,0.0,0.0,6.923737199690624,5.106527394840706,0.0,9.874124149659863,8.140104875283447,0.0,-0.6819907407407404,0.0,3.277037037037037,2.05739134542706,0.0,0.8333333333333334,8,1,2,0,0,0,0,0,0,0,0,1,1,2,0,4,0,0,0,0,4.318182438176198,0,1.6513,31.77779999999998
CYCLOHEXANE,1.5,1.5,1.5,1.5,0.42231618686094674,24.0,84.162,72.06599999999999,84.093900384,36,-0.0533059727891157,-0.0533059727891157,0.0533059727891157,0.0533059727891157,0.3333333333333333,0.5,0.6666666666666666,14.014,10.012,1.9496940272108838,-2.052305972789116,2.1470999999999996,-1.8548999999999998,4.506,0.5039999999999998,1.719973094021975,2.0,15.509775004326936,4.242640687119286,4.242640687119285,4.242640687119285,3.0,2.9999999999999996,2.9999999999999996,2.121320343559642,2.121320343559642,1.4999999999999996,1.4999999999999996,1.0606601717798207,1.0606601717798207,0.0,4.166666666666667,2.2222222222222223,1.0,39.55813044628337,0.0,0.0,0.0,0.0,0.0,0.0,0.0,0.0,0.0,0.0,38.524929737556064,0.0,0.0,0.0,0.0,0.0,0.0,0.0,0.0,38.524929737556064,0.0,0.0,0.0,0.0,0.0,0.0,0.0,0.0,0.0,38.524929737556064,0.0,0.0,0.0,0.0,0.0,0.0,0.0,38.524929737556064,0.0,0.0,0.0,0.0,0.0,0.0,0.0,0.0,0.0,0.0,9.0,0.0,0.0,1.0,6,0,0,1,0,1,0,0,0,0,0,0,0,0,0,0,1,0,1,0,1.5432098765432098,1,2.3406000000000002,27.701999999999984
N-DECANE,2.2698838655832705,2.2698838655832705,1.3688271604938271,1.3688271604938271,0.4684089279615184,10.2,142.286,120.10999999999997,142.172150704,62,-0.053306146439862805,-0.06538238322279266,0.06538238322279266,0.053306146439862805,0.5,0.8,1.1,13.935876276700968,10.092933038718229,1.8708479928080215,-1.9720888623059794,2.068976276700974,-1.7739669612817646,4.427876276700977,0.5849330387182341,1.9671544718900458,2.6476048489438337,40.0,7.6568542494923815,7.6568542494923815,7.6568542494923815,4.914213562373096,4.914213562373094,4.914213562373094,3.121320343559642,3.121320343559642,1.9571067811865472,1.9571067811865472,1.207106781186547,1.207106781186547,0.0,10.0,9.0,8.0,66.02373005739904,0.0,0.0,0.0,0.0,0.0,0.0,0.0,0.0,0.0,0.0,65.21404738278933,0.0,0.0,0.0,0.0,0.0,0.0,0.0,0.0,65.21404738278933,0.0,0.0,0.0,0.0,0.0,0.0,0.0,0.0,0.0,65.21404738278933,0.0,0.0,0.0,0.0,0.0,0.0,0.0,51.36657298340809,0.0,0.0,13.847474399381248,0.0,0.0,0.0,0.0,0.0,0.0,0.0,11.46023226883346,4.539767731166541,0.0,1.0,10,0,0,0,0,0,0,0,0,0,0,0,0,0,0,7,0,0,0,0,9.0,0,4.147000000000004,48.28400000000003
N-UNDECANE,2.2748838655832704,2.2748838655832704,1.37,1.37,0.4526177505443085,10.363636363636363,156.313,132.12099999999998,156.187800768,68,-0.053305975542553626,-0.06538238322279266,0.06538238322279266,0.053305975542553626,0.45454545454545453,0.7272727272727273,1.0,13.949555876360234,10.080083079100119,1.8846812289831505,-1.984781956019018,2.0826558763602407,-1.7868169208998732,4.441555876360238,0.5720830791001252,2.0339309928768716,2.6909155266923976,49.05865002596163,8.36396103067893,8.36396103067893,8.36396103067893,5.414213562373096,5.414213562373094,5.414213562373094,3.4748737341529154,3.4748737341529154,2.207106781186547,2.207106781186547,1.3838834764831838,1.3838834764831838,0.0,11.0,10.0,10.0,72.38867217179563,0.0,0.0,0.0,0.0,0.0,0.0,0.0,0.0,0.0,0.0,71.63486900571534,0.0,0.0,0.0,0.0,0.0,0.0,0.0,0.0,71.63486900571534,0.0,0.0,0.0,0.0,0.0,0.0,0.0,0.0,0.0,71.63486900571534,0.0,0.0,0.0,0.0,0.0,0.0,0.0,57.787394606334104,0.0,0.0,13.847474399381248,0.0,0.0,0.0,0.0,0.0,0.0,0.0,12.95023226883346,4.549767731166541,0.0,1.0,11,0,0,0,0,0,0,0,0,0,0,0,0,0,0,8,0,0,0,0,10.0,0,4.537100000000004,52.90100000000004
"CIS-1,2-DIMETHYLCYCLOHEXANE",2.3787962962962963,2.3787962962962963,1.003472222222222,1.003472222222222,0.45175529711149026,39.75,112.216,96.08799999999998,112.12520051199999,48,-0.041698204409065874,-0.06225486301980354,0.06225486301980354,0.041698204409065874,0.875,1.25,1.5,14.208744238892683,9.81866644175426,2.1497896418662297,-2.240315778368317,2.277817442992581,-2.1190939422923307,4.668795292390056,0.2770710275120517,1.7681772153059907,2.2794002709583667,56.43856189774725,5.983127663125442,5.983127663125442,5.983127663125442,3.804530452640311,3.804530452640311,3.804530452640311,3.2390248187615978,3.2390248187615978,2.5403364137778546,2.5403364137778546,1.501661279183041,1.501661279183041,0.0,6.125,2.52,1.2396694214876034,52.28801467507656,0.0,0.0,0.0,0.0,0.0,0.0,0.0,0.0,0.0,0.0,39.53076089108528,11.835812092322787,0.0,0.0,0.0,0.0,0.0,0.0,11.835812092322787,39.53076089108528,0.0,0.0,0.0,0.0,0.0,0.0,0.0,0.0,11.835812092322787,39.53076089108528,0.0,0.0,0.0,0.0,0.0,0.0,11.835812092322787,25.683286491704038,0.0,0.0,13.847474399381248,0.0,0.0,0.0,0.0,0.0,2.006944444444444,0.0,5.90212962962963,4.757592592592593,0.0,1.0,8,0,0,1,0,1,0,0,0,0,2,0,0,0,0,0,1,0,1,0,1.929375,1,2.832600000000001,36.79599999999999
N-NONANE,2.2637110260770976,2.2637110260770976,1.3671875,1.3671875,0.4777243799437154,10.0,128.259,108.09899999999998,128.15650064,56,-0.053306317337172206,-0.06538238322279268,0.06538238322279268,0.053306317337172206,0.5555555555555556,0.8888888888888888,1.2222222222222223,13.918192972620595,10.109794084931163,1.852948366538763,-1.9554475366686943,2.051292972620585,-1.757105915068841,4.410192972620589,0.6017940849311597,1.88523483624215,2.595082706793886,33.30296890880646,6.949747468305834,6.949747468305834,6.949747468305834,4.414213562373095,4.414213562373095,4.414213562373095,2.7677669529663684,2.7677669529663684,1.7071067811865472,1.7071067811865472,1.0303300858899103,1.0303300858899103,0.0,9.0,8.0,8.0,59.658787943002416,0.0,0.0,0.0,0.0,0.0,0.0,0.0,0.0,0.0,0.0,58.79322575986332,0.0,0.0,0.0,0.0,0.0,0.0,0.0,0.0,58.79322575986332,0.0,0.0,0.0,0.0,0.0,0.0,0.0,0.0,0.0,58.79322575986332,0.0,0.0,0.0,0.0,0.0,0.0,0.0,44.94575136048208,0.0,0.0,13.847474399381248,0.0,0.0,0.0,0.0,0.0,0.0,0.0,9.972577947845807,4.527422052154195,0.0,1.0,9,0,0,0,0,0,0,0,0,0,0,0,0,0,0,6,0,0,0,0,8.0,0,3.7569000000000026,43.667000000000016
CYCLOPENTANE,1.5,1.5,1.5,1.5,0.4083619292230275,24.0,70.135,60.05499999999999,70.07825032,30,-0.0533059727891157,-0.0533059727891157,0.0533059727891157,0.0533059727891157,0.4,0.6,0.8,14.013000000000007,10.393584045238855,1.948694027210884,-1.6707219275502607,2.1460999999999983,-1.4733159547611452,4.5050000000000034,0.885584045238855,1.760495029766198,2.083333333333333,11.60964047443681,3.5355339059327378,3.5355339059327373,3.5355339059327373,2.5,2.4999999999999996,2.4999999999999996,1.7677669529663684,1.7677669529663684,1.2499999999999996,1.2499999999999996,0.883883476483184,0.883883476483184,0.0,3.2,1.44,0.64,33.19318833188676,0.0,0.0,0.0,0.0,0.0,0.0,0.0,0.0,0.0,0.0,32.10410811463005,0.0,0.0,0.0,0.0,0.0,0.0,0.0,0.0,32.10410811463005,0.0,0.0,0.0,0.0,0.0,0.0,0.0,0.0,0.0,32.10410811463005,0.0,0.0,0.0,0.0,0.0,0.0,0.0,32.10410811463005,0.0,0.0,0.0,0.0,0.0,0.0,0.0,0.0,0.0,0.0,7.5,0.0,0.0,1.0,5,0,0,1,0,1,0,0,0,0,0,0,0,0,0,0,1,0,1,0,0.9216,1,1.9505000000000001,23.084999999999994
N-OCTANE,2.2558985260770976,2.2558985260770976,1.364795918367347,1.364795918367347,0.4806106052751372,9.75,114.232,96.08799999999998,114.14085057599999,50,-0.053316204543896704,-0.0653823832228023,0.0653823832228023,0.053316204543896704,0.625,1.0,1.25,13.894659234682535,10.132494143669753,1.8291013349134206,-1.9330649257747907,2.0277592346825384,-1.7344058563302447,4.386659234682541,0.6244941436697566,1.8088121254443208,2.53006045688352,25.019550008653873,6.242640687119286,6.242640687119286,6.242640687119286,3.914213562373095,3.914213562373095,3.914213562373095,2.4142135623730945,2.4142135623730945,1.4571067811865472,1.4571067811865472,0.8535533905932734,0.8535533905932734,0.0,8.0,7.0,6.0,53.293845828605804,0.0,0.0,0.0,0.0,0.0,0.0,0.0,0.0,0.0,0.0,52.372404136937305,0.0,0.0,0.0,0.0,0.0,0.0,0.0,0.0,52.372404136937305,0.0,0.0,0.0,0.0,0.0,0.0,0.0,0.0,0.0,52.372404136937305,0.0,0.0,0.0,0.0,0.0,0.0,0.0,38.524929737556064,0.0,0.0,13.847474399381248,0.0,0.0,0.0,0.0,0.0,0.0,0.0,8.488202947845807,4.511797052154195,0.0,1.0,8,0,0,0,0,0,0,0,0,0,0,0,0,0,0,5,0,0,0,0,7.0,0,3.3668000000000022,39.05
"1,4-DIOXANE",4.944444444444445,4.944444444444445,0.7777777777777778,0.7777777777777778,0.4157492501598946,24.0,88.106,80.04199999999999,88.052429496,36,0.07011439546557022,-0.37666763607345255,0.37666763607345255,0.07011439546557022,0.6666666666666666,1.0,1.1666666666666667,16.564300828554593,10.638571834466195,1.9381982860111924,-2.0933036854099747,1.8459039112320426,-2.158799402239841,4.3659799536361215,-0.033358205886512574,1.719973094021975,2.0,21.019550008653873,4.242640687119286,3.644923705673916,3.644923705673916,3.0,2.1547005383792515,2.1547005383792515,1.2247448713915892,1.2247448713915892,0.7440169358562925,0.7440169358562925,0.4398264056274473,0.4398264056274473,-0.08,4.088918918918919,2.157216946676406,0.9536924762600438,37.055336676503906,9.473725907600098,0.0,0.0,0.0,0.0,0.0,0.0,0.0,0.0,0.0,0.0,0.0,0.0,26.427527858051672,9.473725907600098,0.0,0.0,0.0,0.0,0.0,26.427527858051672,0.0,0.0,0.0,0.0,0.0,26.427527858051672,9.473725907600098,0.0,0.0,0.0,18.46,0.0,0.0,0.0,0.0,26.427527858051672,0.0,0.0,0.0,0.0,9.473725907600098,9.88888888888889,0.0,0.0,0.0,0.0,0.0,0.0,3.111111111111111,0.0,1.0,6,0,2,0,1,1,0,0,0,0,0,2,0,2,1,0,0,1,1,0,1.4701141975796104,1,0.03320000000000001,21.637999999999995
METHYLCYCLOHEXANE,2.3602777777777777,2.3602777777777777,1.0358796296296295,1.0358796296296295,0.43656953206962734,25.285714285714285,98.18900000000001,84.07699999999998,98.109550448,42,-0.04428007559516109,-0.06250972284470455,0.06250972284470455,0.04428007559516109,1.0,1.5714285714285714,1.8571428571428572,14.115632492342755,9.911130338789695,2.0539877762694174,-2.150526872003993,2.2149178488962535,-1.9941012767549964,4.590675846362491,0.38509284200897903,1.6856161633204378,2.1229179499593664,42.0,5.112884175122364,5.112884175122364,5.112884175122364,3.393846850117352,3.393846850117352,3.393846850117352,2.743182156491985,2.743182156491985,1.8938468501173518,1.8938468501173518,1.3067128222475317,1.3067128222475317,0.0,5.142857142857143,2.34375,1.5,45.92307256067996,0.0,0.0,0.0,0.0,0.0,0.0,0.0,0.0,0.0,0.0,39.02784531432067,5.917906046161393,0.0,0.0,0.0,0.0,0.0,0.0,5.917906046161393,39.02784531432067,0.0,0.0,0.0,0.0,0.0,0.0,0.0,0.0,5.917906046161393,39.02784531432067,0.0,0.0,0.0,0.0,0.0,0.0,5.917906046161393,32.10410811463005,0.0,0.0,6.923737199690624,0.0,0.0,0.0,0.0,0.0,1.0358796296296295,0.0,7.437175925925926,2.3602777777777777,0.0,1.0,7,0,0,1,0,1,0,0,0,0,0,0,0,0,0,0,1,0,1,0,1.721938775510204,1,2.5866000000000007,32.24899999999998
N-HEPTANE,2.245694444444444,2.245694444444444,1.3611111111111112,1.3611111111111112,0.4763098736533007,9.428571428571429,100.205,84.07699999999998,100.12520051199999,44,-0.05332609175221321,-0.06538238322804024,0.06538238322804024,0.05332609175221321,0.7142857142857143,1.1428571428571428,1.4285714285714286,13.862233382977566,10.164098565543423,1.796206847856114,-1.9019330572190785,1.995333382977564,-1.7028014344565705,4.354233382977567,0.6560985655434296,1.690933805959686,2.447472887876344,19.219280948873624,5.535533905932738,5.535533905932738,5.535533905932738,3.414213562373095,3.414213562373095,3.414213562373095,2.060660171779821,2.060660171779821,1.2071067811865472,1.2071067811865472,0.6767766952966366,0.6767766952966366,0.0,7.0,6.0,6.0,46.92890371420919,0.0,0.0,0.0,0.0,0.0,0.0,0.0,0.0,0.0,0.0,45.95158251401129,0.0,0.0,0.0,0.0,0.0,0.0,0.0,0.0,45.95158251401129,0.0,0.0,0.0,0.0,0.0,0.0,0.0,0.0,0.0,45.95158251401129,0.0,0.0,0.0,0.0,0.0,0.0,0.0,32.10410811463005,0.0,0.0,13.847474399381248,0.0,0.0,0.0,0.0,0.0,0.0,0.0,7.008611111111112,4.491388888888888,0.0,1.0,7,0,0,0,0,0,0,0,0,0,0,0,0,0,0,4,0,0,0,0,6.0,0,2.976700000000002,34.432999999999986
PENTANOIC ACID,9.758194444444445,9.758194444444445,0.3159722222222221,-0.6927314814814809,0.5820724024360081,8.714285714285714,102.13299999999998,92.05299999999998,102.06807956,42,0.3028393755682016,-0.4812303907895895,0.4812303907895895,0.3028393755682016,1.7142857142857142,2.2857142857142856,2.4285714285714284,16.365114680109034,10.253677266337775,1.903602534816826,-1.8512963626362038,1.9070121012898604,-1.9137312284268215,5.6600249795576225,-0.13662901854910325,1.6121972227029933,2.8219389370591843,59.10049400592804,5.698670612749268,4.476782229523463,4.476782229523463,3.270055610029662,2.4883911147617317,2.4883911147617317,1.4972919338166268,1.4972919338166268,0.7441955573808657,0.7441955573808657,0.3280024204495495,0.3280024204495495,-0.53,6.47,3.6528153564899446,5.47,43.15477533765576,5.106527394840706,0.0,0.0,0.0,0.0,5.969305287951849,4.794537184071822,0.0,0.0,0.0,13.344558822616634,6.4208216229260096,6.4208216229260096,0.0,9.901064578912528,5.969305287951849,0.0,0.0,0.0,26.186202068468653,0.0,0.0,0.0,0.0,0.0,0.0,11.075832682792555,4.794537184071822,0.0,26.186202068468653,0.0,37.3,5.969305287951849,4.794537184071822,0.0,6.4208216229260096,12.841643245852019,0.0,0.0,6.923737199690624,0.0,5.106527394840706,0.0,9.758194444444445,8.044583333333334,0.0,-0.6927314814814809,0.0,2.0814814814814815,1.975138888888889,0.0,0.8,7,1,2,0,0,0,0,0,0,0,0,1,1,2,0,3,0,0,0,0,3.3762450509271345,0,1.2612,27.160799999999988
N-HEXANE,2.2318055555555554,2.2318055555555554,1.355,1.355,0.4629542813199688,9.0,86.178,72.06599999999999,86.109550448,38,-0.05357870225236844,-0.06538238459812357,0.06538238459812357,0.05357870225236844,0.8333333333333334,1.1666666666666667,1.3333333333333333,13.815622205179755,10.209864201930968,1.748868474205106,-1.8568988201678052,1.9487222051797695,-1.6570357980690344,4.307622205179771,0.7018642019309675,1.6143308351592656,2.3390923149762908,12.0,4.82842712474619,4.82842712474619,4.82842712474619,2.914213562373095,2.914213562373095,2.914213562373095,1.707106781186547,1.707106781186547,0.9571067811865472,0.9571067811865472,0.49999999999999983,0.49999999999999983,0.0,6.0,5.0,4.0,40.563961599812586,0.0,0.0,0.0,0.0,0.0,0.0,0.0,0.0,0.0,0.0,39.53076089108528,0.0,0.0,0.0,0.0,0.0,0.0,0.0,0.0,39.53076089108528,0.0,0.0,0.0,0.0,0.0,0.0,0.0,0.0,0.0,39.53076089108528,0.0,0.0,0.0,0.0,0.0,0.0,0.0,25.683286491704038,0.0,0.0,13.847474399381248,0.0,0.0,0.0,0.0,0.0,0.0,0.0,5.536388888888888,4.463611111111111,0.0,1.0,6,0,0,0,0,0,0,0,0,0,0,0,0,0,0,3,0,0,0,0,5.0,0,2.5866000000000007,29.81599999999998
"2,4-DIMETHYLPENTANE",2.263888888888889,2.263888888888889,0.8749999999999998,0.8749999999999998,0.5001817914751358,11.142857142857142,100.20499999999998,84.07699999999998,100.12520051199999,44,-0.04688931685947847,-0.06276378738606951,0.06276378738606951,0.04688931685947847,0.8571428571428571,1.1428571428571428,1.1428571428571428,14.014251950198746,10.01224954721075,1.951961100676995,-2.0500598497960745,2.0766437290779174,-1.9280421509203858,4.4715799171733694,0.46892161946431205,1.272905595320056,2.9532231745612925,29.302968908806456,5.8618073195657985,5.8618073195657985,5.8618073195657985,3.125897657686229,3.125897657686229,3.125897657686229,3.0233959606302196,3.0233959606302196,0.9428090415820635,0.9428090415820635,0.9428090415820635,0.9428090415820635,0.0,7.0,3.061224489795918,6.0,46.92890371420919,0.0,0.0,0.0,0.0,0.0,0.0,0.0,0.0,0.0,0.0,27.694948798762496,18.256633715248796,0.0,0.0,0.0,0.0,0.0,0.0,11.835812092322787,34.11577042168851,0.0,0.0,0.0,0.0,0.0,0.0,0.0,0.0,11.835812092322787,34.11577042168851,0.0,0.0,0.0,0.0,0.0,0.0,11.835812092322787,6.4208216229260096,0.0,0.0,27.694948798762496,0.0,0.0,0.0,0.0,0.0,1.7499999999999996,0.0,1.3611111111111112,9.055555555555555,0.0,1.0,7,0,0,0,0,0,0,0,0,0,0,0,0,0,0,2,0,0,0,0,3.061224489795918,0,2.6885000000000012,34.292999999999985
N-PENTANE,2.2118055555555554,2.2118055555555554,1.34375,1.34375,0.46878550980113315,8.4,72.151,60.05499999999999,72.093900384,32,-0.05383131543183678,-0.06538255537938412,0.06538255537938412,0.05383131543183678,1.0,1.4,1.4,13.744962415414642,10.279705138833732,1.6770337181948811,-1.7882347992017722,1.878062415414647,-1.5871948611662696,4.236962415414642,0.7717051388337315,1.4056390622295665,2.19060968716425,7.5097750043269365,4.121320343559642,4.121320343559642,4.121320343559642,2.414213562373095,2.414213562373095,2.414213562373095,1.3535533905932735,1.3535533905932735,0.7071067811865474,0.7071067811865474,0.3535533905932737,0.3535533905932737,0.0,5.0,4.0,4.0,34.19901948541599,0.0,0.0,0.0,0.0,0.0,0.0,0.0,0.0,0.0,0.0,33.10993926815928,0.0,0.0,0.0,0.0,0.0,0.0,0.0,0.0,33.10993926815928,0.0,0.0,0.0,0.0,0.0,0.0,0.0,0.0,0.0,33.10993926815928,0.0,0.0,0.0,0.0,0.0,0.0,0.0,19.26246486877803,0.0,0.0,13.847474399381248,0.0,0.0,0.0,0.0,0.0,0.0,0.0,4.076388888888889,4.423611111111111,0.0,1.0,5,0,0,0,0,0,0,0,0,0,0,0,0,0,0,2,0,0,0,0,4.0,0,2.1965000000000003,25.19899999999999
2-METHYLPENTANE,2.2534722222222223,2.2534722222222223,0.8981481481481479,0.8981481481481479,0.4838902980848686,10.0,86.178,72.06599999999999,86.109550448,38,-0.04714263543756667,-0.06537259817899396,0.06537259817899396,0.04714263543756667,1.3333333333333333,1.8333333333333333,1.8333333333333333,13.915562047569095,10.109923040658451,1.8513166066046423,-1.954342431596249,1.99908672764211,-1.8116090393407516,4.382863992183623,0.5760031536750146,1.3485878960124225,2.6272148478988635,21.219280948873624,4.99156383156272,4.99156383156272,4.99156383156272,2.770055610029662,2.770055610029662,2.770055610029662,2.1825219847121646,2.1825219847121646,0.8660254037844386,0.8660254037844386,0.5773502691896257,0.5773502691896257,0.0,6.0,3.2,4.0,40.563961599812586,0.0,0.0,0.0,0.0,0.0,0.0,0.0,0.0,0.0,0.0,33.61285484492389,5.917906046161393,0.0,0.0,0.0,0.0,0.0,0.0,5.917906046161393,33.61285484492389,0.0,0.0,0.0,0.0,0.0,0.0,0.0,0.0,5.917906046161393,33.61285484492389,0.0,0.0,0.0,0.0,0.0,0.0,5.917906046161393,12.841643245852019,0.0,0.0,20.771211599071872,0.0,0.0,0.0,0.0,0.0,0.8981481481481479,0.0,2.7060185185185186,6.729166666666667,0.0,1.0,6,0,0,0,0,0,0,0,0,0,0,0,0,0,0,2,0,0,0,0,3.2000000000000006,0,2.442500000000001,29.74599999999998
"2,2,4-TRIMETHYLPENTANE",2.2847222222222223,2.2847222222222223,0.5219907407407407,0.5219907407407407,0.49115396327407007,12.75,114.23199999999999,96.08799999999998,114.14085057599999,50,-0.038018218252164164,-0.06275372160759639,0.06275372160759639,0.038018218252164164,1.125,1.5,1.5,14.163638387484248,9.863629649244036,2.1051028686638853,-2.194935125216457,2.2259535915423507,-2.076585447700782,4.620951578734183,0.32031651003291156,1.210810026106033,3.388924101358251,54.928786893420316,6.784457050376173,6.784457050376173,6.784457050376173,3.4165022194363885,3.4165022194363885,3.4165022194363885,4.158631167129105,4.158631167129105,1.0206207261596576,1.0206207261596576,1.2247448713915892,1.2247448713915892,0.0,8.0,2.52,6.0,53.29384582860579,0.0,0.0,0.0,0.0,0.0,0.0,0.0,0.0,0.0,0.0,34.61868599845312,17.75371813848418,0.0,0.0,0.0,0.0,0.0,0.0,11.332896515558172,41.03950762137913,0.0,0.0,0.0,0.0,0.0,0.0,0.0,0.0,11.332896515558172,41.03950762137913,0.0,0.0,0.0,0.0,0.0,5.41499046939678,5.917906046161393,6.4208216229260096,0.0,0.0,34.61868599845312,0.0,0.0,0.0,0.0,0.5219907407407407,0.8425925925925923,0.0,1.3263888888888888,11.39236111111111,0.0,1.0,8,0,0,0,0,0,0,0,0,0,0,0,0,0,0,1,0,0,0,0,2.52,0,3.0786000000000016,38.91
1-HEXENE,3.5981944444444443,3.5981944444444443,1.1770833333333335,1.1770833333333335,0.36350557388151317,8.166666666666666,84.16199999999999,72.06599999999999,84.093900384,36,-0.03535136060568804,-0.10308298030401146,0.10308298030401146,0.03535136060568804,1.6666666666666667,2.3333333333333335,2.5,13.774334095388145,10.25090098628836,1.7088924678795125,-1.8149024079880083,1.9089979477877494,-1.6144725861877438,4.63693183675241,0.8157533078251099,1.6143308351592656,2.4884037718761123,29.01955000865387,4.82842712474619,4.405777393935816,4.405777393935816,2.914213562373095,2.5236033621142737,2.5236033621142737,1.4309036597828992,1.4309036597828992,0.7618016810571366,0.7618016810571366,0.3484617125293379,0.3484617125293379,-0.26,5.740000000000001,4.74,3.7400000000000007,39.874358567628335,0.0,0.0,0.0,0.0,0.0,0.0,0.0,0.0,0.0,6.578935683598497,25.841400552376523,6.4208216229260096,0.0,0.0,0.0,0.0,0.0,0.0,0.0,26.186202068468653,0.0,12.654955790432378,0.0,0.0,0.0,0.0,0.0,0.0,0.0,26.186202068468653,12.654955790432378,0.0,0.0,0.0,0.0,0.0,0.0,19.26246486877803,0.0,6.076020106833881,13.502672883289122,0.0,0.0,0.0,0.0,0.0,0.0,0.0,5.717777777777778,5.782222222222222,0.0,0.6666666666666666,6,0,0,0,0,0,0,0,0,0,0,0,0,0,0,3,0,0,0,0,4.534600000000001,0,2.3626000000000005,29.721999999999984
1-PENTENE,3.5504166666666666,3.5504166666666666,1.1527777777777777,1.1527777777777777,0.43560382698496614,7.4,70.135,60.05499999999999,70.07825032,30,-0.0356039482616076,-0.10308315147465182,0.10308315147465182,0.0356039482616076,1.8,2.4,2.4,13.680289867824069,10.344163286832249,1.6124140521216015,-1.724284144065298,1.8158722230661968,-1.5202989787414327,4.62509839051127,0.9610968344974905,1.4056390622295665,2.4017152226171965,21.219280948873624,4.121320343559642,3.698670612749268,3.698670612749268,2.414213562373095,2.0236033621142737,2.0236033621142737,1.0773502691896257,1.0773502691896257,0.4927992798267443,0.4927992798267443,0.20412414523193148,0.20412414523193148,-0.26,4.74,3.7400000000000007,3.740000000000001,33.50941645323173,0.0,0.0,0.0,0.0,0.0,0.0,0.0,0.0,0.0,6.578935683598497,19.420578929450514,6.4208216229260096,0.0,0.0,0.0,0.0,0.0,0.0,0.0,19.765380445542643,0.0,12.654955790432378,0.0,0.0,0.0,0.0,0.0,0.0,0.0,19.765380445542643,12.654955790432378,0.0,0.0,0.0,0.0,0.0,6.4208216229260096,6.4208216229260096,0.0,6.076020106833881,13.502672883289122,0.0,0.0,0.0,0.0,0.0,0.0,0.0,4.309027777777778,5.690972222222221,0.0,0.6,5,0,0,0,0,0,0,0,0,0,0,0,0,0,0,2,0,0,0,0,3.5455200000000007,0,1.9725,25.10499999999999
N-BUTYLBENZENE,2.225138888888889,2.225138888888889,1.2334722222222223,1.2334722222222223,0.5957309560911629,9.7,134.22199999999998,120.10999999999997,134.109550448,54,-0.027897295142604965,-0.0653710717316953,0.0653710717316953,0.027897295142604965,1.1,1.8,2.4,13.928094568255245,10.100588827164405,1.8687601891678685,-1.9589484955842618,2.0257810758831734,-1.8110089866978991,5.138501418975812,0.7949849468755463,2.029573889867405,2.4265223465879537,164.65300142116237,7.234204518682008,6.508071689507773,6.508071689507773,4.931851652578137,3.971343774302781,3.971343774302781,2.5891519502467633,2.5891519502467633,1.6618298825622126,1.6618298825622126,1.0255780783709258,1.0255780783709258,-0.78,7.328459869848157,4.1024606217041155,2.218872016802184,62.89117157708339,0.0,0.0,0.0,0.0,0.0,0.0,0.0,0.0,0.0,0.0,43.67639416492468,18.405094737549014,0.0,0.0,0.0,0.0,0.0,0.0,0.0,26.186202068468653,0.0,35.89528683400505,0.0,0.0,0.0,0.0,0.0,6.4208216229260096,0.0,25.328831937239638,30.33183534230805,0.0,0.0,0.0,0.0,0.0,0.0,24.825916360475023,0.0,0.0,37.255572541998674,0.0,0.0,0.0,0.0,1.4623611111111112,0.0,10.649555933484505,3.8296107331821614,2.225138888888889,0.0,0.4,10,0,0,0,0,0,0,1,0,1,0,0,0,0,0,3,0,0,0,0,3.0064718033790934,1,3.0292000000000012,45.05400000000003
E-2-PENTENE,2.125,2.125,1.1631944444444444,1.1631944444444444,0.41363968044003097,10.0,70.135,60.05499999999999,70.07825032,30,-0.03794287307367419,-0.0916744470464646,0.0916744470464646,0.03794287307367419,1.6,2.2,2.2,13.594079354378078,10.430607628427651,1.5174139912845042,-1.6468102360406212,1.7323374263754383,-1.4311843309765475,4.730012035564743,1.2174768301743983,1.4056390622295665,2.622415807990217,27.019550008653876,4.121320343559642,3.861807319565799,3.861807319565799,2.414213562373095,2.02603867417337,2.02603867417337,0.9772838841927123,0.9772838841927123,0.47140452079103173,0.47140452079103173,0.23570226039551587,0.23570226039551587,-0.26,4.74,3.7400000000000007,3.740000000000001,33.50941645323172,0.0,0.0,0.0,0.0,0.0,0.0,0.0,0.0,0.0,0.0,19.075777413358384,13.344558822616634,0.0,0.0,0.0,0.0,0.0,0.0,0.0,20.268296022307258,0.0,12.152040213667762,0.0,0.0,0.0,0.0,0.0,0.0,0.0,20.268296022307258,12.152040213667762,0.0,0.0,0.0,0.0,0.0,6.4208216229260096,0.0,0.0,6.923737199690624,19.075777413358384,0.0,0.0,0.0,0.0,0.0,0.0,0.0,5.34375,4.15625,0.0,0.6,5,0,0,0,0,0,0,0,0,0,0,0,0,0,0,1,0,0,0,0,3.5455200000000007,0,1.9725,25.10499999999999
BUTANOIC ACID,9.599305555555556,9.599305555555556,0.2916666666666665,-0.7106481481481481,0.5434407472889115,8.166666666666666,88.10599999999998,80.04199999999999,88.052429496,36,0.30282893657949883,-0.48123051640943176,0.48123051640943176,0.30282893657949883,1.8333333333333333,2.3333333333333335,2.3333333333333335,16.365105667835003,10.350738670185248,1.870108269903476,-1.7942899738894031,1.8154407414270048,-1.8986230744822712,5.659492540532729,-0.13652882745744094,1.3485878960124225,2.831257109931365,49.50977500432694,4.99156383156272,3.769675448336916,3.769675448336916,2.770055610029662,1.9883911147617317,1.9883911147617317,1.1437385432233529,1.1437385432233529,0.46386547149095514,0.46386547149095514,0.2138654714909552,0.2138654714909552,-0.53,5.469999999999999,2.693713646532438,3.4699999999999998,36.78983322325915,5.106527394840706,0.0,0.0,0.0,0.0,5.969305287951849,4.794537184071822,0.0,0.0,0.0,6.923737199690624,6.4208216229260096,6.4208216229260096,0.0,9.901064578912528,5.969305287951849,0.0,0.0,0.0,19.765380445542643,0.0,0.0,0.0,0.0,0.0,0.0,11.075832682792555,4.794537184071822,0.0,19.765380445542643,0.0,37.3,5.969305287951849,4.794537184071822,0.0,6.4208216229260096,6.4208216229260096,0.0,0.0,6.923737199690624,0.0,5.106527394840706,0.0,9.599305555555556,7.913472222222222,0.0,-0.7106481481481481,0.0,1.023148148148148,1.841388888888889,0.0,0.75,6,1,2,0,0,0,0,0,0,0,0,1,1,2,0,2,0,0,0,0,2.455768941088739,0,0.8711,22.543799999999994
SEC-BUTYLBENZENE,2.259259259259259,2.259259259259259,0.7094444444444443,0.7094444444444443,0.5823253102746541,13.0,134.22199999999998,120.10999999999997,134.109550448,54,-0.019300891963447316,-0.06480959922040683,0.06480959922040683,0.019300891963447316,1.2,1.8,2.3,14.036406836346979,9.991665772882854,1.9832696656766395,-2.061745671975445,2.1628491948212765,-1.8823553939552446,5.176905949466727,0.7334968501745557,2.048167390601267,2.746978188530898,176.48961548078339,7.397341225498538,6.671208396324304,6.671208396324304,4.842535255101096,3.892064077957809,3.892064077957809,2.7199794632774306,2.7199794632774306,1.9809805208364926,1.9809805208364926,1.0172740324121932,1.0172740324121932,-0.78,7.328459869848157,3.4037722935552446,1.598288065805947,62.89117157708339,0.0,0.0,0.0,0.0,0.0,0.0,0.0,0.0,0.0,0.0,44.179309741689295,17.9021791607844,0.0,0.0,0.0,0.0,0.0,0.0,0.0,26.18620206846865,0.0,35.89528683400505,0.0,0.0,0.0,0.0,0.0,0.0,0.0,31.749653560165644,30.33183534230805,0.0,0.0,0.0,0.0,5.917906046161393,0.0,11.984273114623004,0.0,0.0,44.179309741689295,0.0,0.0,0.0,0.0,1.4490740740740742,0.7094444444444443,10.636111111111113,1.2262037037037037,4.479166666666666,0.0,0.4,10,0,0,0,0,0,0,1,0,1,1,0,0,0,0,2,0,0,0,1,2.494440865942063,1,3.2001000000000017,45.14800000000003
P-ISOPROPYLTOLUENE,2.212962962962963,2.212962962962963,0.6533333333333331,0.6533333333333331,0.5532584920101851,10.4,134.22199999999998,120.10999999999997,134.109550448,54,-0.021882053067443556,-0.0590419921968874,0.0590419921968874,0.021882053067443556,1.0,1.5,1.9,14.004238595994881,10.024482534992158,1.94837422588232,-2.031653154210887,2.131527671788767,-1.8486722054148153,5.228177044700607,0.8658442096896685,1.8845053612018057,2.893762783606678,193.78322454351996,7.560477932315068,6.886751345948129,6.886751345948129,4.698377302757663,3.764742878019983,3.764742878019983,3.065384140902211,3.065384140902211,1.7440169358562931,1.7440169358562931,0.9513530918323416,0.9513530918323416,-0.78,7.328459869848157,2.8694839561664094,1.598288065805947,62.89117157708339,0.0,0.0,0.0,0.0,0.0,0.0,0.0,0.0,0.0,0.0,43.67639416492469,18.405094737549014,0.0,0.0,0.0,0.0,0.0,0.0,0.0,26.689117645233264,0.0,35.392371257240434,0.0,0.0,0.0,0.0,0.0,0.0,6.923737199690624,30.892283428936633,24.26546827384644,0.0,0.0,0.0,0.0,5.917906046161393,0.0,11.126902983393991,0.0,0.0,45.03667987291831,0.0,0.0,0.0,0.0,2.7592592592592595,0.6533333333333331,8.712962962962964,0.0,6.541111111111111,0.0,0.4,10,0,0,0,0,0,0,1,0,1,0,0,0,0,0,1,0,0,0,0,2.1028898019938658,1,3.118420000000002,45.26800000000003
TERT-BUTYLBENZENE,2.224537037037037,2.224537037037037,0.2929166666666665,0.2929166666666665,0.5114006703774442,11.5,134.22199999999998,120.10999999999997,134.109550448,54,-0.013185421336817146,-0.06224804505884843,0.06224804505884843,0.013185421336817146,0.9,1.4,1.7,14.155053549200233,9.872663875210776,2.107334848194777,-2.175326969617501,2.200996297829458,-2.0951078906402802,5.214575082366548,0.5900845483530642,1.8822423779323865,2.9660431785816628,191.02833704135648,7.612884175122366,6.886751345948131,6.886751345948131,4.605171715522539,3.66068360252296,3.66068360252296,3.6160254037844393,3.6160254037844393,1.639814472133079,1.639814472133079,0.9381528525526742,0.9381528525526742,-0.78,7.328459869848157,2.4517901863265905,1.598288065805947,62.89117157708339,0.0,0.0,0.0,0.0,0.0,0.0,0.0,0.0,0.0,0.0,51.10304694137992,10.978441961093775,0.0,0.0,0.0,0.0,0.0,0.0,0.0,26.186202068468653,0.0,35.89528683400505,0.0,0.0,0.0,0.0,0.0,5.41499046939678,0.0,26.334663090768867,30.33183534230805,0.0,0.0,0.0,0.0,5.41499046939678,0.0,5.563451491696996,0.0,0.0,51.10304694137992,0.0,0.0,0.0,0.0,1.6910648148148149,0.0,10.55199074074074,0.0,6.673611111111112,0.0,0.4,10,0,0,0,0,0,0,1,0,1,0,0,0,0,0,0,0,0,0,0,1.7967845989781952,1,2.9841000000000015,45.14200000000003
"1,2,4-TRIMETHYLBENZENE",2.2037037037037037,2.2037037037037037,1.345462962962963,1.345462962962963,0.4933927122974484,9.666666666666666,120.19499999999998,108.09899999999998,120.093900384,48,-0.03950156209354446,-0.059043013944034425,0.059043013944034425,0.03950156209354446,0.8888888888888888,1.5555555555555556,2.0,13.946263183397173,10.082116398408997,1.8851595102255816,-1.9790456865146864,2.0706808331741313,-1.7941192218676627,5.28233709506377,1.3000507270249129,1.7965675742516067,3.171678030440915,211.2783370413565,6.8533711511285205,6.232050807568878,6.232050807568878,4.198377302757662,3.2380338717125854,3.2380338717125854,2.5877132402714715,2.5877132402714715,1.6624107643699335,1.6624107643699335,0.891346035225553,0.891346035225553,-0.78,6.341654501216546,2.218872016802184,1.3174550052099938,56.52622946268678,0.0,0.0,0.0,0.0,0.0,0.0,0.0,0.0,0.0,0.0,23.762552697081826,31.898114582465862,0.0,0.0,0.0,0.0,0.0,0.0,0.0,20.771211599071872,0.0,34.88945568047582,0.0,0.0,0.0,0.0,0.0,0.0,20.771211599071872,16.690354475090988,18.19910120538483,0.0,0.0,0.0,0.0,0.0,0.0,16.690354475090988,0.0,0.0,38.9703128044567,0.0,0.0,0.0,0.0,4.105277777777778,0.0,6.502314814814815,0.0,6.392407407407408,0.0,0.3333333333333333,9,0,0,0,0,0,0,1,0,1,0,0,0,0,0,0,0,0,0,0,1.563479968108556,1,2.611860000000001,40.65300000000001
MESITYLENE,2.1875,2.1875,1.3541666666666667,1.3541666666666667,0.4933927122974484,9.666666666666666,120.19499999999998,108.09899999999998,120.093900384,48,-0.03975468316246081,-0.05636528474297494,0.05636528474297494,0.03975468316246081,0.6666666666666666,0.8888888888888888,1.1111111111111112,13.931089724094372,10.097584126925678,1.8688928645621976,-1.9646511704342249,2.057339500550052,-1.776682551789754,5.266192904514403,1.3221483571171524,1.5880914479405832,3.165670309917317,160.80051514850786,6.8533711511285205,6.232050807568878,6.232050807568878,4.1815405503520555,3.2320508075688776,3.2320508075688776,2.6650635094610973,2.6650635094610973,1.366025403784439,1.366025403784439,1.2023502691896262,1.2023502691896262,-0.78,6.341654501216546,2.218872016802184,1.5627607309331124,56.52622946268678,0.0,0.0,0.0,0.0,0.0,0.0,0.0,0.0,0.0,0.0,34.88945568047582,20.771211599071872,0.0,0.0,0.0,0.0,0.0,0.0,0.0,20.771211599071872,0.0,34.88945568047582,0.0,0.0,0.0,0.0,0.0,0.0,20.771211599071872,16.690354475090988,18.19910120538483,0.0,0.0,0.0,0.0,0.0,0.0,16.690354475090988,0.0,0.0,38.9703128044567,0.0,0.0,0.0,0.0,4.062500000000001,0.0,6.5625,0.0,6.375,0.0,0.3333333333333333,9,0,0,0,0,0,0,1,0,1,0,0,0,0,0,0,0,0,0,0,1.563479968108556,1,2.611860000000001,40.65300000000001
P-XYLENE,2.1203703703703702,2.1203703703703702,1.3292592592592594,1.3292592592592594,0.4757576853403211,9.25,106.16799999999999,96.08799999999998,106.07825032,42,-0.03977419408172197,-0.05906257918023874,0.05906257918023874,0.03977419408172197,0.75,1.0,1.25,13.857926266609581,10.169746472097968,1.793218016453732,-1.8950191180357163,1.9882406125405068,-1.700595642224136,5.189391809591327,1.3985363743774326,1.769973094021975,3.0324555320336755,138.89811391899892,5.983127663125442,5.309401076758503,5.309401076758503,3.787693700234704,2.8213672050459184,2.8213672050459184,2.154700538379252,2.154700538379252,1.2182335127930843,1.2182335127930843,0.63689453417432,0.63689453417432,-0.78,5.358504155124653,1.9937447122872558,1.0935372033822537,50.16128734829018,0.0,0.0,0.0,0.0,0.0,0.0,0.0,0.0,0.0,0.0,35.392371257240434,13.847474399381248,0.0,0.0,0.0,0.0,0.0,0.0,0.0,13.847474399381248,0.0,35.392371257240434,0.0,0.0,0.0,0.0,0.0,0.0,13.847474399381248,11.126902983393991,24.26546827384644,0.0,0.0,0.0,0.0,0.0,0.0,11.126902983393991,0.0,0.0,38.112942673227685,0.0,0.0,0.0,0.0,2.6585185185185187,0.0,8.481481481481481,0.0,4.193333333333333,0.0,0.25,8,0,0,0,0,0,0,1,0,1,0,0,0,0,0,0,0,0,0,0,1.335436165631133,1,2.30344,35.916
ISOPROPYLBENZENE,2.2037037037037037,2.2037037037037037,0.6585185185185185,0.6585185185185185,0.5342617380464315,10.11111111111111,120.19499999999995,108.09899999999998,120.093900384,48,-0.021882385616707155,-0.06224839474669082,0.06224839474669082,0.021882385616707155,1.0,1.5555555555555556,1.8888888888888888,13.983798911609123,10.043796192452598,1.9286570571247514,-2.0116432956174233,2.1112383174930924,-1.8293344608817792,5.170386827578657,0.8666303746678077,1.9003726279897948,2.848234050597751,162.65300142116237,6.69023444431199,5.964101615137756,5.964101615137756,4.304530452640311,3.354059275497024,3.354059275497024,2.565384140902212,2.565384140902212,1.4662391580785155,1.4662391580785155,0.8379390982585982,0.8379390982585982,-0.78,6.341654501216546,2.6743372612696805,1.5627607309331124,56.52622946268678,0.0,0.0,0.0,0.0,0.0,0.0,0.0,0.0,0.0,0.0,44.179309741689295,11.48135753785839,0.0,0.0,0.0,0.0,0.0,0.0,0.0,19.76538044554264,0.0,35.89528683400505,0.0,0.0,0.0,0.0,0.0,0.0,0.0,25.328831937239634,30.33183534230805,0.0,0.0,0.0,0.0,5.917906046161393,0.0,5.563451491696996,0.0,6.06636706846161,38.112942673227685,0.0,0.0,0.0,0.0,1.414351851851852,0.6585185185185185,10.51972222222222,0.0,4.407407407407407,0.0,0.3333333333333333,9,0,0,0,0,0,0,1,0,1,0,0,0,0,0,1,0,0,0,0,1.884413658966889,1,2.8100000000000014,40.53100000000002
M-XYLENE,2.1666666666666665,2.1666666666666665,1.3379629629629632,1.3379629629629632,0.475757685340321,9.25,106.16799999999998,96.08799999999998,106.07825032,42,-0.03976460504894693,-0.06174087142677341,0.06174087142677341,0.03976460504894693,1.0,1.5,1.75,13.866097802962315,10.161620655442984,1.8019696433634882,-1.9025751468103107,1.9954308850121383,-1.70976356612192,5.197667924264775,1.3865224211680838,1.6423714487439025,3.077660437970554,159.89811391899892,5.983127663125442,5.309401076758503,5.309401076758503,3.7876937002347035,2.8213672050459184,2.8213672050459184,2.1581548620732005,2.1581548620732005,1.1735753140545637,1.1735753140545637,0.8070155245349351,0.8070155245349351,-0.78,5.358504155124653,1.9937447122872558,1.0935372033822537,50.16128734829018,0.0,0.0,0.0,0.0,0.0,0.0,0.0,0.0,0.0,0.0,35.392371257240434,13.847474399381248,0.0,0.0,0.0,0.0,0.0,0.0,0.0,13.847474399381248,0.0,35.392371257240434,0.0,0.0,0.0,0.0,0.0,0.0,13.847474399381248,11.126902983393991,24.26546827384644,0.0,0.0,0.0,0.0,0.0,0.0,11.126902983393991,0.0,0.0,38.112942673227685,0.0,0.0,0.0,0.0,2.6759259259259265,0.0,8.449074074074073,0.0,4.208333333333333,0.0,0.25,8,0,0,0,0,0,0,1,0,1,0,0,0,0,0,0,0,0,0,0,1.335436165631133,1,2.30344,35.916000000000004
TETRALIN,2.258425925925926,2.258425925925926,1.3017592592592593,1.3017592592592593,0.5086297206140044,16.4,132.20599999999996,120.10999999999997,132.093900384,52,-0.027602666714009613,-0.06197440256795898,0.06197440256795898,0.027602666714009613,0.8,1.3,1.8,14.108498318975963,9.920457715284005,2.0543001063209307,-2.133853191351855,2.191966859421298,-2.0031930752971885,5.282254731517717,0.6854657156513605,2.0504144813943355,2.414292094177304,200.23484899951498,6.811554787871634,6.137828201504693,6.137828201504693,4.9663264951887856,4.034457050376173,4.034457050376173,2.9758171096315813,2.9758171096315813,2.26061613165652,2.26061613165652,1.6761768643159767,1.6761768643159767,-0.78,5.964482443005351,2.4517901863265905,0.9420016699918123,61.88534042355416,0.0,0.0,0.0,0.0,0.0,0.0,0.0,0.0,0.0,0.0,24.26546827384644,36.81018947509803,0.0,0.0,0.0,0.0,0.0,0.0,0.0,25.683286491704038,0.0,35.392371257240434,0.0,0.0,0.0,0.0,0.0,12.841643245852019,0.0,23.96854622924601,24.26546827384644,0.0,0.0,0.0,0.0,0.0,0.0,25.683286491704038,11.126902983393991,0.0,24.26546827384644,0.0,0.0,0.0,0.0,3.155092592592593,0.0,8.802870370370371,5.37537037037037,0.0,0.0,0.4,10,0,0,1,0,1,0,1,0,1,0,0,0,0,0,0,0,0,0,0,1.4623659520277767,2,2.5654000000000003,43.084000000000024
XYLENE,2.1203703703703702,2.1203703703703702,1.3680555555555558,1.3680555555555558,0.4757576853403211,9.25,106.16799999999999,96.08799999999998,106.07825032,42,-0.039511492179969666,-0.06198519188632999,0.06198519188632999,0.039511492179969666,0.875,1.25,1.5,13.895388335812484,10.131972178262572,1.8333702494943922,-1.930148756070286,2.0210545658514985,-1.7433360304648589,5.2277847976727765,1.342538972786028,1.7681772153059907,3.134861511345448,156.14811391899892,5.983127663125442,5.309401076758503,5.309401076758503,3.804530452640311,2.827350269189626,2.827350269189626,2.084258916577523,2.084258916577523,1.425569668769133,1.425569668769133,0.6626779572375285,0.6626779572375285,-0.78,5.358504155124653,1.9937447122872558,0.8900073912094391,50.16128734829018,0.0,0.0,0.0,0.0,0.0,0.0,0.0,0.0,0.0,0.0,24.26546827384644,24.974377382775238,0.0,0.0,0.0,0.0,0.0,0.0,0.0,13.847474399381248,0.0,35.392371257240434,0.0,0.0,0.0,0.0,0.0,0.0,13.847474399381248,11.126902983393991,24.26546827384644,0.0,0.0,0.0,0.0,0.0,0.0,11.126902983393991,0.0,0.0,38.112942673227685,0.0,0.0,0.0,0.0,2.7361111111111116,0.0,8.356481481481481,0.0,4.2407407407407405,0.0,0.25,8,0,0,0,0,0,0,1,0,1,0,0,0,0,0,0,0,0,0,0,1.335436165631133,1,2.30344,35.916
ETHYLBENZENE,2.162037037037037,2.162037037037037,1.1397222222222223,1.1397222222222223,0.5147578217927745,9.125,106.16799999999996,96.08799999999998,106.07825032,42,-0.03074408282510195,-0.06224874165506165,0.06224874165506165,0.03074408282510195,1.125,1.75,2.125,13.856596938329892,10.170710312539828,1.7943577512861228,-1.8917512520057715,1.9631405576194025,-1.73342650034674,5.1331381704563555,1.140415220080154,1.9034911933164034,2.8320858350070908,141.38429890473827,5.819990956308912,5.093858127134677,5.093858127134677,3.931851652578137,2.971343774302781,2.971343774302781,1.839151950246763,1.839151950246763,1.251072952541352,1.251072952541352,0.7137128315712066,0.7137128315712066,-0.78,5.358504155124653,2.50834780755501,1.0935372033822537,50.16128734829017,0.0,0.0,0.0,0.0,0.0,0.0,0.0,0.0,0.0,0.0,37.255572541998674,11.984273114623004,0.0,0.0,0.0,0.0,0.0,0.0,0.0,13.344558822616634,0.0,35.89528683400505,0.0,0.0,0.0,0.0,0.0,6.4208216229260096,0.0,12.487188691387619,30.33183534230805,0.0,0.0,0.0,0.0,0.0,6.4208216229260096,5.563451491696996,0.0,6.06636706846161,31.18920547353706,0.0,0.0,0.0,0.0,1.4097222222222223,0.0,10.455185185185186,1.1397222222222223,2.162037037037037,0.0,0.25,8,0,0,0,0,0,0,1,0,1,0,0,0,0,0,1,0,0,0,0,1.6801240186601667,1,2.2490000000000006,35.82
O-XYLENE,2.1203703703703702,2.1203703703703702,1.3680555555555558,1.3680555555555558,0.4757576853403211,9.25,106.16799999999999,96.08799999999998,106.07825032,42,-0.039511492179969666,-0.06198519188632999,0.06198519188632999,0.039511492179969666,0.875,1.25,1.5,13.895388335812484,10.131972178262572,1.8333702494943922,-1.930148756070286,2.0210545658514985,-1.7433360304648589,5.2277847976727765,1.342538972786028,1.7681772153059907,3.134861511345448,156.14811391899892,5.983127663125442,5.309401076758503,5.309401076758503,3.804530452640311,2.827350269189626,2.827350269189626,2.084258916577523,2.084258916577523,1.425569668769133,1.425569668769133,0.6626779572375285,0.6626779572375285,-0.78,5.358504155124653,1.9937447122872558,0.8900073912094391,50.16128734829018,0.0,0.0,0.0,0.0,0.0,0.0,0.0,0.0,0.0,0.0,24.26546827384644,24.974377382775238,0.0,0.0,0.0,0.0,0.0,0.0,0.0,13.847474399381248,0.0,35.392371257240434,0.0,0.0,0.0,0.0,0.0,0.0,13.847474399381248,11.126902983393991,24.26546827384644,0.0,0.0,0.0,0.0,0.0,0.0,11.126902983393991,0.0,0.0,38.112942673227685,0.0,0.0,0.0,0.0,2.7361111111111116,0.0,8.356481481481481,0.0,4.2407407407407405,0.0,0.25,8,0,0,0,0,0,0,1,0,1,0,0,0,0,0,0,0,0,0,0,1.335436165631133,1,2.30344,35.916
TOLUENE,2.0833333333333335,2.0833333333333335,1.3217592592592595,1.3217592592592595,0.4588062796575455,8.714285714285714,92.14099999999999,84.07699999999998,92.062600256,36,-0.039774526323627504,-0.06224908578199481,0.06224908578199481,0.039774526323627504,1.0,1.5714285714285714,1.8571428571428572,13.782105281259431,10.2446262174219,1.7152546995077484,-1.8223238719751815,1.9162789955764012,-1.6221555927559288,5.11182720852277,1.475756642372446,1.6856161633204378,3.0214653097240864,129.96566024533826,5.112884175122364,4.386751345948129,4.386751345948129,3.393846850117352,2.4106836025229597,2.4106836025229597,1.654700538379252,1.654700538379252,0.9404557350153064,0.9404557350153064,0.5343778974176118,0.5343778974176118,-0.78,4.380771704180065,1.7832860398554335,1.0382641324115067,43.79634523389357,0.0,0.0,0.0,0.0,0.0,0.0,0.0,0.0,0.0,0.0,35.89528683400505,6.923737199690624,0.0,0.0,0.0,0.0,0.0,0.0,0.0,6.923737199690624,0.0,35.89528683400505,0.0,0.0,0.0,0.0,0.0,0.0,6.923737199690624,5.563451491696996,30.33183534230805,0.0,0.0,0.0,0.0,0.0,0.0,5.563451491696996,0.0,18.19910120538483,19.056471336613843,0.0,0.0,0.0,0.0,1.3217592592592595,0.0,10.261574074074074,0.0,2.0833333333333335,0.0,0.14285714285714285,7,0,0,0,0,0,0,1,0,1,0,0,0,0,0,0,0,0,0,0,1.1160241462654295,1,1.99502,31.17899999999999
BENZENE,2.0,2.0,2.0,2.0,0.4426283718993647,8.0,78.11399999999999,72.06599999999999,78.046950192,30,-0.062268570782092456,-0.062268570782092456,0.062268570782092456,0.062268570782092456,0.3333333333333333,0.5,0.6666666666666666,13.646993161855445,10.379006838144555,1.5737245910733604,-1.6942617326375449,1.794093161855452,-1.4738931618554547,4.985993161855456,1.718006838144549,1.719973094021975,3.000000000000001,71.96100505779535,4.242640687119286,3.464101615137755,3.464101615137755,3.0,2.0000000000000004,2.0000000000000004,1.1547005383792521,1.1547005383792521,0.6666666666666671,0.6666666666666671,0.38490017945975075,0.38490017945975075,-0.78,3.4115708812260532,1.6057694396735218,0.5823992601400448,37.43140311949697,0.0,0.0,0.0,0.0,0.0,0.0,0.0,0.0,0.0,0.0,36.39820241076966,0.0,0.0,0.0,0.0,0.0,0.0,0.0,0.0,0.0,0.0,36.39820241076966,0.0,0.0,0.0,0.0,0.0,0.0,0.0,0.0,36.39820241076966,0.0,0.0,0.0,0.0,0.0,0.0,0.0,0.0,36.39820241076966,0.0,0.0,0.0,0.0,0.0,0.0,0.0,12.0,0.0,0.0,0.0,0.0,6,0,0,0,0,0,0,1,0,1,0,0,0,0,0,0,0,0,0,0,0.9130327103921437,1,1.6866,26.441999999999993
PROPANOIC ACID,9.368055555555555,9.368055555555555,0.2222222222222221,-0.74537037037037,0.4908446664452931,7.4,74.079,68.031,74.036779432,30,0.30255843749205596,-0.4812379170193394,0.4812379170193394,0.30255843749205596,2.0,2.2,2.2,16.365026720551658,10.520033180841269,1.8038776923605175,-1.7142549621177312,1.6671241453129713,-1.8648595675508879,5.655632415552586,-0.13611234592932717,1.3787834934861756,2.847378923087672,40.1577218810798,4.284457050376173,3.0625686671503685,3.0625686671503685,2.270055610029662,1.4883911147617317,1.4883911147617317,0.7472919338166267,0.7472919338166267,0.30245145030582543,0.30245145030582543,0.0,0.0,-0.53,4.469999999999999,1.7581844380403455,3.469999999999999,30.42489110886254,5.106527394840706,0.0,0.0,0.0,0.0,5.969305287951849,4.794537184071822,0.0,0.0,0.0,6.923737199690624,0.0,6.4208216229260096,0.0,9.901064578912528,5.969305287951849,0.0,0.0,0.0,13.344558822616634,0.0,0.0,0.0,0.0,0.0,0.0,11.075832682792555,4.794537184071822,0.0,13.344558822616634,0.0,37.3,5.969305287951849,4.794537184071822,6.4208216229260096,0.0,0.0,0.0,6.923737199690624,0.0,0.0,5.106527394840706,0.0,9.368055555555555,7.722222222222222,0.0,-0.74537037037037,0.0,0.2222222222222221,1.599537037037037,0.0,0.6666666666666666,5,1,2,0,0,0,0,0,0,0,0,1,1,2,0,1,0,0,0,0,1.5718168876080685,0,0.481,17.9268
DIBUTYLETHER,5.314444444444444,5.314444444444444,0.9548611111111112,0.9548611111111112,0.5020748997224442,10.0,130.231,112.08699999999997,130.135765196,56,0.046543272315233225,-0.3814528145933262,0.3814528145933262,0.046543272315233225,0.8888888888888888,1.3333333333333333,1.6666666666666667,16.472849163469363,10.333412058370572,1.8395024414833718,-1.9905808507827512,1.9077081599186936,-1.946512816607828,4.333957112224253,0.12823474982407,1.88523483624215,2.595082706793886,37.832293921787276,6.949747468305834,6.650888977583149,6.650888977583149,4.414213562373095,3.9915638315627207,3.9915638315627207,2.3194792168823417,2.3194792168823417,1.284457050376173,1.284457050376173,0.59486135244271,0.59486135244271,-0.04,8.960000000000003,7.960000000000003,7.9600000000000035,58.40739105811268,4.736862953800049,0.0,0.0,0.0,0.0,0.0,0.0,0.0,0.0,0.0,26.689117645233267,12.841643245852019,13.213763929025836,0.0,4.736862953800049,0.0,0.0,0.0,0.0,39.53076089108528,13.213763929025836,0.0,0.0,0.0,0.0,0.0,13.213763929025836,4.736862953800049,0.0,39.53076089108528,0.0,9.23,0.0,0.0,0.0,0.0,13.213763929025836,25.683286491704038,0.0,0.0,13.847474399381248,4.736862953800049,5.314444444444444,0.0,0.0,0.0,0.0,0.0,4.908411281179138,6.277144274376417,0.0,1.0,9,0,1,0,0,0,0,0,0,0,0,1,0,1,0,6,0,0,0,0,7.924622222222228,0,2.603200000000001,40.635000000000005
1-HEXYNE,4.964583333333334,4.964583333333334,0.9409722222222222,0.9409722222222222,0.35180438170232986,7.333333333333333,82.14599999999999,72.06599999999999,82.07825032,34,0.008590856339665517,-0.12010931716807507,0.12010931716807507,0.008590856339665517,1.6666666666666667,2.3333333333333335,2.5,13.763451003403995,10.261664084487075,1.7113597058051122,-1.7916049497757043,1.8813900915566895,-1.624168763504317,4.818690894842288,0.8283273726292318,1.6143308351592656,2.543857644448419,47.548875021634686,4.82842712474619,4.198670612749268,4.198670612749268,2.914213562373095,2.349335306374634,2.349335306374634,1.307677535825205,1.307677535825205,0.6746676531873169,0.6746676531873169,0.2788387679126026,0.2788387679126026,-0.44,5.559999999999999,4.559999999999998,3.5599999999999987,39.56318699167187,0.0,0.0,0.0,0.0,0.0,0.0,0.0,0.0,0.0,12.343784214475903,13.344558822616634,6.4208216229260096,6.4208216229260096,0.0,0.0,0.0,0.0,0.0,0.0,26.186202068468653,0.0,0.0,12.343784214475903,0.0,0.0,0.0,0.0,0.0,12.343784214475903,26.186202068468653,0.0,0.0,0.0,0.0,0.0,0.0,6.4208216229260096,12.841643245852019,0.0,0.0,12.844171518546268,6.423349895620259,0.0,0.0,0.0,0.0,2.568611111111111,0.0,8.29513888888889,2.13625,0.0,0.6666666666666666,6,0,0,0,0,0,0,0,0,0,0,0,0,0,0,2,0,0,0,0,4.225599999999997,0,1.8098,28.357999999999986
TRIETHYLAMINE,2.375,2.375,1.1875,1.1875,0.5183748699715436,10.285714285714286,101.193,86.07299999999998,101.12044947999999,44,-0.004743854124823915,-0.3041599430182366,0.3041599430182366,0.004743854124823915,0.8571428571428571,1.1428571428571428,1.1428571428571428,15.095800026612185,10.497093103819521,1.886485786195021,-2.1286089365787904,1.8114384649611264,-2.2112352906930974,4.433272057859492,0.3209274290262549,1.719973094021975,2.9923028831940863,25.651484454403228,5.698670612749268,5.5685339390596,5.5685339390596,3.3460652149512318,3.0700036416101564,3.0700036416101564,1.6195036913004504,1.6195036913004504,1.3416407864998734,1.3416407864998734,0.6708203932499367,0.6708203932499367,-0.04,6.96,4.127785234899329,2.6311409395973158,46.323795270015964,4.899909730850478,0.0,0.0,0.0,0.0,0.0,0.0,0.0,0.0,0.0,20.771211599071872,19.634269217737724,0.0,0.0,0.0,0.0,0.0,4.899909730850478,0.0,20.771211599071872,19.634269217737724,0.0,0.0,0.0,0.0,0.0,24.534178948588206,0.0,0.0,20.771211599071872,0.0,3.24,0.0,0.0,0.0,0.0,0.0,19.634269217737724,0.0,0.0,25.67112132992235,0.0,0.0,2.375,0.0,0.0,0.0,0.0,0.0,10.125,0.0,1.0,7,0,1,0,0,0,0,0,0,0,0,1,0,1,0,3,0,0,0,0,4.104197890699904,0,1.3481,33.46199999999998
ANISOLE,4.914166666666667,4.914166666666667,0.9097222222222223,0.9097222222222223,0.5316253154127668,8.625,108.13999999999997,100.07599999999998,108.057514876,42,0.11835771513702235,-0.4967685686134767,0.4967685686134767,0.11835771513702235,1.125,1.75,2.125,16.465240463867097,10.341905912721627,1.7971474404811068,-1.9345412245137041,2.0496311270648695,-1.7796390621257159,5.198905536384115,0.4145702171982055,1.9034911933164034,2.8320858350070908,145.73281445033504,5.819990956308912,4.794999636411992,4.794999636411992,3.931851652578137,2.5230560382187543,2.5230560382187543,1.5171766748170736,1.5171766748170736,0.9789074255654433,0.9789074255654433,0.5565779913075294,0.5565779913075294,-0.9800000000000001,5.162450142450142,2.3586048594225155,0.9971092570832982,48.90989046340045,4.736862953800049,5.749511833283905,0.0,0.0,0.0,0.0,0.0,0.0,0.0,0.0,18.19910120538483,12.13273413692322,0.0,7.109797541277533,4.736862953800049,0.0,0.0,0.0,0.0,0.0,7.109797541277533,30.33183534230805,5.749511833283905,4.736862953800049,0.0,5.749511833283905,7.109797541277533,0.0,0.0,0.0,30.33183534230805,9.23,0.0,0.0,0.0,0.0,5.749511833283905,0.0,7.109797541277533,30.33183534230805,0.0,4.736862953800049,4.914166666666667,0.0,0.0,0.0,0.9097222222222223,9.680740740740742,0.0,0.0,1.662037037037037,0.14285714285714285,8,0,1,0,0,0,0,1,0,1,0,1,0,1,0,1,0,0,0,0,1.5220224990636704,1,1.6952,32.99399999999999
ETHYL PHENYL ETHER,5.2058333333333335,5.2058333333333335,0.7400925925925926,0.7400925925925926,0.5832071586937729,9.0,122.16699999999996,112.08699999999997,122.07316494,48,0.11876930548015822,-0.49389011429960394,0.49389011429960394,0.11876930548015822,1.2222222222222223,1.8888888888888888,2.4444444444444446,16.476003995268037,10.338990687468797,1.8328895846067013,-1.9861953922823021,2.0637466656506582,-1.8880488950856402,5.201365463441659,0.34003308027213747,1.9100860088599136,2.61489994009295,157.4784207656209,6.52709773749546,5.50210641759854,5.50210641759854,4.431851652578137,3.1105896635362518,3.1105896635362518,1.7460652314773615,1.7460652314773615,1.0542093991340007,1.0542093991340007,0.6833869393511794,0.6833869393511794,-0.9800000000000001,6.144688279301746,3.1269217948780974,1.7620129800279678,55.274832577797056,4.736862953800049,5.749511833283905,0.0,0.0,0.0,0.0,0.0,0.0,0.0,0.0,18.19910120538483,19.056471336613843,0.0,6.606881964512918,4.736862953800049,0.0,0.0,0.0,0.0,6.923737199690624,6.606881964512918,30.33183534230805,5.749511833283905,4.736862953800049,0.0,5.749511833283905,6.606881964512918,0.0,0.0,6.923737199690624,30.33183534230805,9.23,0.0,0.0,0.0,0.0,12.356393797796823,0.0,0.0,37.255572541998674,0.0,4.736862953800049,5.2058333333333335,0.0,0.0,0.0,0.9444444444444446,9.79712962962963,0.0,2.7192592592592595,0.0,0.25,9,0,1,0,0,0,0,1,0,1,0,1,0,1,0,2,0,0,0,0,2.1348844114756247,1,2.0853,37.61100000000001
DIPROPYLAMINE,3.2847222222222223,3.2847222222222223,1.1744444444444444,1.1744444444444444,0.5276462374247944,9.428571428571429,101.193,86.073,101.12044947999999,44,-0.005155141548156406,-0.31675342986641986,0.31675342986641986,0.005155141548156406,1.0,1.4285714285714286,1.7142857142857142,14.83541157528076,10.418698493289993,1.761198690315228,-1.951779232084182,1.7111699279122135,-2.1406570682690096,4.394448740951777,0.6616353854128896,1.690933805959686,2.447472887876344,23.360990398949916,5.535533905932738,5.32842712474619,5.32842712474619,3.414213562373095,3.1213203435596424,3.1213203435596424,1.7499999999999996,1.7499999999999996,0.8535533905932735,0.8535533905932735,0.4785533905932736,0.4785533905932736,-0.04,6.96,5.959999999999999,5.960000000000001,46.11382378342063,5.316788604006331,0.0,0.0,0.0,0.0,0.0,0.0,0.0,0.0,0.0,13.847474399381248,25.93115605767717,0.0,0.0,0.0,0.0,0.0,5.316788604006331,0.0,26.689117645233267,13.08951281182515,0.0,0.0,5.316788604006331,0.0,0.0,13.08951281182515,0.0,0.0,26.689117645233267,0.0,12.03,0.0,0.0,0.0,0.0,0.0,25.93115605767717,0.0,0.0,19.16426300338758,0.0,0.0,0.0,3.2847222222222223,0.0,0.0,0.0,2.5,6.715277777777777,0.0,1.0,7,1,1,0,0,0,0,0,0,0,0,1,1,1,0,4,0,0,0,0,5.925942857142856,0,1.396,33.45169999999999
DIISOPROPYL ETHER,5.25,5.25,0.3749999999999998,0.3749999999999998,0.5164411302422238,11.142857142857142,102.17699999999999,88.065,102.104465068,44,0.052185621038162336,-0.37614367594581366,0.37614367594581366,0.052185621038162336,0.8571428571428571,1.1428571428571428,1.1428571428571428,16.49500987386878,10.407647540679555,1.9361064839679714,-2.0886679113802384,1.9267050351083734,-2.088649795484417,4.396943927974851,0.02998594211953486,1.272905595320056,2.9532231745612925,33.44467835888275,5.8618073195657985,5.562948828843115,5.562948828843115,3.125897657686229,2.780805597549535,2.780805597549535,2.2335923434492697,2.2335923434492697,0.5443310539518176,0.5443310539518176,0.5443310539518176,0.5443310539518176,-0.04,6.96,3.026851631655436,5.960000000000001,45.677506829319455,4.736862953800049,0.0,0.0,0.0,0.0,0.0,0.0,0.0,0.0,0.0,0.0,27.694948798762496,0.0,12.207932775496605,4.736862953800049,0.0,0.0,0.0,0.0,39.9028815742591,0.0,0.0,0.0,0.0,0.0,0.0,12.207932775496605,4.736862953800049,0.0,27.694948798762496,0.0,9.23,0.0,0.0,0.0,12.207932775496605,0.0,0.0,0.0,27.694948798762496,0.0,4.736862953800049,5.25,0.0,0.0,0.0,0.0,0.0,0.7499999999999997,8.166666666666666,0.0,1.0,7,0,1,0,0,0,0,0,0,0,0,1,0,1,0,2,0,0,0,0,3.0095553366174053,0,1.8197999999999999,31.356999999999978
METHYL BENZOATE,10.791203703703705,10.791203703703705,0.2911111111111109,-0.2911111111111109,0.546322425537599,8.9,136.14999999999998,128.08599999999998,136.052429496,52,0.33734142683544294,-0.4654175231959395,0.4654175231959395,0.33734142683544294,1.3,1.9,2.4,16.523255021680306,10.213460704055969,2.000367252300611,-1.9490312776571552,1.9831694841140413,-1.9899272454702737,5.885796167027513,0.0600517955700555,2.048167390601267,2.8526279288191434,215.9590174505521,7.397341225498538,5.703247926875856,5.703247926875856,4.842535255101096,2.977180183450686,2.977180183450686,1.8576070275816354,1.8576070275816354,1.1948867346934546,1.1948867346934546,0.6920867462383864,0.6920867462383864,-1.31,6.805074798619103,3.011779444695785,1.34501586290279,59.43635467784082,4.736862953800049,0.0,0.0,0.0,0.0,5.969305287951849,0.0,4.794537184071822,0.0,0.0,18.19910120538483,12.13273413692322,0.0,12.673249032974528,9.53140013787187,5.969305287951849,0.0,0.0,0.0,0.0,7.109797541277533,35.89528683400505,0.0,0.0,0.0,0.0,13.079102829229383,4.736862953800049,0.0,10.357988675768818,30.33183534230805,26.3,0.0,4.794537184071822,5.969305287951849,5.563451491696996,0.0,7.109797541277533,24.26546827384644,6.06636706846161,4.736862953800049,0.0,4.497314814814814,10.791203703703705,0.0,0.5879629629629632,-0.2911111111111109,8.877592592592592,0.0,0.0,1.3703703703703702,0.125,10,0,2,0,0,0,0,1,0,1,0,2,0,2,0,1,0,0,0,0,2.049538439809832,1,1.4732,37.781500000000015
PENTYL ETHANOATE,10.184675453514739,10.184675453514739,0.17490457294028694,-0.17490457294028694,0.42771974072641583,9.11111111111111,130.18699999999998,116.07499999999997,130.099379688,54,0.3021228679209696,-0.4658776881575565,0.4658776881575565,0.3021228679209696,1.4444444444444444,2.111111111111111,2.5555555555555554,16.531451740383403,10.259840941051534,1.893280598165248,-1.9768003008082362,1.9298861802459668,-1.9910506667858903,5.653172443634007,-0.14056845918091312,1.8005768964064195,2.8288681349096856,78.98533616859814,7.112884175122364,6.144923705673916,6.144923705673916,4.270055610029662,3.4040302062452237,3.4040302062452237,2.0471501175130817,2.0471501175130817,1.0532161629029313,1.0532161629029313,0.5679595955473014,0.5679595955473014,-0.53,8.470000000000002,5.603868808567606,7.470000000000003,56.20397104375984,4.736862953800049,0.0,0.0,0.0,0.0,5.969305287951849,4.794537184071822,0.0,0.0,0.0,19.765380445542643,6.4208216229260096,6.923737199690624,6.606881964512918,9.53140013787187,5.969305287951849,0.0,0.0,0.0,33.10993926815928,6.606881964512918,0.0,0.0,0.0,0.0,0.0,12.576187252464766,9.53140013787187,0.0,33.10993926815928,0.0,26.3,0.0,4.794537184071822,5.969305287951849,6.606881964512918,12.841643245852019,13.344558822616634,0.0,0.0,6.923737199690624,4.736862953800049,4.705,10.184675453514739,0.0,0.0,-0.17490457294028694,0.0,3.3101436130007555,4.141752173091459,0.0,0.8571428571428571,9,0,2,0,0,0,0,0,0,0,0,2,0,2,0,4,0,0,0,0,5.2738632009519595,0,1.7397,36.157999999999994
BUTYL ETHANOATE,10.096346371882085,10.096346371882085,0.18199074074074062,-0.18199074074074062,0.4106841127563541,8.75,116.15999999999998,104.06399999999998,116.083729624,48,0.3021228665755719,-0.46587787390632607,0.46587787390632607,0.3021228665755719,1.625,2.25,2.625,16.531446401176886,10.359489559118819,1.8756739672666687,-1.9592890193015746,1.8631937201423308,-1.9862710529642575,5.653159339149835,-0.14054059256939685,1.6646727945202302,2.822354554248032,68.92878689342031,6.405777393935816,5.437816924487368,5.437816924487368,3.770055610029662,2.9040302062452232,2.9040302062452232,1.693596726919808,1.693596726919808,0.8032161629029312,0.8032161629029312,0.36023509022874206,0.36023509022874206,-0.53,7.470000000000001,4.624559505409582,5.469999999999999,49.83902892936323,4.736862953800049,0.0,0.0,0.0,0.0,5.969305287951849,4.794537184071822,0.0,0.0,0.0,13.344558822616634,6.4208216229260096,6.923737199690624,6.606881964512918,9.53140013787187,5.969305287951849,0.0,0.0,0.0,26.689117645233267,6.606881964512918,0.0,0.0,0.0,0.0,0.0,12.576187252464766,9.53140013787187,0.0,26.689117645233267,0.0,26.3,0.0,4.794537184071822,5.969305287951849,6.606881964512918,12.841643245852019,6.923737199690624,0.0,0.0,11.660600153490673,0.0,4.6433333333333335,10.096346371882085,0.0,0.0,-0.18199074074074062,0.0,2.0484722222222222,4.060505479969766,0.0,0.8333333333333334,8,0,2,0,0,0,0,0,0,0,0,2,0,2,0,3,0,0,0,0,4.318182438176198,0,1.3496000000000001,31.540999999999983
METHYL BUTANOATE,10.189583333333333,10.189583333333333,0.1226851851851849,-0.1226851851851849,0.485245073645189,8.285714285714286,102.13299999999998,92.05299999999998,102.06807956,42,0.30499121879740626,-0.46899555445129654,0.46899555445129654,0.30499121879740626,1.7142857142857142,2.2857142857142856,2.4285714285714284,16.522927795707158,10.346773011787448,1.9216259777301299,-1.9053755893724298,1.8636239604227558,-1.967764940986358,5.683969138452378,-0.14012500645099385,1.679822907155627,3.002590528674132,59.10049400592805,5.698670612749268,4.730710143300821,4.730710143300821,3.308060412490447,2.3771567527075472,2.3771567527075472,1.3261326131600775,1.3261326131600775,0.6817950458626713,0.6817950458626713,0.30618621784789724,0.30618621784789724,-0.53,6.47,3.6528153564899446,3.2963341491124023,43.47408681496663,4.736862953800049,0.0,0.0,0.0,0.0,5.969305287951849,4.794537184071822,0.0,0.0,0.0,6.923737199690624,6.4208216229260096,6.4208216229260096,7.109797541277533,9.53140013787187,5.969305287951849,0.0,0.0,0.0,19.765380445542643,7.109797541277533,0.0,0.0,0.0,0.0,0.0,13.079102829229383,9.53140013787187,0.0,19.765380445542643,0.0,26.3,0.0,4.794537184071822,5.969305287951849,6.4208216229260096,6.4208216229260096,7.109797541277533,0.0,6.923737199690624,4.736862953800049,0.0,4.351666666666667,10.189583333333333,0.0,0.0,-0.1226851851851849,0.0,1.405925925925926,1.9413888888888888,1.400787037037037,0.8,7,0,2,0,0,0,0,0,0,0,0,2,0,2,0,2,0,0,0,0,3.3762450509271345,0,0.9595,26.923999999999985
PROPYL ETHANOATE,9.980416666666667,9.980416666666667,0.19273148148148112,-0.19273148148148112,0.485245073645189,8.285714285714286,102.13299999999998,92.053,102.06807956,42,0.30212269736284525,-0.46588873984264995,0.46588873984264995,0.30212269736284525,1.7142857142857142,2.2857142857142856,2.4285714285714284,16.531408331943243,10.528939624075898,1.8500423804115531,-1.9332241587368821,1.7801275070333524,-1.9752776021580392,5.653106011739281,-0.14043901473445955,1.6121972227029933,2.8219389370591843,59.10049400592804,5.698670612749268,4.730710143300821,4.730710143300821,3.270055610029662,2.4040302062452232,2.4040302062452232,1.3400433363265343,1.3400433363265343,0.5094493502441827,0.5094493502441827,0.24579081189859814,0.24579081189859814,-0.53,6.47,3.6528153564899446,5.47,43.47408681496663,4.736862953800049,0.0,0.0,0.0,0.0,5.969305287951849,4.794537184071822,0.0,0.0,0.0,6.923737199690624,6.4208216229260096,6.923737199690624,6.606881964512918,9.53140013787187,5.969305287951849,0.0,0.0,0.0,20.268296022307258,6.606881964512918,0.0,0.0,0.0,0.0,0.0,12.576187252464766,9.53140013787187,0.0,20.268296022307258,0.0,26.3,0.0,4.794537184071822,5.969305287951849,6.606881964512918,6.4208216229260096,6.923737199690624,0.0,6.923737199690624,4.736862953800049,0.0,4.552083333333334,9.980416666666667,0.0,0.0,-0.19273148148148112,0.0,0.9023611111111111,3.924537037037037,0.0,0.8,7,0,2,0,0,0,0,0,0,0,0,2,0,2,0,2,0,0,0,0,3.3762450509271345,0,0.9595,26.923999999999985
O-NITROTOLUENE,10.227314814814815,10.227314814814815,0.18287037037037046,-0.37962962962962976,0.4379118656914492,9.3,137.138,130.082,137.047678464,52,0.271791321288604,-0.2583009410225935,0.271791321288604,0.2583009410225935,1.4,2.0,2.4,16.628304900813294,10.192854460907334,2.0544956939461456,-1.920843107939242,2.1438473590214118,-1.8898886273081268,5.376497496512294,-0.3850025183127909,1.8787445285930133,3.1529414466808685,257.53794892648057,7.560477932315068,5.5731112531861875,5.5731112531861875,4.71521405516327,2.9161054386097165,2.9161054386097165,2.0435964108163285,2.0435964108163285,1.312150503623306,1.312150503623306,0.7682703094874669,0.7682703094874669,-1.38,6.7360092807424605,2.4731969036707446,1.1271362188713587,58.44932095639337,0.0,0.0,0.0,0.0,5.687386274683562,0.0,10.114318268765572,0.0,0.0,0.0,18.19910120538483,6.923737199690624,11.629818560158606,4.923311048817671,4.923311048817671,5.687386274683562,0.0,0.0,0.0,6.923737199690624,0.0,39.943238034309005,0.0,0.0,5.687386274683562,0.0,4.923311048817671,0.0,17.038055468456196,5.563451491696996,24.26546827384644,43.14,0.0,10.114318268765572,10.610697323501233,5.563451491696996,0.0,6.06636706846161,25.122838405075452,0.0,0.0,0.0,0.0,9.847685185185185,10.227314814814815,0.8842592592592595,0.0,6.6537037037037035,0.0,1.7203703703703703,0.0,0.14285714285714285,10,0,3,0,0,0,0,1,0,1,0,2,0,3,0,1,0,0,0,0,1.6659477296229652,1,1.9032200000000001,37.83340000000001
METHYL PROPANOATE,9.958333333333334,9.958333333333334,0.157407407407407,-0.157407407407407,0.43785087777866244,7.666666666666667,88.106,80.042,88.052429496,36,0.30472073144092393,-0.46900295028300515,0.46900295028300515,0.30472073144092393,1.8333333333333333,2.3333333333333335,2.3333333333333335,16.522869370033764,10.512118003567068,1.870668997275968,-1.8675225081075373,1.7575525546136803,-1.944516245979505,5.680312931199207,-0.13969616300335452,1.6500224216483543,2.9881608821342693,43.50977500432694,4.99156383156272,4.023603362114274,4.023603362114274,2.808060412490447,1.8771567527075474,1.8771567527075474,0.9296860037533515,0.9296860037533515,0.5163460352255528,0.5163460352255528,0.14433756729740646,0.14433756729740646,-0.53,5.469999999999999,2.693713646532438,1.7581844380403455,37.10914470057002,4.736862953800049,0.0,0.0,0.0,0.0,5.969305287951849,4.794537184071822,0.0,0.0,0.0,6.923737199690624,0.0,6.4208216229260096,7.109797541277533,9.53140013787187,5.969305287951849,0.0,0.0,0.0,13.344558822616634,7.109797541277533,0.0,0.0,0.0,0.0,0.0,13.079102829229383,9.53140013787187,0.0,13.344558822616634,0.0,26.3,0.0,4.794537184071822,5.969305287951849,6.4208216229260096,0.0,7.109797541277533,6.923737199690624,0.0,4.736862953800049,0.0,4.260416666666667,9.958333333333334,0.0,0.0,-0.157407407407407,0.0,0.46875,1.755787037037037,1.380787037037037,0.75,6,0,2,0,0,0,0,0,0,0,0,2,0,2,0,1,0,0,0,0,2.455768941088739,0,0.5694,22.30699999999999
TETRAHYDROFURAN,4.944444444444445,4.944444444444445,1.0,1.0,0.41093760104934907,24.0,72.107,64.043,72.057514876,30,0.046638169849841704,-0.3814493819627182,0.3814493819627182,0.046638169849841704,1.0,1.6,1.8,16.478080853478218,10.39358404523885,1.9427470876857735,-1.764025781856996,1.9782597734636078,-1.743026702609948,4.431751901071205,0.19783349261359057,1.760495029766198,2.083333333333333,15.219280948873621,3.5355339059327378,3.236675415210053,3.236675415210053,2.5,2.0773502691896253,2.0773502691896253,1.319479216882342,1.319479216882342,0.8273502691896256,0.8273502691896256,0.5103103630798287,0.5103103630798287,-0.04,3.1616129032258065,1.4103121748178982,0.6183636836628511,31.941791446997026,4.736862953800049,0.0,0.0,0.0,0.0,0.0,0.0,0.0,0.0,0.0,0.0,12.841643245852019,13.213763929025836,0.0,4.736862953800049,0.0,0.0,0.0,0.0,12.841643245852019,13.213763929025836,0.0,0.0,0.0,0.0,0.0,13.213763929025836,4.736862953800049,0.0,12.841643245852019,0.0,9.23,0.0,0.0,0.0,0.0,13.213763929025836,12.841643245852019,0.0,0.0,0.0,4.736862953800049,4.944444444444445,0.0,0.0,0.0,0.0,0.0,2.5555555555555554,2.0,0.0,1.0,5,0,1,0,1,1,0,0,0,0,0,1,0,1,1,0,0,1,1,0,0.8917722338961432,1,0.7968,20.052999999999997
METHYL ETHANOATE,9.590277777777779,9.590277777777779,0.24537037037037002,-0.24537037037037002,0.38296659073251405,6.8,74.07900000000001,68.031,74.036779432,30,0.3018471669894446,-0.46919810705104836,0.46919810705104836,0.3018471669894446,1.8,2.0,2.0,16.522022615331466,10.833750311743813,1.752248095909371,-1.8043066100873448,1.5985862655729954,-1.8811948381223964,5.650646146969499,-0.1374500448790443,1.3787834934861756,2.8473789230876716,40.1577218810798,4.284457050376173,3.3164965809277263,3.3164965809277263,2.270055610029662,1.3164965809277263,1.3164965809277263,0.695705769029128,0.695705769029128,0.2874574785652649,0.2874574785652649,0.0,0.0,-0.53,4.469999999999999,1.7581844380403455,3.469999999999999,30.74420258617341,4.736862953800049,0.0,0.0,0.0,0.0,5.969305287951849,4.794537184071822,0.0,0.0,0.0,0.0,0.0,6.923737199690624,7.109797541277533,9.53140013787187,5.969305287951849,0.0,0.0,0.0,6.923737199690624,7.109797541277533,0.0,0.0,0.0,0.0,0.0,13.079102829229383,9.53140013787187,0.0,6.923737199690624,0.0,26.3,0.0,4.794537184071822,5.969305287951849,0.0,0.0,14.033534740968157,0.0,0.0,4.736862953800049,0.0,4.111111111111111,9.590277777777779,0.0,0.0,-0.24537037037037002,0.0,0.0,1.3611111111111112,1.349537037037037,0.6666666666666666,5,0,2,0,0,0,0,0,0,0,0,2,0,2,0,0,0,0,0,0,1.5718168876080685,0,0.17930000000000001,17.689999999999998
ETHYL ETHANOATE,9.821527777777778,9.821527777777778,0.21064814814814792,-0.21064814814814792,0.43785087777866244,7.666666666666667,88.106,80.04199999999999,88.052429496,36,0.30211277772699074,-0.4661718899744166,0.4661718899744166,0.30211277772699074,1.8333333333333333,2.3333333333333335,2.3333333333333335,16.530890923521223,10.769902048584518,1.8115671919809486,-1.889767490050901,1.6913973775510132,-1.9485172088790033,5.652796097040713,-0.13988766123000762,1.3485878960124225,2.831257109931365,49.50977500432694,4.99156383156272,4.023603362114274,4.023603362114274,2.770055610029662,1.9040302062452235,1.9040302062452235,0.9245943256894159,0.9245943256894159,0.3476006996936919,0.3476006996936919,0.20326313239628543,0.20326313239628543,-0.53,5.469999999999999,2.693713646532438,3.4699999999999998,37.10914470057002,4.736862953800049,0.0,0.0,0.0,0.0,5.969305287951849,4.794537184071822,0.0,0.0,0.0,0.0,6.923737199690624,6.923737199690624,6.606881964512918,9.53140013787187,5.969305287951849,0.0,0.0,0.0,13.847474399381248,6.606881964512918,0.0,0.0,0.0,0.0,0.0,12.576187252464766,9.53140013787187,0.0,13.847474399381248,0.0,26.3,0.0,4.794537184071822,5.969305287951849,6.606881964512918,0.0,6.923737199690624,6.923737199690624,0.0,4.736862953800049,0.0,4.402777777777778,9.821527777777778,0.0,0.0,-0.21064814814814792,0.0,0.0,3.6530092592592593,0.0,0.75,6,0,2,0,0,0,0,0,0,0,0,2,0,2,0,1,0,0,0,0,2.455768941088739,0,0.5694,22.30699999999999
DIETHYL ETHER,4.833333333333333,4.833333333333333,0.84375,0.84375,0.47526814893586516,8.4,74.123,64.04299999999999,74.07316494,32,0.043708412524692805,-0.3820258357826421,0.3820258357826421,0.043708412524692805,1.2,1.6,1.6,16.471489792223306,10.800690364709848,1.635249239958044,-1.8589755250228044,1.6400163366950407,-1.837381208276838,4.066771354077524,0.16176261138507,1.4056390622295665,2.19060968716425,11.119415478763749,4.121320343559642,3.822461852836958,3.822461852836958,2.414213562373095,1.9915638315627207,1.9915638315627207,0.7814744144215573,0.7814744144215573,0.408248290463863,0.408248290463863,0.2041241452319315,0.2041241452319315,-0.04,4.960000000000001,3.9600000000000004,3.9600000000000004,32.94762260052625,4.736862953800049,0.0,0.0,0.0,0.0,0.0,0.0,0.0,0.0,0.0,0.0,13.847474399381248,13.213763929025836,0.0,4.736862953800049,0.0,0.0,0.0,0.0,13.847474399381248,13.213763929025836,0.0,0.0,0.0,0.0,0.0,13.213763929025836,4.736862953800049,0.0,13.847474399381248,0.0,9.23,0.0,0.0,0.0,0.0,13.213763929025836,0.0,0.0,13.847474399381248,0.0,4.736862953800049,4.833333333333333,0.0,0.0,0.0,0.0,0.0,0.0,5.666666666666666,0.0,1.0,5,0,1,0,0,0,0,0,0,0,0,1,0,1,0,2,0,0,0,0,3.9283200000000007,0,1.0428000000000002,22.166999999999994
DIPHENYLETHER,5.578333333333333,5.578333333333333,0.8691666666666668,0.8691666666666668,0.6700363845267112,9.538461538461538,170.21099999999998,160.13099999999997,170.07316494,64,0.1269277489093993,-0.45738459774589524,0.45738459774589524,0.1269277489093993,0.5384615384615384,0.9230769230769231,1.3076923076923077,16.480495190988094,10.306353265168235,1.9198513149703766,-2.031129692123288,2.1887613306832687,-1.809828901342967,5.296597590150411,0.4824967262137583,2.2079419864076595,2.1614757505786617,315.89864866417315,8.932875131431278,7.181750982360123,7.181750982360123,6.449489742783179,4.229615495509782,4.229615495509782,2.7281671317862504,2.7281671317862504,1.722112590735371,1.722112590735371,1.1131559826150588,1.1131559826150588,-1.7599999999999993,7.866895638429664,3.7642110484220974,2.089799938442597,77.60204255506788,4.736862953800049,11.49902366656781,0.0,0.0,0.0,0.0,0.0,0.0,0.0,0.0,36.39820241076966,24.26546827384644,0.0,0.0,4.736862953800049,0.0,0.0,0.0,0.0,0.0,0.0,60.6636706846161,11.49902366656781,4.736862953800049,0.0,11.49902366656781,0.0,0.0,0.0,0.0,60.6636706846161,9.23,0.0,0.0,0.0,0.0,11.49902366656781,0.0,0.0,60.6636706846161,0.0,4.736862953800049,5.578333333333333,0.0,0.0,0.0,1.7383333333333337,19.516666666666666,0.0,0.0,0.0,0.0,13,0,1,0,0,0,0,2,0,2,0,1,0,1,0,2,0,0,0,0,2.277896575304658,2,3.478900000000001,52.95800000000003
CYCLOHEXANONE,10.463055555555556,10.463055555555556,0.4641203703703707,0.4641203703703707,0.448625540575247,22.571428571428573,98.145,88.06499999999998,98.07316494,40,0.13241132759858107,-0.2997179089731855,0.2997179089731855,0.13241132759858107,1.0,1.5714285714285714,1.8571428571428572,16.13789092737583,9.997576300258713,2.054314776810952,-2.0476118583191876,2.116969019379216,-2.0186618665215845,5.783227987090043,-0.11972648791267478,1.6856161633204378,2.2495440947344703,68.24920506009684,5.112884175122364,4.443782196396601,4.443782196396601,3.393846850117352,2.9112309264184786,2.9112309264184786,2.099335306374634,2.099335306374634,1.4112309264184788,1.4112309264184788,0.9461142625940431,0.9461142625940431,-0.33,4.8199250374812594,2.101967961325131,1.298148750019123,43.719652546327126,0.0,5.783244946364939,0.0,0.0,0.0,0.0,4.794537184071822,0.0,0.0,0.0,6.4208216229260096,12.841643245852019,12.841643245852019,0.0,4.794537184071822,5.783244946364939,0.0,0.0,0.0,32.10410811463005,0.0,0.0,0.0,0.0,0.0,0.0,5.783244946364939,4.794537184071822,0.0,32.10410811463005,0.0,17.07,0.0,4.794537184071822,0.0,5.783244946364939,25.683286491704038,6.4208216229260096,0.0,0.0,0.0,0.0,0.0,10.463055555555556,0.0,0.0,0.4641203703703707,0.0,5.23949074074074,0.0,0.0,0.8333333333333334,7,0,1,1,0,1,0,0,0,0,0,1,0,1,0,0,1,0,1,0,1.4473325721106343,1,1.5196,28.091999999999985
CYCLOPENTANONE,10.243055555555555,10.243055555555555,0.45370370370370394,0.45370370370370394,0.4296801032840841,22.333333333333332,84.118,76.05399999999999,84.057514876,34,0.13241174098098987,-0.2997179056395969,0.2997179056395969,0.13241174098098987,1.1666666666666667,1.6666666666666667,1.8333333333333333,16.138115168672947,10.357493667553983,2.068709157016927,-1.7106114043194847,2.109360468251137,-1.8130186227992746,5.794964874845796,-0.11686212346795587,1.8638263900908159,2.3673518510178746,58.33869642763737,4.405777393935816,3.736675415210053,3.736675415210053,2.893846850117352,2.4112309264184786,2.4112309264184786,1.7457819157813603,1.7457819157813603,1.1612309264184788,1.1612309264184788,0.7693375672974063,0.7693375672974063,-0.33,3.84636684303351,1.4138304835588202,0.5880806897900375,37.35471043193051,0.0,5.783244946364939,0.0,0.0,0.0,0.0,4.794537184071822,0.0,0.0,0.0,0.0,12.841643245852019,12.841643245852019,0.0,4.794537184071822,5.783244946364939,0.0,0.0,0.0,25.683286491704038,0.0,0.0,0.0,0.0,0.0,0.0,5.783244946364939,4.794537184071822,0.0,25.683286491704038,0.0,17.07,0.0,4.794537184071822,0.0,5.783244946364939,25.683286491704038,0.0,0.0,0.0,0.0,0.0,0.0,10.243055555555555,0.0,0.0,0.45370370370370394,0.0,3.9699074074074074,0.0,0.0,0.8,6,0,1,1,0,1,0,0,0,0,0,1,0,1,0,0,1,0,1,0,0.90635178227178,1,1.1295,23.47499999999999
DIETHYLAMINE,3.111111111111111,3.111111111111111,1.09375,1.09375,0.5048540523547576,8.4,73.139,62.05099999999999,73.08914935199999,32,-0.007751361127527677,-0.317281591027501,0.317281591027501,0.007751361127527677,1.2,1.6,1.6,14.822561186980403,10.668215456361908,1.6233085532050975,-1.8580605257346636,1.4713908795353925,-2.093723642239655,4.273496927632422,0.7624249521774595,1.4056390622295665,2.19060968716425,11.119415478763749,4.121320343559642,3.914213562373095,3.914213562373095,2.414213562373095,2.1213203435596424,2.1213203435596424,0.9571067811865475,0.9571067811865475,0.4999999999999999,0.4999999999999999,0.24999999999999994,0.24999999999999994,-0.04,4.960000000000001,3.9600000000000004,3.9600000000000004,33.38393955462742,5.316788604006331,0.0,0.0,0.0,0.0,0.0,0.0,0.0,0.0,0.0,13.847474399381248,13.08951281182515,0.0,0.0,0.0,0.0,0.0,5.316788604006331,0.0,13.847474399381248,13.08951281182515,0.0,0.0,5.316788604006331,0.0,0.0,13.08951281182515,0.0,0.0,13.847474399381248,0.0,12.03,0.0,0.0,0.0,0.0,13.08951281182515,0.0,0.0,0.0,19.16426300338758,0.0,0.0,0.0,3.111111111111111,0.0,0.0,0.0,0.0,6.388888888888889,0.0,1.0,5,1,1,0,0,0,0,0,0,0,0,1,1,1,0,2,0,0,0,0,3.9283200000000007,0,0.6157999999999999,24.217699999999994
NITROMETHANE,8.805555555555555,8.805555555555555,0.5,-0.5,0.2895384414919823,6.25,61.040000000000006,58.016000000000005,61.016378336,24,0.19399732388258517,-0.26483732574805025,0.26483732574805025,0.19399732388258517,2.0,2.0,2.0,16.62493832663765,11.541636002391892,1.566113779539991,-1.629337270322711,1.3927547095399806,-1.7904921305596295,3.90816958481315,-0.4453435214748646,0.8112781244591328,2.8030394876740514,29.019550008653873,3.5773502691896257,2.263710176427684,2.263710176427684,1.7320508075688772,0.8123619671700687,0.8123619671700687,0.4396839709201038,0.4396839709201038,0.0,0.0,0.0,0.0,-0.6000000000000001,3.4,0.8166666666666667,0.6222222222222218,23.39222675032935,0.0,0.0,7.04767198267719,0.0,0.0,0.0,10.114318268765572,0.0,0.0,0.0,0.0,0.0,4.923311048817671,0.0,4.923311048817671,0.0,0.0,0.0,0.0,0.0,7.04767198267719,10.114318268765572,0.0,0.0,0.0,0.0,11.97098303149486,0.0,10.114318268765572,0.0,0.0,43.14,4.923311048817671,0.0,0.0,0.0,7.04767198267719,0.0,0.0,0.0,0.0,10.114318268765572,0.0,8.305555555555555,8.805555555555555,0.0,0.0,0.0,0.0,0.0,0.8888888888888888,1.0,4,0,3,0,0,0,0,0,0,0,0,2,0,3,0,0,0,0,0,0,0.6941666666666666,0,-0.10710000000000008,12.9184
METHYL METHANOATE,8.95138888888889,8.95138888888889,0.375,0.375,0.3912258247330487,5.25,60.05200000000001,56.02,60.021129368000004,24,0.29229926118868244,-0.47122144651324294,0.47122144651324294,0.29229926118868244,2.0,2.25,2.25,16.507215603563868,11.504441992047042,1.4400368443510951,-1.666250135997895,1.3497095476217214,-1.67798453203007,5.3577601396717425,-0.12552598146619626,1.370950594454669,2.2968352619191386,18.0,3.414213562373095,2.393846850117352,2.393846850117352,1.914213562373095,0.8796528112548949,0.8796528112548949,0.33192730526045355,0.33192730526045355,0.09622504486493766,0.09622504486493766,0.0,0.0,-0.53,3.4699999999999998,2.4699999999999993,1.4699999999999982,24.379260471776803,4.736862953800049,0.0,0.0,0.0,6.472220864716464,0.0,4.794537184071822,0.0,0.0,0.0,0.0,0.0,0.0,7.109797541277533,9.53140013787187,6.472220864716464,0.0,0.0,0.0,0.0,7.109797541277533,0.0,0.0,0.0,0.0,0.0,13.582018405993997,9.53140013787187,0.0,0.0,0.0,26.3,0.0,0.0,0.0,6.472220864716464,0.0,7.109797541277533,0.0,0.0,4.736862953800049,4.794537184071822,3.861111111111111,8.95138888888889,0.0,0.0,0.0,0.0,0.0,0.375,1.3125,0.5,4,0,2,0,0,0,0,0,0,0,0,2,0,2,0,1,0,0,0,0,2.142724999999999,0,-0.2108000000000001,13.073
NITROETHANE,9.17361111111111,9.17361111111111,0.02777777777777768,-0.375,0.3316647504964367,7.4,75.067,70.027,75.0320284,30,0.20064608791858585,-0.26456002874527473,0.26456002874527473,0.20064608791858585,2.0,2.2,2.2,16.627214169054124,10.823738255809301,1.7648852337108183,-1.7347333422600064,1.571620338152812,-1.9187467828938412,4.04498600151704,-0.47520008062198993,1.3787834934861756,2.847378923087672,42.91260938324327,4.284457050376173,2.9708169576142316,2.9708169576142316,2.270055610029662,1.3884829188734962,1.3884829188734962,0.648962255013992,0.648962255013992,0.2581988897471611,0.2581988897471611,0.0,0.0,-0.6000000000000001,4.400000000000001,1.6941176470588244,3.4000000000000026,29.757168864725955,0.0,0.0,0.0,6.544756405912575,0.0,0.0,10.114318268765572,0.0,0.0,0.0,0.0,0.0,11.847048248508294,0.0,4.923311048817671,0.0,0.0,0.0,0.0,6.923737199690624,6.544756405912575,10.114318268765572,0.0,0.0,0.0,0.0,11.468067454730246,0.0,10.114318268765572,6.923737199690624,0.0,43.14,0.0,10.114318268765572,11.468067454730246,0.0,0.0,6.923737199690624,0.0,0.0,0.0,0.0,0.0,8.79861111111111,9.17361111111111,0.0,0.0,0.0,0.0,1.5277777777777777,0.0,1.0,5,0,3,0,0,0,0,0,0,0,0,2,0,3,0,1,0,0,0,0,1.490823529411766,0,0.2829999999999999,17.5354
NITROBENZENE,10.006481481481481,10.006481481481481,0.13657407407407418,-0.41666666666666696,0.4200757446342406,8.88888888888889,123.11099999999998,118.07099999999998,123.0320284,46,0.2689216270439583,-0.2583096384435056,0.2689216270439583,0.2583096384435056,1.2222222222222223,1.7777777777777777,2.111111111111111,16.62819856157924,10.320808823128257,1.9804749432820008,-1.8478890798510954,2.0623608540228284,-1.8426537791853226,5.274712075617296,-0.3844379048548909,1.9003726279897948,2.9814546140411315,207.5576620543373,6.69023444431199,4.650461522375813,4.650461522375813,4.304530452640311,2.4994387719430495,2.4994387719430495,1.592658944021836,1.592658944021836,0.9670121108598512,0.9670121108598512,0.5497102281601606,0.5497102281601606,-1.38,5.751233595800525,2.2593342006647616,1.2528322001978998,52.08437884199677,0.0,0.0,0.0,0.0,5.687386274683562,0.0,10.114318268765572,0.0,0.0,0.0,18.19910120538483,0.0,12.13273413692322,4.923311048817671,4.923311048817671,5.687386274683562,0.0,0.0,0.0,0.0,0.0,40.44615361107362,0.0,0.0,5.687386274683562,0.0,4.923311048817671,0.0,10.114318268765572,0.0,30.33183534230805,43.14,4.923311048817671,10.114318268765572,5.687386274683562,0.0,0.0,12.13273413692322,18.19910120538483,0.0,0.0,0.0,0.0,9.589814814814815,10.006481481481481,0.13657407407407418,0.0,7.933796296296296,0.0,0.0,0.0,0.0,9,0,3,0,0,0,0,1,0,1,0,2,0,3,0,1,0,0,0,0,1.4437731954449224,1,1.5947999999999998,33.0964
1-NITROPROPANE,9.40486111111111,9.40486111111111,0.0972222222222221,-0.31944444444444464,0.3683783959320464,8.166666666666666,89.09399999999998,82.038,89.047678464,36,0.2031542109616376,-0.2645488497261411,0.2645488497261411,0.2031542109616376,1.8333333333333333,2.3333333333333335,2.3333333333333335,16.627351476952224,10.508368047379328,1.8537963354697609,-1.7974329688871278,1.7207636860410427,-1.9619643398215276,4.176102873198226,-0.4793584081319787,1.3485878960124225,2.831257109931365,52.75488750216347,4.99156383156272,3.677923738800779,3.677923738800779,2.770055610029662,1.8884829188734962,1.8884829188734962,1.056341286747133,1.056341286747133,0.4061809835850343,0.4061809835850343,0.18257418583505536,0.18257418583505536,-0.6000000000000001,5.4,2.6272727272727274,3.4000000000000012,36.12211097912257,0.0,0.0,0.0,6.544756405912575,0.0,0.0,10.114318268765572,0.0,0.0,0.0,6.923737199690624,0.0,11.34413267174368,0.0,4.923311048817671,0.0,0.0,0.0,0.0,13.344558822616634,6.544756405912575,10.114318268765572,0.0,0.0,0.0,0.0,11.468067454730246,0.0,10.114318268765572,13.344558822616634,0.0,43.14,0.0,10.114318268765572,11.468067454730246,6.4208216229260096,0.0,0.0,6.923737199690624,0.0,0.0,0.0,0.0,9.085416666666665,9.40486111111111,0.0,0.0,0.0,0.6319444444444444,1.8777777777777775,0.0,1.0,6,0,3,0,0,0,0,0,0,0,0,2,0,3,0,2,0,0,0,0,2.3645454545454547,0,0.6731,22.152399999999997
ACETOPHENONE,10.64537037037037,10.64537037037037,0.12092592592592633,0.12092592592592633,0.5170467542625542,9.0,120.15099999999995,112.08699999999997,120.057514876,46,0.15929849657429365,-0.2945122071568907,0.2945122071568907,0.15929849657429365,1.2222222222222223,1.7777777777777777,2.111111111111111,16.137391260156598,10.154360743614632,1.9227125119501596,-1.8898985040785978,1.969861928411886,-1.8810477519826907,5.933640770576842,0.10129919055383087,1.9003726279897948,2.981454614041131,201.06743705866424,6.69023444431199,5.294999636411993,5.294999636411993,4.304530452640311,2.864807747754891,2.864807747754891,1.9222116216323364,1.9222116216323364,1.1803153331412106,1.1803153331412106,0.672860900963318,0.672860900963318,-1.11,6.016742712294044,2.4437525520871133,1.3892524797182944,54.32280944833394,0.0,0.0,5.783244946364939,0.0,0.0,0.0,4.794537184071822,0.0,0.0,0.0,30.33183534230805,6.923737199690624,5.563451491696996,0.0,4.794537184071822,5.783244946364939,0.0,0.0,0.0,6.923737199690624,0.0,35.89528683400505,0.0,0.0,0.0,0.0,5.783244946364939,0.0,0.0,17.28172587545944,30.33183534230805,17.07,0.0,4.794537184071822,5.783244946364939,0.0,5.563451491696996,0.0,6.923737199690624,30.33183534230805,0.0,0.0,0.0,10.64537037037037,0.0,0.7754629629629632,0.12092592592592633,9.226759259259257,0.0,1.5648148148148149,0.0,0.125,9,0,1,0,0,0,0,1,0,1,0,1,0,1,0,1,0,0,0,0,1.633714484268901,1,1.8892,36.44650000000001
ETHYL METHANOATE,9.182638888888889,9.182638888888889,0.4305555555555556,0.4305555555555556,0.43656455010269035,6.6,74.07900000000001,68.03099999999999,74.036779432,30,0.2925654199437486,-0.46819518164403584,0.46819518164403584,0.2925654199437486,2.0,2.6,2.6,16.516309308338048,10.883385014889067,1.6039718390313007,-1.7943348616310786,1.5491966306511697,-1.803951012140935,5.361538885172828,-0.1276935876884935,1.4056390622295665,2.4017152226171965,26.07403392114697,4.121320343559642,3.1009536313038994,3.1009536313038994,2.414213562373095,1.4671864365723921,1.4671864365723921,0.5515668461264173,0.5515668461264173,0.2347080484106439,0.2347080484106439,0.0680413817439772,0.0680413817439772,-0.53,4.469999999999999,3.4699999999999998,3.469999999999999,30.744202586173408,4.736862953800049,0.0,0.0,0.0,6.472220864716464,0.0,4.794537184071822,0.0,0.0,0.0,0.0,6.923737199690624,0.0,6.606881964512918,9.53140013787187,6.472220864716464,0.0,0.0,0.0,6.923737199690624,6.606881964512918,0.0,0.0,0.0,0.0,0.0,13.079102829229381,9.53140013787187,0.0,6.923737199690624,0.0,26.3,0.0,4.794537184071822,0.0,13.079102829229381,0.0,0.0,6.923737199690624,0.0,4.736862953800049,0.0,4.152777777777778,9.182638888888889,0.0,0.0,0.0,0.0,0.0,2.664583333333333,0.0,0.6666666666666666,5,0,2,0,0,0,0,0,0,0,0,2,0,2,0,2,0,0,0,0,3.102179999999999,0,0.17930000000000001,17.689999999999998
2-NITROPROPANE,9.50462962962963,9.50462962962963,0.33333333333333304,-0.42592592592592626,0.3497752892655054,9.166666666666666,89.094,82.038,89.047678464,36,0.20717591219263307,-0.26428222998398154,0.26428222998398154,0.20717591219263307,1.6666666666666667,1.8333333333333333,1.8333333333333333,16.62973311300005,10.437988273604425,1.988217321620082,-1.879665756736437,1.793873200829353,-2.0769865503163234,4.281171602633546,-0.5129291714215798,1.3609640474436813,3.2575861612334887,59.813537528125096,5.1547005383792515,3.84106044561731,3.84106044561731,2.6427344100918364,1.7780477997965236,1.7780477997965236,1.379102158611833,1.379102158611833,0.421637021355784,0.421637021355784,0.0,0.0,-0.6000000000000001,5.4,1.7443072702331963,1.6941176470588244,36.12211097912257,0.0,0.0,0.0,6.041840829147961,0.0,0.0,10.114318268765572,0.0,0.0,0.0,0.0,0.0,18.770785448198918,0.0,4.923311048817671,0.0,0.0,0.0,0.0,19.88931522852921,0.0,10.114318268765572,0.0,0.0,0.0,0.0,10.965151877965631,0.0,10.114318268765572,13.847474399381248,0.0,43.14,6.041840829147961,10.114318268765572,4.923311048817671,0.0,0.0,0.0,13.847474399381248,0.0,0.0,0.0,0.0,9.171296296296298,9.50462962962963,0.0,0.0,-0.42592592592592626,0.0,3.0833333333333335,0.0,1.0,6,0,3,0,0,0,0,0,0,0,0,2,0,3,0,1,0,0,0,0,1.569876543209877,0,0.6715,22.130399999999995
BENZONITRILE,8.287592592592592,8.287592592592592,0.7152777777777779,0.7152777777777779,0.4884445703746373,7.875,103.12399999999998,98.08399999999999,103.04219916,38,0.09910883682440627,-0.1924370514343749,0.1924370514343749,0.09910883682440627,1.125,1.75,2.125,14.22571969826466,10.2358634039541,1.7903515985795673,-1.795060714022161,1.9249297651362616,-1.6574596063233735,5.267807767357373,1.4855868060426296,1.9034911933164034,3.049388908161901,195.37685258695328,5.819990956308912,4.333964941448087,4.333964941448087,3.931851652578137,2.384290400272939,2.384290400272939,1.4778288026594288,1.4778288026594288,0.9028885132222203,0.9028885132222203,0.5126884518026671,0.5126884518026671,-1.29,4.85903129657228,2.13092991566867,0.8545400393598551,48.18892491536229,0.0,0.0,0.0,0.0,0.0,0.0,0.0,0.0,5.261891554738487,0.0,18.19910120538483,12.13273413692322,0.0,11.63267280448927,0.0,0.0,5.261891554738487,0.0,0.0,0.0,0.0,35.89528683400505,6.069221312792274,0.0,0.0,0.0,0.0,0.0,11.33111286753076,5.563451491696996,30.33183534230805,23.79,0.0,0.0,0.0,5.563451491696996,0.0,0.0,12.13273413692322,24.268322518177104,0.0,5.261891554738487,0.0,0.0,8.287592592592592,0.7152777777777779,0.0,11.163796296296296,0.0,0.0,0.0,0.0,8,0,1,0,0,0,0,1,0,1,0,1,0,1,0,0,0,0,0,0,1.2942818938795246,1,1.5582799999999999,31.157
"2,6-DIMETHYLPYRIDINE",4.173611111111111,4.173611111111111,1.0879629629629632,1.0879629629629632,0.49138777691763613,9.25,107.15599999999996,98.08399999999997,107.073499288,42,0.03753601180441258,-0.25848808574390264,0.25848808574390264,0.03753601180441258,1.125,1.625,1.875,14.680555871435777,10.320865352509173,1.8162133599014259,-1.8965354194430337,1.9318369210367063,-1.8068703965131572,5.071310836919308,1.1227857108132193,1.6423714487439025,3.077660437970554,164.24662946459569,5.983127663125442,5.179264403068835,5.179264403068835,3.7876937002347035,2.6912305313562506,2.6912305313562506,1.9203495763749432,1.9203495763749432,1.0275608641867542,1.0275608641867542,0.6793351513682907,0.6793351513682907,-0.8500000000000001,5.2898601398601395,1.94826211591866,1.0594030875809968,49.38093532923669,0.0,0.0,0.0,0.0,0.0,0.0,4.9839785209472085,0.0,0.0,0.0,6.06636706846161,25.980208536304467,11.387855989696922,0.0,0.0,0.0,0.0,4.9839785209472085,0.0,13.847474399381248,0.0,29.58695719508175,0.0,0.0,0.0,0.0,4.9839785209472085,0.0,13.847474399381248,11.387855989696922,18.19910120538483,12.89,0.0,0.0,0.0,0.0,11.387855989696922,0.0,0.0,32.046575604766076,4.9839785209472085,0.0,0.0,4.173611111111111,0.0,2.1759259259259265,0.0,5.997685185185185,0.0,3.986111111111111,0.0,0.2857142857142857,8,0,1,0,0,0,0,0,1,1,0,1,0,1,1,0,0,0,0,0,1.2882542636247116,1,1.69844,33.71099999999999
PENTANAL,9.56375,9.56375,0.7326388888888888,0.7326388888888888,0.3742788667470001,8.166666666666666,86.13399999999999,76.05399999999999,86.07316494,36,0.11949002111110747,-0.3034029096435604,0.3034029096435604,0.11949002111110747,1.6666666666666667,2.3333333333333335,2.5,16.128718093227032,10.272009013458991,1.7448449549570915,-1.7851340810052503,1.8653096085942633,-1.6979530730436916,5.483940233996039,-0.10745102277603202,1.6143308351592656,2.4884037718761123,32.919684538544,4.82842712474619,4.106918903213131,4.106918903213131,2.914213562373095,2.3510573320459267,2.3510573320459267,1.3088951918547531,1.3088951918547531,0.6755286660229631,0.6755286660229631,0.2874574785652648,0.2874574785652648,-0.33,5.670000000000001,4.67,3.67,38.36054158545974,4.794537184071822,6.286160523129555,0.0,0.0,0.0,0.0,0.0,0.0,0.0,0.0,13.344558822616634,6.4208216229260096,6.4208216229260096,0.0,4.794537184071822,6.286160523129555,0.0,0.0,0.0,26.186202068468653,0.0,0.0,0.0,0.0,0.0,0.0,6.286160523129555,4.794537184071822,0.0,26.186202068468653,0.0,17.07,0.0,4.794537184071822,0.0,0.0,25.548625391907585,0.0,0.0,0.0,6.923737199690624,0.0,0.0,9.56375,0.0,0.0,0.0,0.0,3.8633333333333333,2.0729166666666665,0.0,0.8,6,0,1,0,0,0,0,0,0,0,0,1,0,1,0,3,0,0,0,0,4.413150000000001,0,1.3755,25.588999999999988
2-OCTANONE,10.40689767573696,10.40689767573696,0.32509542705971306,0.32509542705971306,0.5198882841773269,9.555555555555555,128.21499999999997,112.08699999999997,128.120115132,54,0.12933995027687056,-0.30003102349470656,0.30003102349470656,0.12933995027687056,1.2222222222222223,1.8888888888888888,2.3333333333333335,16.137169920162382,10.124004433738373,1.9067284594675444,-1.9319854659029865,2.0133179309178915,-1.878363803531407,5.747923720185079,-0.11663014704017005,1.8005768964064195,2.8288681349096856,76.63682062300136,7.112884175122364,6.443782196396601,6.443782196396601,4.270055610029662,3.7647843170117525,3.7647843170117525,2.512675274902433,2.512675274902433,1.382392158505876,1.382392158505876,0.8007221742419769,0.8007221742419769,-0.33,8.67,5.8003780964797915,7.670000000000001,57.455367928649565,4.794537184071822,5.783244946364939,0.0,0.0,0.0,0.0,0.0,0.0,0.0,0.0,26.186202068468653,13.344558822616634,6.4208216229260096,0.0,4.794537184071822,5.783244946364939,0.0,0.0,0.0,45.95158251401129,0.0,0.0,0.0,0.0,0.0,0.0,5.783244946364939,4.794537184071822,0.0,45.95158251401129,0.0,17.07,0.0,4.794537184071822,0.0,5.783244946364939,12.841643245852019,19.26246486877803,6.923737199690624,0.0,6.923737199690624,0.0,0.0,10.40689767573696,0.0,0.0,0.32509542705971306,0.0,5.6016250944822366,3.833048469387755,0.0,0.875,9,0,1,0,0,0,0,0,0,0,0,1,0,1,0,5,0,0,0,0,5.587697566275533,0,2.5458000000000007,39.440000000000005
PENTYLAMINE,5.214583333333334,5.214583333333334,0.855,0.855,0.5130177383287362,9.0,87.16600000000001,74.062,87.10479941599999,38,-0.007727719795186594,-0.3304735053776849,0.3304735053776849,0.007727719795186594,1.3333333333333333,2.0,2.1666666666666665,14.508605233211465,10.253035101185827,1.7488137833149788,-1.8617884649402765,1.8782318484323228,-1.9607642380512464,4.344792574471155,0.7271659215808984,1.6143308351592656,2.3390923149762908,15.900134529890124,4.82842712474619,4.405777393935816,4.405777393935816,2.914213562373095,2.6153550716504106,2.6153550716504106,1.49578191578136,1.49578191578136,0.8076775358252051,0.8076775358252051,0.3943375672974063,0.3943375672974063,-0.04,5.959999999999999,4.960000000000001,3.9600000000000004,39.538910182428694,5.733667477162185,0.0,0.0,0.0,0.0,0.0,0.0,0.0,0.0,0.0,19.765380445542643,12.965578028838586,0.0,0.0,0.0,0.0,0.0,0.0,5.733667477162185,26.186202068468653,6.544756405912575,0.0,0.0,5.733667477162185,0.0,0.0,6.544756405912575,0.0,0.0,26.186202068468653,0.0,26.02,0.0,0.0,0.0,0.0,6.544756405912575,19.26246486877803,0.0,0.0,6.923737199690624,5.733667477162185,0.0,0.0,0.0,5.214583333333334,0.0,0.0,3.7541666666666664,3.03125,0.0,1.0,6,2,1,0,0,0,0,0,0,0,0,1,1,1,0,3,0,0,0,0,4.926933333333333,0,1.1353,28.57939999999999
4-METHYLPYRIDINE,3.8455555555555554,3.8455555555555554,1.2592592592592595,1.2592592592592595,0.4719983679006756,8.714285714285714,93.12899999999999,86.073,93.057849224,36,0.02699300482342639,-0.2647166344741127,0.2647166344741127,0.02699300482342639,1.2857142857142858,1.8571428571428572,2.142857142857143,14.60038550895539,10.313064466871324,1.7246005824088828,-1.817684811170517,1.8827848424886646,-1.6813035392548241,5.051606335058975,1.2867071906833838,1.6856161633204378,3.0214653097240864,134.10736969541455,5.112884175122364,4.256614672258461,4.256614672258461,3.393846850117352,2.260414715350615,2.260414715350615,1.5245638646895838,1.5245638646895838,0.8469872147279689,0.8469872147279689,0.4264497467203111,0.4264497467203111,-0.8500000000000001,4.31260162601626,1.7349674800723753,0.9995769964301435,43.01599321484008,0.0,0.0,0.0,0.0,0.0,0.0,4.9839785209472085,0.0,0.0,0.0,0.0,24.619922828310838,12.393687143226153,0.0,0.0,0.0,0.0,4.9839785209472085,0.0,6.923737199690624,0.0,30.08987277184637,0.0,0.0,0.0,0.0,4.9839785209472085,0.0,6.923737199690624,5.563451491696996,24.52642128014937,12.89,0.0,0.0,0.0,0.0,0.0,5.563451491696996,12.393687143226153,19.056471336613843,4.9839785209472085,0.0,0.0,3.8455555555555554,0.0,1.2592592592592595,0.0,3.9444444444444446,3.574074074074074,2.0433333333333334,0.0,0.16666666666666666,7,0,1,0,0,0,0,0,1,1,0,1,0,1,1,0,0,0,0,0,1.0688890822350656,1,1.39002,28.973999999999993
"N,N-DIMETHYLFORMAMIDE",9.430555555555555,9.430555555555555,0.75,0.75,0.3902682398861675,6.8,73.095,66.03899999999999,73.052763844,30,0.2086847180796838,-0.35138679501082243,0.35138679501082243,0.2086847180796838,1.6,1.8,1.8,16.141264414836222,10.984730929981472,1.676590454284669,-1.9279522555013062,1.5164303698840307,-2.0562001471122726,5.448254175176544,-0.11544112959140373,1.3787834934861756,2.825749368745867,33.87430298092722,4.284457050376173,3.4328121551534467,3.4328121551534467,2.270055610029662,1.3883283411425928,1.3883283411425928,1.0690206303332261,1.0690206303332261,0.210818510677892,0.210818510677892,0.0,0.0,-0.53,4.469999999999999,1.7581844380403455,3.469999999999999,31.390491026869903,4.899909730850478,0.0,0.0,6.410095306116121,0.0,0.0,4.794537184071822,0.0,0.0,0.0,0.0,0.0,14.09534396535438,0.0,4.794537184071822,6.410095306116121,0.0,4.899909730850478,0.0,0.0,14.09534396535438,0.0,0.0,0.0,0.0,0.0,25.405349002320982,4.794537184071822,0.0,0.0,0.0,20.310000000000002,0.0,4.794537184071822,0.0,0.0,6.410095306116121,4.899909730850478,14.09534396535438,0.0,0.0,0.0,0.0,10.875,0.0,0.0,0.0,0.0,0.75,0.0,3.375,0.6666666666666666,5,0,2,0,0,0,1,0,0,0,0,1,0,2,0,1,0,0,0,0,1.5718168876080685,0,-0.2956000000000001,19.750999999999998
"2,4-DIMETHYLPYRIDINE",4.04,4.04,1.0879629629629632,1.0879629629629632,0.49138777691763613,9.25,107.15599999999999,98.08399999999999,107.073499288,42,0.03747854391934919,-0.26159205366330673,0.26159205366330673,0.03747854391934919,1.375,2.125,2.5,14.6442168116555,10.253691453788203,1.8152933830013378,-1.8951696587405253,1.9540115616569975,-1.779377514149541,5.12008576035642,1.1768990970111324,1.6423714487439025,3.077660437970554,164.24662946459569,5.983127663125442,5.179264403068835,5.179264403068835,3.7876937002347035,2.6811644246149124,2.6811644246149124,1.9745731904123045,1.9745731904123045,1.0521561445201004,1.0521561445201004,0.6872740394573615,0.6872740394573615,-0.8500000000000001,5.2898601398601395,1.94826211591866,1.0594030875809968,49.38093532923669,0.0,0.0,0.0,0.0,0.0,0.0,4.9839785209472085,0.0,0.0,0.0,0.0,31.54366002800146,11.890771566461538,0.0,0.0,0.0,0.0,4.9839785209472085,0.0,13.847474399381248,0.0,29.58695719508175,0.0,0.0,0.0,0.0,4.9839785209472085,0.0,13.847474399381248,11.257379486545457,18.329577708536295,12.89,0.0,0.0,0.0,0.0,5.693927994848461,5.563451491696996,0.0,19.18694783976531,17.97408278909944,0.0,0.0,4.04,0.0,2.3634259259259265,0.0,4.048611111111111,1.824074074074074,4.057222222222222,0.0,0.2857142857142857,8,0,1,0,0,0,0,0,1,1,0,1,0,1,1,0,0,0,0,0,1.2882542636247116,1,1.69844,33.71099999999999
ACETIC ACID,9.0,9.0,0.8333333333333333,-0.8333333333333333,0.42988288320012163,6.25,60.05200000000001,56.02,60.021129368000004,24,0.2996845531582142,-0.481433475172105,0.481433475172105,0.2996845531582142,2.0,2.0,2.0,16.36392906806316,10.854985217204096,1.6509951854331453,-1.5897739953032324,1.4156543939895587,-1.7770437432804953,5.624779759282926,-0.1339289924624054,0.8112781244591328,2.8030394876740514,27.019550008653873,3.5773502691896257,2.355461885963821,2.355461885963821,1.7320508075688772,0.9277309429819105,0.9277309429819105,0.5190180358994382,0.5190180358994382,0.0,0.0,0.0,0.0,-0.53,3.4699999999999998,0.8748582995951415,1.1560092559629747,24.059948994465934,5.106527394840706,0.0,0.0,0.0,5.969305287951849,0.0,4.794537184071822,0.0,0.0,0.0,0.0,0.0,6.923737199690624,0.0,9.901064578912528,5.969305287951849,0.0,0.0,0.0,6.923737199690624,0.0,0.0,0.0,0.0,0.0,0.0,11.075832682792555,4.794537184071822,0.0,6.923737199690624,0.0,37.3,5.969305287951849,0.0,0.0,0.0,6.923737199690624,0.0,0.0,0.0,0.0,9.901064578912528,0.0,9.0,7.416666666666666,0.0,-0.8333333333333333,0.0,0.0,1.0833333333333333,0.0,0.5,4,1,2,0,0,0,0,0,0,0,0,1,1,2,0,0,0,0,0,0,0.7589395748987852,0,0.09089999999999993,13.309800000000001
3-METHYLPYRIDINE,3.8842592592592595,3.8842592592592595,1.2106481481481484,1.2106481481481484,0.4719983679006756,8.714285714285714,93.12899999999998,86.073,93.057849224,36,0.029653003828134867,-0.264459387256486,0.264459387256486,0.029653003828134867,1.5714285714285714,2.4285714285714284,2.7142857142857144,14.604790039239406,10.32897016242831,1.726806360152544,-1.8165910408725823,1.8768411768405877,-1.6896574570504648,5.039518347495997,1.2695065637764364,1.6856161633204378,3.0214653097240864,134.10736969541455,5.112884175122364,4.256614672258461,4.256614672258461,3.393846850117352,2.260414715350615,2.260414715350615,1.5303755341263872,1.5303755341263872,0.8094199929348828,0.8094199929348828,0.4481391923352558,0.4481391923352558,-0.8500000000000001,4.31260162601626,1.7349674800723753,0.9995769964301435,43.01599321484008,0.0,0.0,0.0,0.0,0.0,0.0,4.9839785209472085,0.0,0.0,0.0,6.06636706846161,18.55355575984923,12.393687143226153,0.0,0.0,0.0,0.0,4.9839785209472085,0.0,6.923737199690624,0.0,30.089872771846366,0.0,0.0,0.0,0.0,4.9839785209472085,0.0,6.923737199690624,5.563451491696996,24.52642128014937,12.89,0.0,0.0,0.0,0.0,0.0,5.563451491696996,6.196843571613076,25.25331490822692,4.9839785209472085,0.0,0.0,3.8842592592592595,0.0,1.2106481481481484,0.0,3.9467592592592595,3.6041666666666665,2.0208333333333335,0.0,0.16666666666666666,7,0,1,0,0,0,0,0,1,1,0,1,0,1,1,0,0,0,0,0,1.0688890822350656,1,1.39002,28.973999999999993
PYRIDINE,3.7847222222222223,3.7847222222222223,1.75,1.75,0.4531479654842905,8.0,79.10199999999998,74.062,79.04219916,30,0.02672876829526118,-0.264736970888988,0.264736970888988,0.02672876829526118,0.8333333333333334,1.5,1.6666666666666667,14.597243061746529,10.51881465602454,1.5802944386426925,-1.6965670219787745,1.732473300656734,-1.5825292175016334,4.877321733390166,1.3309892913747265,1.719973094021975,3.000000000000001,75.86113958768547,4.242640687119286,3.333964941448087,3.333964941448087,3.0,1.8497311128276561,1.8497311128276561,1.024563864689584,1.024563864689584,0.5664874085517706,0.5664874085517706,0.31260202740993526,0.31260202740993526,-0.8500000000000001,3.3441747572815532,1.5525827127910268,0.5490008483363183,36.651051100443475,0.0,0.0,0.0,0.0,0.0,0.0,4.9839785209472085,0.0,0.0,0.0,6.06636706846161,12.13273413692322,12.393687143226153,0.0,0.0,0.0,0.0,4.9839785209472085,0.0,0.0,0.0,30.592788348610984,0.0,0.0,0.0,0.0,4.9839785209472085,0.0,0.0,0.0,30.592788348610984,12.89,0.0,0.0,0.0,0.0,0.0,0.0,12.393687143226153,18.19910120538483,4.9839785209472085,0.0,0.0,3.7847222222222223,0.0,0.0,0.0,5.715277777777778,3.5,0.0,0.0,0.0,6,0,1,0,0,0,0,0,1,1,0,1,0,1,1,0,0,0,0,0,0.8653513194512445,1,1.0816,24.236999999999995
5-NONANONE,10.960833333333333,10.960833333333333,0.4478703703703708,0.4478703703703708,0.5569438384242685,9.8,142.242,124.09799999999997,142.135765196,60,0.1324109690533248,-0.2997179119890417,0.2997179119890417,0.1324109690533248,1.0,1.4,1.7,16.13781222739311,10.092175792285381,1.9769800687816568,-1.956606876689818,2.017197650436483,-1.9555854097772247,5.776877878921645,-0.11879315542738499,1.9651140824073894,3.0863484262353005,76.72905595320057,7.819990956308912,7.150888977583149,7.150888977583149,4.808060412490447,4.3254444887915735,4.3254444887915735,2.74578191578136,2.74578191578136,1.6183377076050263,1.6183377076050263,0.87289095789068,0.87289095789068,-0.33,9.67,6.785340253748558,5.8003780964797915,63.82031004304618,0.0,5.783244946364939,0.0,0.0,0.0,0.0,4.794537184071822,0.0,0.0,0.0,26.689117645233267,12.841643245852019,12.841643245852019,0.0,4.794537184071822,5.783244946364939,0.0,0.0,0.0,52.372404136937305,0.0,0.0,0.0,0.0,0.0,0.0,5.783244946364939,4.794537184071822,0.0,52.372404136937305,0.0,17.07,0.0,4.794537184071822,0.0,5.783244946364939,38.524929737556064,0.0,0.0,0.0,13.847474399381248,0.0,0.0,10.960833333333333,0.0,0.0,0.4478703703703708,0.0,6.021652021919879,4.236310941043084,0.0,0.8888888888888888,10,0,1,0,0,0,0,0,0,0,0,1,0,1,0,6,0,0,0,0,6.561424025374855,0,2.935900000000001,44.057000000000016
2-METHYLPYRIDINE,3.979166666666667,3.979166666666667,1.0717592592592595,1.0717592592592595,0.4719983679006757,8.714285714285714,93.129,86.073,93.057849224,36,0.03721465273392041,-0.26161242494491843,0.26161242494491843,0.03721465273392041,1.4285714285714286,2.2857142857142856,2.5714285714285716,14.64112498545007,10.392074669986552,1.7288668024807867,-1.8176715852800305,1.8548292280629992,-1.7199880078000285,4.994177314720602,1.2017022850990404,1.6856161633204378,3.0214653097240864,134.10736969541455,5.112884175122364,4.256614672258461,4.256614672258461,3.393846850117352,2.2704808220919537,2.2704808220919537,1.4711188667183566,1.4711188667183566,0.8127753618486622,0.8127753618486622,0.4481391923352558,0.4481391923352558,-0.8500000000000001,4.31260162601626,1.7349674800723753,0.9995769964301435,43.01599321484009,0.0,0.0,0.0,0.0,0.0,0.0,4.9839785209472085,0.0,0.0,0.0,6.06636706846161,19.056471336613843,11.890771566461538,0.0,0.0,0.0,0.0,4.9839785209472085,0.0,6.923737199690624,0.0,30.089872771846366,0.0,0.0,0.0,0.0,4.9839785209472085,0.0,6.923737199690624,5.693927994848461,24.395944776997908,12.89,0.0,0.0,0.0,0.0,5.693927994848461,0.0,6.196843571613076,25.122838405075452,4.9839785209472085,0.0,0.0,3.979166666666667,0.0,1.0717592592592595,0.0,5.856481481481482,1.787037037037037,1.9722222222222223,0.0,0.16666666666666666,7,0,1,0,0,0,0,0,1,1,0,1,0,1,1,0,0,0,0,0,1.0688890822350656,1,1.39002,28.973999999999993
FORMAMIDE,8.583333333333334,8.583333333333334,0.25,0.25,0.35232551302052717,4.0,45.041,42.016999999999996,45.021463716,18,0.20403079255745618,-0.37226356988470927,0.37226356988470927,0.20403079255745618,2.0,2.0,2.0,16.135971397727364,11.50093462360935,1.1870048948365577,-1.3239203211314814,0.7984634540211213,-1.8220311562944729,5.416411214376494,-0.10645483920625425,0.9182958340544894,2.1874960973678963,12.264662506490405,2.7071067811865475,1.5629488288431146,1.5629488288431146,1.4142135623730951,0.5690355937288494,0.5690355937288494,0.1360827634879544,0.1360827634879544,0.0,0.0,0.0,0.0,-0.53,2.4699999999999993,1.4699999999999982,1.4700000000000009,18.24066382488603,5.733667477162185,0.0,0.0,6.410095306116121,0.0,0.0,4.794537184071822,0.0,0.0,0.0,0.0,0.0,0.0,0.0,4.794537184071822,6.410095306116121,0.0,0.0,5.733667477162185,0.0,0.0,0.0,0.0,5.733667477162185,0.0,0.0,6.410095306116121,4.794537184071822,0.0,0.0,0.0,43.09,0.0,0.0,6.410095306116121,0.0,0.0,0.0,0.0,0.0,5.733667477162185,4.794537184071822,0.0,8.583333333333334,0.0,4.166666666666667,0.0,0.0,0.25,0.0,0.0,0.0,3,2,2,0,0,0,1,0,0,0,0,1,1,2,0,0,0,0,0,0,1.2102999999999982,0,-0.8985000000000001,10.2514
2-HEPTANONE,10.318568594104308,10.318568594104308,0.3180092592592596,0.3180092592592596,0.5116862498477169,9.25,114.18799999999999,100.07599999999998,114.104465068,48,0.12933994886491917,-0.3000310235003908,0.3000310235003908,0.12933994886491917,1.375,2.0,2.375,16.137168949759776,10.152628481001415,1.8920578624058306,-1.902327524163034,1.9755852732576749,-1.8720736715298694,5.747909217884563,-0.11662494280366033,1.6646727945202302,2.822354554248032,66.78707744334402,6.405777393935816,5.736675415210053,5.736675415210053,3.770055610029662,3.2647843170117525,3.2647843170117525,2.159121884309159,2.159121884309159,1.1323921585058763,1.1323921585058763,0.6239454789453399,0.6239454789453399,-0.33,7.669999999999999,4.8199250374812594,5.670000000000001,51.09042581425295,4.794537184071822,5.783244946364939,0.0,0.0,0.0,0.0,0.0,0.0,0.0,0.0,19.765380445542643,13.344558822616634,6.4208216229260096,0.0,4.794537184071822,5.783244946364939,0.0,0.0,0.0,39.53076089108528,0.0,0.0,0.0,0.0,0.0,0.0,5.783244946364939,4.794537184071822,0.0,39.53076089108528,0.0,17.07,0.0,4.794537184071822,0.0,5.783244946364939,12.841643245852019,12.841643245852019,6.923737199690624,0.0,6.923737199690624,0.0,0.0,10.318568594104308,0.0,0.0,0.3180092592592596,0.0,4.242592592592593,3.787496220710506,0.0,0.8571428571428571,8,0,1,0,0,0,0,0,0,0,0,1,0,1,0,4,0,0,0,0,4.621103129685157,0,2.1557000000000004,34.822999999999986
BENZALDEHYDE,10.006481481481481,10.006481481481481,0.7291666666666669,0.7291666666666669,0.4956362681365689,8.5,106.12399999999997,100.07599999999998,106.041864812,40,0.14954802883036308,-0.2978964116504968,0.2978964116504968,0.14954802883036308,1.125,1.75,2.125,16.128918620598032,10.236032132295671,1.7947307206774124,-1.814861063410933,1.9099593255102678,-1.7250862341623157,5.7375750026284,0.11183469450156037,1.9034911933164034,2.9910469146846217,167.00151696675914,5.819990956308912,4.3723499056016175,4.3723499056016175,3.931851652578137,2.4350609975132884,2.4350609975132884,1.5285347327207177,1.5285347327207177,0.9356552548998028,0.9356552548998028,0.5316063389306863,0.5316063389306863,-1.11,5.035137880986937,2.262450086021194,0.936277398677246,47.95786733393734,0.0,6.286160523129555,0.0,0.0,0.0,0.0,4.794537184071822,0.0,0.0,0.0,30.33183534230805,0.0,5.563451491696996,0.0,4.794537184071822,6.286160523129555,0.0,0.0,0.0,0.0,0.0,35.89528683400505,0.0,0.0,0.0,0.0,6.286160523129555,0.0,0.0,10.357988675768818,30.33183534230805,17.07,0.0,4.794537184071822,0.0,0.0,11.849612014826551,0.0,12.13273413692322,18.19910120538483,0.0,0.0,0.0,10.006481481481481,0.0,0.7291666666666669,0.0,9.097685185185185,0.8333333333333333,0.0,0.0,0.0,8,0,1,0,0,0,0,1,0,1,0,1,0,1,0,1,0,0,0,0,1.4239685164959337,1,1.4990999999999999,31.829499999999996
BUTANONITRILE,7.81625,7.81625,0.6944444444444444,0.6944444444444444,0.4550698799274725,6.4,69.107,62.050999999999995,69.057849224,28,0.0621137429049083,-0.1983475739310898,0.1983475739310898,0.0621137429049083,1.8,2.4,2.4,14.217018502309836,10.380238972647675,1.6501955696444637,-1.6540002389569004,1.7704526519261523,-1.5344322434821838,4.648804673903616,0.968670504821615,1.4056390622295665,2.483699570591265,42.09986547010987,4.121320343559642,3.361427157873053,3.361427157873053,2.414213562373095,1.7842669695298001,1.7842669695298001,0.9081138830084188,0.9081138830084188,0.3618033988749894,0.3618033988749894,0.11180339887498945,0.11180339887498945,-0.51,4.49,3.49,3.490000000000001,32.226657052488086,0.0,0.0,0.0,0.0,0.0,0.0,0.0,0.0,5.261891554738487,0.0,6.923737199690624,6.4208216229260096,6.4208216229260096,6.069221312792274,0.0,0.0,5.261891554738487,0.0,0.0,19.765380445542643,0.0,0.0,6.069221312792274,0.0,0.0,0.0,0.0,0.0,11.33111286753076,19.765380445542643,0.0,23.79,0.0,0.0,0.0,6.4208216229260096,6.4208216229260096,0.0,0.0,12.992958512482897,0.0,5.261891554738487,0.0,0.0,7.81625,0.0,0.0,2.017361111111111,1.6770833333333333,1.9893055555555557,0.0,0.75,5,0,1,0,0,0,0,0,0,0,0,1,0,1,0,1,0,0,0,0,3.1340200000000005,0,1.31008,20.520999999999994
BUTANAL,9.40486111111111,9.40486111111111,0.7083333333333333,0.7083333333333333,0.4443450475833798,7.4,72.107,64.04299999999999,72.057514876,30,0.11947978113414225,-0.30340309725779463,0.30340309725779463,0.11947978113414225,1.8,2.4,2.4,16.12871271764662,10.380675929382486,1.6636987729341335,-1.6800477671236316,1.743585169718209,-1.641993214737829,5.483092870586735,-0.10737864157580468,1.4056390622295665,2.4017152226171965,24.828921423310437,4.121320343559642,3.399812122026584,3.399812122026584,2.414213562373095,1.8510573320459265,1.8510573320459265,0.9553418012614794,0.9553418012614794,0.4065262647925708,0.4065262647925708,0.11785113019775793,0.11785113019775793,-0.33,4.67,3.67,3.67,31.99559947106314,4.794537184071822,6.286160523129555,0.0,0.0,0.0,0.0,0.0,0.0,0.0,0.0,6.923737199690624,6.4208216229260096,6.4208216229260096,0.0,4.794537184071822,6.286160523129555,0.0,0.0,0.0,19.765380445542643,0.0,0.0,0.0,0.0,0.0,0.0,6.286160523129555,4.794537184071822,0.0,19.765380445542643,0.0,17.07,0.0,4.794537184071822,0.0,6.4208216229260096,12.706982146055566,0.0,0.0,6.923737199690624,0.0,0.0,0.0,9.40486111111111,0.0,0.0,0.0,0.0,2.614583333333333,1.9805555555555556,0.0,0.75,5,0,1,0,0,0,0,0,0,0,0,1,0,1,0,2,0,0,0,0,3.42778,0,0.9854,20.971999999999994
BUTYLAMINE,5.139027777777778,5.139027777777778,0.84375,0.84375,0.5124148721749512,8.4,73.139,62.050999999999995,73.08914935199999,32,-0.0077376425064202455,-0.3304736813706357,0.3304736813706357,0.0077376425064202455,1.6,2.2,2.2,14.50764735331403,10.34924182809625,1.6747221408690982,-1.7980910675229893,1.7653381514154733,-1.951294730735132,4.287091705023588,0.8070095009730591,1.4056390622295665,2.19060968716425,11.119415478763749,4.121320343559642,3.698670612749268,3.698670612749268,2.414213562373095,2.1153550716504106,2.1153550716504106,1.1422285251880864,1.1422285251880864,0.5576775358252052,0.5576775358252052,0.20412414523193148,0.20412414523193148,-0.04,4.960000000000001,3.9600000000000004,3.9600000000000004,33.17396806803209,5.733667477162185,0.0,0.0,0.0,0.0,0.0,0.0,0.0,0.0,0.0,13.344558822616634,12.965578028838586,0.0,0.0,0.0,0.0,0.0,0.0,5.733667477162185,19.765380445542643,6.544756405912575,0.0,0.0,5.733667477162185,0.0,0.0,6.544756405912575,0.0,0.0,19.765380445542643,0.0,26.02,0.0,0.0,0.0,0.0,6.544756405912575,12.841643245852019,0.0,0.0,6.923737199690624,5.733667477162185,0.0,0.0,0.0,5.139027777777778,0.0,0.0,2.3854166666666665,2.9755555555555557,0.0,1.0,5,2,1,0,0,0,0,0,0,0,0,1,1,1,0,2,0,0,0,0,3.9283200000000007,0,0.7452000000000001,23.9624
4-HEPTANONE,10.643055555555556,10.643055555555556,0.4120370370370374,0.4120370370370374,0.5469887036855585,9.25,114.18799999999999,100.07599999999998,114.104465068,48,0.13239048773034137,-0.2997182890076654,0.2997182890076654,0.13239048773034137,1.125,1.5,1.75,16.13780017662905,10.142095569961997,1.9432451374407358,-1.9078644987596927,1.9530988380555785,-1.9339473025779308,5.776106966082465,-0.11862587506324088,1.6750754835015291,3.0551722039096187,58.78707744334402,6.405777393935816,5.736675415210053,5.736675415210053,3.808060412490447,3.325444488791574,3.325444488791574,2.0386751345948126,2.0386751345948126,1.057677535825205,1.057677535825205,0.6826775358252052,0.6826775358252052,-0.33,7.669999999999999,4.8199250374812594,3.84636684303351,51.09042581425295,0.0,5.783244946364939,0.0,0.0,0.0,0.0,4.794537184071822,0.0,0.0,0.0,13.847474399381248,12.841643245852019,12.841643245852019,0.0,4.794537184071822,5.783244946364939,0.0,0.0,0.0,39.53076089108528,0.0,0.0,0.0,0.0,0.0,0.0,5.783244946364939,4.794537184071822,0.0,39.53076089108528,0.0,17.07,0.0,4.794537184071822,0.0,5.783244946364939,25.683286491704038,0.0,0.0,13.847474399381248,0.0,0.0,0.0,10.643055555555556,0.0,0.0,0.4120370370370374,0.0,3.5410185185185186,4.070555555555556,0.0,0.8571428571428571,8,0,1,0,0,0,0,0,0,0,0,1,0,1,0,4,0,0,0,0,4.621103129685157,0,2.1557000000000004,34.822999999999986
2-HEXANONE,10.202638888888888,10.202638888888888,0.3072685185185189,0.3072685185185189,0.5278529243600644,8.857142857142858,100.16099999999999,88.06499999999998,100.088815004,42,0.1293397726031704,-0.30003102499487694,0.30003102499487694,0.1293397726031704,1.5714285714285714,2.142857142857143,2.2857142857142856,16.137167305452813,10.193938925165149,1.86965892382449,-1.8611399014949905,1.921162010689879,-1.8610677631141601,5.747844212376289,-0.11661230295595063,1.6121972227029933,2.8219389370591843,57.20035947603792,5.698670612749268,5.029568634023505,5.029568634023505,3.270055610029662,2.7647843170117525,2.7647843170117525,1.8055684937158853,1.8055684937158853,0.8823921585058763,0.8823921585058763,0.4257221742419769,0.4257221742419769,-0.33,6.670000000000001,3.84636684303351,5.669999999999999,44.725483699856355,4.794537184071822,5.783244946364939,0.0,0.0,0.0,0.0,0.0,0.0,0.0,0.0,13.344558822616634,13.344558822616634,6.4208216229260096,0.0,4.794537184071822,5.783244946364939,0.0,0.0,0.0,33.10993926815928,0.0,0.0,0.0,0.0,0.0,0.0,5.783244946364939,4.794537184071822,0.0,33.10993926815928,0.0,17.07,0.0,4.794537184071822,0.0,5.783244946364939,19.26246486877803,0.0,6.923737199690624,0.0,6.923737199690624,0.0,0.0,10.202638888888888,0.0,0.0,0.3072685185185189,0.0,2.935925925925926,3.720833333333333,0.0,0.8333333333333334,7,0,1,0,0,0,0,0,0,0,0,1,0,1,0,3,0,0,0,0,3.665038120433359,0,1.7656,30.20599999999998
PROPANONITRILE,7.625,7.625,0.625,0.625,0.4038142196355223,5.0,55.07999999999999,50.04,55.042199159999996,22,0.06183424059086474,-0.1983584061194375,0.1983584061194375,0.06183424059086474,2.0,2.25,2.25,14.212296398218594,10.572002691271628,1.4923787809860676,-1.465272864650331,1.5775759071816546,-1.38245409745284,4.614724474537435,1.2230132088820456,1.370950594454669,2.4330963097956344,33.03830640231605,3.414213562373095,2.6543203766865053,2.6543203766865053,1.914213562373095,1.2842669695298001,1.2842669695298001,0.5116672736016927,0.5116672736016927,0.15811388300841894,0.15811388300841894,0.0,0.0,-0.51,3.49,2.490000000000001,1.4900000000000018,25.86171493809148,0.0,0.0,0.0,0.0,0.0,0.0,0.0,0.0,5.261891554738487,0.0,6.923737199690624,0.0,6.4208216229260096,6.069221312792274,0.0,0.0,5.261891554738487,0.0,0.0,13.344558822616634,0.0,0.0,6.069221312792274,0.0,0.0,0.0,0.0,0.0,11.33111286753076,13.344558822616634,0.0,23.79,0.0,0.0,0.0,6.4208216229260096,0.0,0.0,0.0,12.992958512482897,0.0,5.261891554738487,0.0,0.0,7.625,0.0,0.0,1.9305555555555556,0.625,1.8194444444444444,0.0,0.6666666666666666,4,0,1,0,0,0,0,0,0,0,0,1,0,1,0,0,0,0,0,0,2.172525000000001,0,0.91998,15.904000000000002
"N,N-DIMETHYLACETAMIDE",10.069444444444445,10.069444444444445,0.092592592592593,0.092592592592593,0.40990688283686294,7.833333333333333,87.122,78.05,87.068413908,36,0.2184251307903347,-0.3490642652721722,0.3490642652721722,0.2184251307903347,1.5,1.6666666666666667,1.6666666666666667,16.15120649443187,10.652142743741097,1.8700686084336762,-2.018858241619909,1.69232422279314,-2.1652858302428397,5.718427487225338,-0.1258346170277213,1.3609640474436813,3.2575861612334887,58.568425030288566,5.1547005383792515,4.3554618859638214,4.3554618859638214,2.6427344100918364,1.8221581339818262,1.8221581339818262,1.413445226899354,1.413445226899354,0.6297877813350133,0.6297877813350133,0.0,0.0,-0.53,5.469999999999999,1.798837033645378,1.7581844380403455,37.75543314126651,4.899909730850478,0.0,0.0,5.907179729351506,0.0,0.0,4.794537184071822,0.0,0.0,0.0,0.0,0.0,21.019081165045005,0.0,4.794537184071822,5.907179729351506,0.0,4.899909730850478,0.0,6.923737199690624,14.09534396535438,0.0,0.0,0.0,0.0,0.0,24.902433425556364,4.794537184071822,0.0,6.923737199690624,0.0,20.310000000000002,0.0,4.794537184071822,5.907179729351506,0.0,0.0,11.823646930541102,14.09534396535438,0.0,0.0,0.0,0.0,11.597222222222221,0.0,0.0,0.092592592592593,0.0,0.0,1.5277777777777777,3.449074074074074,0.75,6,0,2,0,0,0,1,0,0,0,0,1,0,2,0,0,0,0,0,0,1.6399397623400358,0,0.09450000000000003,24.36799999999999
FORMIC ACID,8.36111111111111,8.36111111111111,0.25,-0.25,0.3801607209681124,4.0,46.025000000000006,44.009,46.005479304,18,0.29012882761761255,-0.483466609975982,0.483466609975982,0.29012882761761255,2.0,2.0,2.0,16.34596655894873,11.664976543957321,1.217720660428155,-1.33900942484556,0.9661560389561388,-1.4870251687793088,5.323236903758452,-0.12240733936195675,0.9182958340544894,2.1874960973678963,10.264662506490405,2.7071067811865475,1.4328121551534467,1.4328121551534467,1.4142135623730951,0.49390115014267705,0.49390115014267705,0.105409255338946,0.105409255338946,0.0,0.0,0.0,0.0,-0.53,2.4699999999999993,1.4699999999999982,1.4700000000000009,17.695006880069332,5.106527394840706,0.0,0.0,0.0,6.472220864716464,0.0,4.794537184071822,0.0,0.0,0.0,0.0,0.0,0.0,0.0,9.901064578912528,6.472220864716464,0.0,0.0,0.0,0.0,0.0,0.0,0.0,0.0,0.0,0.0,11.57874825955717,4.794537184071822,0.0,0.0,0.0,37.3,0.0,0.0,6.472220864716464,0.0,0.0,0.0,0.0,0.0,0.0,9.901064578912528,0.0,8.36111111111111,6.888888888888889,0.0,0.0,0.0,0.0,-0.25,0.0,0.0,3,1,2,0,0,0,0,0,0,0,0,1,1,2,0,0,0,0,0,0,1.2102999999999982,0,-0.29919999999999997,8.6928
N-METHYLANILINE,3.026944444444444,3.026944444444444,1.1597222222222223,1.1597222222222223,0.5759031939735615,8.625,107.15599999999998,98.08399999999997,107.073499288,42,0.03370429145852783,-0.3881220693538709,0.3881220693538709,0.03370429145852783,1.125,1.75,2.125,14.807677826446984,10.313624020025856,1.7738594610027487,-1.9366204811614374,2.0098352849296703,-1.8384629148424516,5.4074173450952925,1.5149402415356716,1.9034911933164034,2.8320858350070908,145.73281445033504,5.819990956308912,4.886751345948129,4.886751345948129,3.931851652578137,2.6606836025229597,2.6606836025229597,1.616025403784439,1.616025403784439,1.0624642029434528,1.0624642029434528,0.6048195192193407,0.6048195192193407,-0.9800000000000001,5.162450142450142,2.3586048594225155,0.9971092570832982,49.34620741750161,5.316788604006331,0.0,0.0,0.0,0.0,0.0,0.0,0.0,0.0,0.0,18.19910120538483,12.13273413692322,12.735058257360752,0.0,0.0,5.687386274683562,0.0,0.0,0.0,0.0,12.36446058668352,30.33183534230805,0.0,5.316788604006331,5.687386274683562,0.0,7.04767198267719,0.0,0.0,0.0,30.33183534230805,12.03,0.0,0.0,0.0,0.0,5.687386274683562,0.0,0.0,37.37950732498524,5.316788604006331,0.0,0.0,0.0,3.026944444444444,1.1597222222222223,0.0,10.067962962962962,0.0,0.0,1.912037037037037,0.14285714285714285,8,1,1,0,0,0,0,1,0,1,0,1,1,1,0,1,0,0,0,0,1.5220224990636704,1,1.7283,35.98870000000001
4-METHYL-2-PENTANONE,10.254166666666666,10.254166666666666,0.2870370370370372,0.2870370370370372,0.5150193170931499,9.714285714285714,100.16099999999999,88.06499999999998,100.088815004,42,0.12959512117371577,-0.3000199627172533,0.3000199627172533,0.12959512117371577,1.5714285714285714,2.0,2.0,16.13721582296354,10.097599154108247,1.9480787956992214,-1.9512962259758184,1.9728827182579025,-1.9495066129849994,5.750462716241885,-0.11716490653845879,1.272905595320056,3.126006652390634,64.58027134782355,5.8618073195657985,5.192705340840036,5.192705340840036,3.125897657686229,2.6206263646683197,2.6206263646683197,2.299986098471895,2.299986098471895,0.6957057690291278,0.6957057690291278,0.5749149571305296,0.5749149571305296,-0.33,6.670000000000001,2.779490232395047,5.669999999999999,44.725483699856355,4.794537184071822,5.783244946364939,0.0,0.0,0.0,0.0,0.0,0.0,0.0,0.0,13.847474399381248,12.841643245852017,6.4208216229260096,0.0,4.794537184071822,5.783244946364939,0.0,0.0,5.917906046161393,27.19203322199788,0.0,0.0,0.0,0.0,0.0,0.0,5.783244946364939,4.794537184071822,5.917906046161393,27.19203322199788,0.0,17.07,0.0,4.794537184071822,5.783244946364939,5.917906046161393,6.4208216229260096,0.0,6.923737199690624,13.847474399381248,0.0,0.0,0.0,10.254166666666666,0.0,0.0,0.8125000000000001,0.0,0.7222222222222221,5.711111111111111,0.0,0.8333333333333334,7,0,1,0,0,0,0,0,0,0,0,1,0,1,0,2,0,0,0,0,2.648457121439281,0,1.6215,30.13599999999998
3-PENTANONE,10.180555555555555,10.180555555555555,0.342592592592593,0.342592592592593,0.4957688321065221,8.333333333333334,86.134,76.054,86.07316494,36,0.13186152172966464,-0.2997406513908195,0.2997406513908195,0.13186152172966464,1.3333333333333333,1.6666666666666667,1.6666666666666667,16.13770405136894,10.250042925844223,1.8625884936488524,-1.8087766781044416,1.8249499239166267,-1.8767940623440593,5.770114341262289,-0.11794492463097392,1.6500224216483543,2.9881608821342693,41.900134529890124,4.99156383156272,4.322461852836958,4.322461852836958,2.808060412490447,2.325444488791574,2.325444488791574,1.2457819157813603,1.2457819157813603,0.7886751345948128,0.7886751345948128,0.24999999999999994,0.24999999999999994,-0.33,5.670000000000001,2.884132762312634,1.9424795640326975,38.36054158545974,0.0,5.783244946364939,0.0,0.0,0.0,0.0,4.794537184071822,0.0,0.0,0.0,13.847474399381248,0.0,12.841643245852019,0.0,4.794537184071822,5.783244946364939,0.0,0.0,0.0,26.689117645233267,0.0,0.0,0.0,0.0,0.0,0.0,5.783244946364939,4.794537184071822,0.0,26.689117645233267,0.0,17.07,0.0,4.794537184071822,0.0,18.624888192216957,0.0,0.0,0.0,13.847474399381248,0.0,0.0,0.0,10.180555555555555,0.0,0.0,0.342592592592593,0.0,1.3819444444444442,3.761574074074074,0.0,0.8,6,0,1,0,0,0,0,0,0,0,0,1,0,1,0,2,0,0,0,0,2.7255054603854396,0,1.3755,25.588999999999988
2-PENTANONE,10.04375,10.04375,0.2893518518518521,0.2893518518518521,0.4957688321065221,8.333333333333334,86.13399999999999,76.05399999999999,86.07316494,36,0.12932953227060026,-0.30003121331851546,0.30003121331851546,0.12932953227060026,1.6666666666666667,2.1666666666666665,2.1666666666666665,16.137161377899325,10.25703770289729,1.832593837482173,-1.8015786707385315,1.8393110519916285,-1.8402587953823883,5.7474265714595205,-0.11653045458848842,1.3485878960124225,2.831257109931365,47.900134529890124,4.99156383156272,4.322461852836958,4.322461852836958,2.770055610029662,2.2647843170117525,2.2647843170117525,1.4520151031226116,1.4520151031226116,0.6020620726159656,0.6020620726159656,0.35206207261596567,0.35206207261596567,-0.33,5.670000000000001,2.884132762312634,3.67,38.36054158545974,4.794537184071822,5.783244946364939,0.0,0.0,0.0,0.0,0.0,0.0,0.0,0.0,6.923737199690624,13.344558822616634,6.4208216229260096,0.0,4.794537184071822,5.783244946364939,0.0,0.0,0.0,26.689117645233267,0.0,0.0,0.0,0.0,0.0,0.0,5.783244946364939,4.794537184071822,0.0,26.689117645233267,0.0,17.07,0.0,4.794537184071822,5.783244946364939,0.0,12.841643245852019,0.0,6.923737199690624,6.923737199690624,0.0,0.0,0.0,10.04375,0.0,0.0,0.2893518518518521,0.0,1.7175925925925926,3.615972222222222,0.0,0.8,6,0,1,0,0,0,0,0,0,0,0,1,0,1,0,2,0,0,0,0,2.7255054603854396,0,1.3755,25.588999999999988
BUTANONE,9.8125,9.8125,0.25462962962963,0.25462962962963,0.45105080502496187,7.6,72.107,64.043,72.057514876,30,0.1290650325260376,-0.3000423849594125,0.3000423849594125,0.1290650325260376,1.8,2.0,2.0,16.137113777124796,10.36069990921781,1.764361948378108,-1.7110451766420987,1.7108251507906331,-1.797011934236342,5.744224710981027,-0.11619858873065753,1.3787834934861756,2.847378923087672,38.912609383243264,4.284457050376173,3.6153550716504106,3.6153550716504106,2.270055610029662,1.7647843170117528,1.7647843170117528,1.0555684937158853,1.0555684937158853,0.49789095789068016,0.49789095789068016,0.0,0.0,-0.33,4.67,1.9424795640326975,3.67,31.995599471063137,4.794537184071822,5.783244946364939,0.0,0.0,0.0,0.0,0.0,0.0,0.0,0.0,6.923737199690624,6.923737199690624,6.4208216229260096,0.0,4.794537184071822,5.783244946364939,0.0,0.0,0.0,20.268296022307258,0.0,0.0,0.0,0.0,0.0,0.0,5.783244946364939,4.794537184071822,0.0,20.268296022307258,0.0,17.07,0.0,4.794537184071822,5.783244946364939,6.4208216229260096,0.0,0.0,6.923737199690624,6.923737199690624,0.0,0.0,0.0,9.8125,0.0,0.0,0.25462962962963,0.0,0.6666666666666665,3.4328703703703702,0.0,0.75,5,0,1,0,0,0,0,0,0,0,0,1,0,1,0,1,0,0,0,0,1.8142759128065393,0,0.9854,20.971999999999994
ACETONITRILE,7.319444444444445,7.319444444444445,1.4305555555555556,1.4305555555555556,0.38698057986907736,2.6666666666666665,41.053,38.028999999999996,41.026549096,16,0.05871482377124906,-0.1986584259265234,0.1986584259265234,0.05871482377124906,2.0,2.0,2.0,14.199772541067192,10.95508811650909,1.1727325265919901,-1.1465232203603164,1.2146152150896594,-1.100101722274293,4.507020971444977,1.4896531954173182,0.9182958340544894,2.475534205527556,24.264662506490403,2.7071067811865475,1.9472135954999579,1.9472135954999579,1.4142135623730951,0.7236067977499789,0.7236067977499789,0.22360679774997896,0.22360679774997896,0.0,0.0,0.0,0.0,-0.51,2.490000000000001,1.4900000000000018,1.489999999999999,19.496772823694872,0.0,0.0,0.0,0.0,0.0,0.0,0.0,0.0,5.261891554738487,0.0,0.0,0.0,6.923737199690624,6.069221312792274,0.0,0.0,5.261891554738487,0.0,0.0,6.923737199690624,0.0,0.0,6.069221312792274,0.0,0.0,0.0,0.0,0.0,11.33111286753076,6.923737199690624,0.0,23.79,0.0,0.0,0.0,0.0,0.0,6.923737199690624,6.069221312792274,0.0,0.0,5.261891554738487,0.0,0.0,7.319444444444445,0.0,0.0,1.75,0.0,1.4305555555555556,0.0,0.5,3,0,1,0,0,0,0,0,0,0,0,1,0,1,0,0,0,0,0,0,1.236700000000002,0,0.52988,11.287
PROPYLAMINE,5.027777777777778,5.027777777777778,0.8194444444444444,0.8194444444444444,0.4632709184547627,7.5,59.11199999999999,50.04,59.073499287999994,26,-0.007990568627305066,-0.3304839223850739,0.3304839223850739,0.007990568627305066,1.75,2.0,2.0,14.504037662133452,10.515967250622754,1.5511912324770691,-1.6976601935466706,1.5691510617857773,-1.9292682370537027,4.189231717530194,0.9322941226869432,1.370950594454669,1.9747448713915894,5.245112497836532,3.414213562373095,2.9915638315627207,2.9915638315627207,1.914213562373095,1.6153550716504106,1.6153550716504106,0.7886751345948128,0.7886751345948128,0.28867513459481287,0.28867513459481287,0.0,0.0,-0.04,3.9600000000000004,2.9600000000000004,1.96,26.809025953635484,5.733667477162185,0.0,0.0,0.0,0.0,0.0,0.0,0.0,0.0,0.0,6.923737199690624,12.965578028838586,0.0,0.0,0.0,0.0,0.0,0.0,5.733667477162185,13.344558822616634,6.544756405912575,0.0,0.0,5.733667477162185,0.0,0.0,6.544756405912575,0.0,0.0,13.344558822616634,0.0,26.02,0.0,0.0,0.0,0.0,12.965578028838586,0.0,0.0,0.0,6.923737199690624,5.733667477162185,0.0,0.0,0.0,5.027777777777778,0.0,0.0,1.0972222222222223,2.875,0.0,1.0,4,2,1,0,0,0,0,0,0,0,0,1,1,1,0,1,0,0,0,0,2.9304000000000006,0,0.3551000000000001,19.345400000000005
PROPANAL,9.17361111111111,9.17361111111111,0.6388888888888888,0.6388888888888888,0.40325990291792796,6.25,58.08,52.032000000000004,58.041864812,24,0.11921494428801727,-0.30341423261619294,0.30341423261619294,0.11921494428801727,2.0,2.25,2.25,16.128669873456406,10.573321524729696,1.5215102458266105,-1.5102578854215465,1.5296669070255924,-1.546033732636957,5.477669402907269,-0.10708870297661234,1.370950594454669,2.2968352619191386,17.24511249783653,3.414213562373095,2.6927053408400363,2.6927053408400363,1.914213562373095,1.3510573320459265,1.3510573320459265,0.5749149571305296,0.5749149571305296,0.16666666666666669,0.16666666666666669,0.0,0.0,-0.33,3.67,2.67,1.6699999999999997,25.630657356666532,4.794537184071822,6.286160523129555,0.0,0.0,0.0,0.0,0.0,0.0,0.0,0.0,6.923737199690624,0.0,6.4208216229260096,0.0,4.794537184071822,6.286160523129555,0.0,0.0,0.0,13.344558822616634,0.0,0.0,0.0,0.0,0.0,0.0,6.286160523129555,4.794537184071822,0.0,13.344558822616634,0.0,17.07,0.0,4.794537184071822,0.0,6.4208216229260096,6.286160523129555,0.0,0.0,6.923737199690624,0.0,0.0,0.0,9.17361111111111,0.0,0.0,0.0,0.0,1.5138888888888888,1.8125,0.0,0.6666666666666666,4,0,1,0,0,0,0,0,0,0,0,1,0,1,0,1,0,0,0,0,2.449725,0,0.5952999999999999,16.355
ACETONE,9.444444444444445,9.444444444444445,0.16666666666666696,0.16666666666666696,0.3982369618339747,6.5,58.08,52.032,58.041864812,24,0.12626794356014373,-0.30034390268719197,0.30034390268719197,0.12626794356014373,1.5,1.5,1.5,16.136528004376032,10.550822254593742,1.6191254887288415,-1.5578363654489198,1.5007222223890127,-1.6913205217908898,5.717069246232807,-0.11449259533352314,0.8112781244591328,2.8030394876740514,26.264662506490403,3.5773502691896257,2.908248290463863,2.908248290463863,1.7320508075688772,1.2041241452319316,1.2041241452319316,0.9082482904638631,0.9082482904638631,0.0,0.0,0.0,0.0,-0.33,3.67,1.0445318352059925,6.883957759412302,25.63065735666653,4.794537184071822,5.783244946364939,0.0,0.0,0.0,0.0,0.0,0.0,0.0,0.0,0.0,13.847474399381248,0.0,0.0,4.794537184071822,5.783244946364939,0.0,0.0,0.0,13.847474399381248,0.0,0.0,0.0,0.0,0.0,0.0,5.783244946364939,4.794537184071822,0.0,13.847474399381248,0.0,17.07,0.0,4.794537184071822,5.783244946364939,0.0,0.0,13.847474399381248,0.0,0.0,0.0,0.0,0.0,9.444444444444445,0.0,0.0,0.16666666666666696,0.0,0.0,3.0555555555555554,0.0,0.6666666666666666,4,0,1,0,0,0,0,0,0,0,0,1,0,1,0,0,0,0,0,0,0.9583579588014981,0,0.5952999999999999,16.355
O-CRESOL,8.91925925925926,8.91925925925926,0.3680555555555558,0.3680555555555558,0.5359354364287862,9.125,108.13999999999999,100.07599999999998,108.057514876,42,0.11797961868439863,-0.5076872844527907,0.5076872844527907,0.11797961868439863,1.25,1.875,2.25,16.25527441287757,10.214592440524152,1.864690118404954,-1.9179349866154642,2.11713145249927,-1.683916199243291,5.292269352359672,0.47091519494026174,1.7681772153059907,3.134861511345448,160.49662946459569,5.983127663125442,4.756614672258461,4.756614672258461,3.804530452640311,2.5509570669396053,2.5509570669396053,1.78648662573128,1.78648662573128,1.1154541553668325,1.1154541553668325,0.5634205269554476,0.5634205269554476,-0.98,5.162450142450142,1.8646221994975438,0.808016780809638,48.59057898608958,5.106527394840706,5.749511833283905,0.0,0.0,0.0,0.0,0.0,0.0,0.0,0.0,18.19910120538483,18.55355575984923,0.0,0.0,5.106527394840706,0.0,0.0,0.0,0.0,6.923737199690624,0.0,29.828919765543436,5.749511833283905,0.0,0.0,5.749511833283905,5.106527394840706,0.0,6.923737199690624,5.563451491696996,24.26546827384644,20.23,0.0,0.0,0.0,5.749511833283905,5.563451491696996,0.0,6.06636706846161,25.122838405075452,0.0,5.106527394840706,0.0,0.0,8.91925925925926,0.9236111111111113,0.3680555555555558,7.252037037037036,0.0,1.8703703703703702,0.0,0.14285714285714285,8,1,1,0,0,0,0,1,0,1,0,1,1,1,0,0,0,0,0,0,1.203252392426474,1,1.70062,32.843799999999995
ANILINE,5.357777777777778,5.357777777777778,0.8217592592592595,0.8217592592592595,0.48007546344555996,8.571428571428571,93.12899999999999,86.073,93.057849224,36,0.03134759259121864,-0.39872882948659094,0.39872882948659094,0.03134759259121864,1.0,1.5714285714285714,1.8571428571428572,14.531911005857102,10.325605444309442,1.717748550374648,-1.8325344230548775,1.953829616100672,-1.7883441894356618,5.353844402376213,1.6886545936299073,1.6856161633204378,3.0214653097240864,134.10736969541455,5.112884175122364,3.964101615137755,3.964101615137755,3.393846850117352,2.1993587371177723,2.1993587371177723,1.4106836025229597,1.4106836025229597,0.7995724914118484,0.7995724914118484,0.4530389187988476,0.4530389187988476,-0.98,4.18611295681063,1.6461962159398054,0.9290591797144502,42.77129381650968,5.733667477162185,0.0,0.0,0.0,0.0,0.0,0.0,0.0,0.0,0.0,18.19910120538483,12.13273413692322,5.687386274683562,0.0,0.0,5.687386274683562,0.0,0.0,0.0,0.0,5.733667477162185,30.33183534230805,0.0,5.733667477162185,5.687386274683562,0.0,0.0,0.0,0.0,0.0,30.33183534230805,26.02,0.0,0.0,0.0,0.0,5.687386274683562,0.0,0.0,30.33183534230805,0.0,5.733667477162185,0.0,0.0,0.0,6.179537037037037,0.0,9.487129629629628,0.0,0.0,0.0,0.0,7,2,1,0,0,0,0,1,0,1,0,1,1,1,0,0,0,0,0,0,0.9844519012854642,1,1.2687999999999997,30.854400000000002
"1,2-ETHANEDIOL",7.625,7.625,0.125,-0.125,0.40752789066641704,7.5,62.068000000000005,56.02,62.036779432,26,0.06622663964681728,-0.3939905415754596,0.3939905415754596,0.06622663964681728,1.0,1.25,1.25,16.30425825223958,10.818323674812085,1.5752986759502907,-1.6990667974042981,1.392607250745466,-1.8453009104147722,4.062481069474973,0.1859385623806979,1.370950594454669,1.9747448713915894,6.0,3.414213562373095,2.3086407533730107,2.3086407533730107,1.914213562373095,1.1324555320336755,1.1324555320336755,0.4472135954999578,0.4472135954999578,0.09999999999999996,0.09999999999999996,0.0,0.0,-0.08,3.9200000000000004,2.92,1.9199999999999995,24.69266064661818,10.213054789681411,0.0,0.0,0.0,0.0,0.0,0.0,0.0,0.0,0.0,0.0,0.0,0.0,13.213763929025836,10.213054789681411,0.0,0.0,0.0,0.0,0.0,13.213763929025836,0.0,0.0,0.0,0.0,0.0,23.426818718707246,0.0,0.0,0.0,0.0,40.46,0.0,0.0,13.213763929025836,0.0,0.0,0.0,0.0,0.0,0.0,10.213054789681411,0.0,0.0,15.25,0.0,0.0,0.0,0.0,-0.25,0.0,1.0,4,2,2,0,0,0,0,0,0,0,0,2,2,2,0,1,0,0,0,0,2.8616,0,-1.029,14.171600000000002
WATER,0.0,0.0,0.0,0.0,0.3277476769246249,0.0,18.015,15.999,18.010564684,8,-0.4115095219374226,-0.4115095219374226,0.4115095219374226,0.4115095219374226,1.0,1.0,1.0,15.999,15.999,-0.4115095219374226,-0.4115095219374226,-0.2893,-0.2893,0.8238,0.8238,0.0,0.0,0.0,0.0,0.5,0.5,0.0,0.0,0.0,0.0,0.0,0.0,0.0,0.0,0.0,-0.04,0.9600000000000016,-27.040000000000028,-104.0400000000001,6.84923118831809,5.476191835881363,0.0,0.0,0.0,0.0,0.0,0.0,0.0,0.0,0.0,0.0,0.0,0.0,0.0,5.476191835881363,0.0,0.0,0.0,0.0,0.0,0.0,0.0,0.0,0.0,0.0,0.0,5.476191835881363,0.0,0.0,0.0,0.0,31.5,0.0,0.0,5.476191835881363,0.0,0.0,0.0,0.0,0.0,0.0,0.0,0.0,0.0,0.0,0.0,0.0,0.0,0.0,0.0,0.0,0.0,1,2,1,0,0,0,0,0,0,0,0,0,0,1,0,0,0,0,0,0,-25.958400000000072,0,-0.8247,3.6138
M-CRESOL,8.813055555555556,8.813055555555556,0.33796296296296324,0.33796296296296324,0.5359354364287862,9.125,108.13999999999997,100.07599999999998,108.057514876,42,0.11533965245343211,-0.5079565717457838,0.5079565717457838,0.11533965245343211,1.375,2.125,2.5,16.254656663338768,10.224553205488641,1.826185111866426,-1.8942898431050263,2.0782394469439156,-1.6646216320811125,5.250714755330712,0.4746651853356807,1.6423714487439025,3.077660437970554,164.24662946459569,5.983127663125442,4.756614672258461,4.756614672258461,3.7876937002347035,2.5449740027958976,2.5449740027958976,1.8390034826307355,1.8390034826307355,1.001656401777274,1.001656401777274,0.6279702493922379,0.6279702493922379,-0.98,5.162450142450142,1.8646221994975438,0.9971092570832982,48.59057898608958,5.106527394840706,5.749511833283905,0.0,0.0,0.0,0.0,0.0,0.0,0.0,0.0,12.13273413692322,24.619922828310838,0.0,0.0,5.106527394840706,0.0,0.0,0.0,0.0,6.923737199690624,0.0,29.828919765543436,5.749511833283905,0.0,0.0,5.749511833283905,5.106527394840706,0.0,6.923737199690624,5.563451491696996,24.26546827384644,20.23,0.0,0.0,0.0,5.749511833283905,5.563451491696996,0.0,12.13273413692322,19.056471336613843,0.0,5.106527394840706,0.0,0.0,8.813055555555556,1.0879629629629632,0.33796296296296324,7.150185185185186,0.0,1.9441666666666666,0.0,0.14285714285714285,8,1,1,0,0,0,0,1,0,1,0,1,1,1,0,0,0,0,0,0,1.203252392426474,1,1.7006199999999996,32.843799999999995
1-DECANOL,8.507012641489101,8.507012641489101,0.3700000000000001,0.3700000000000001,0.5380402798848124,10.363636363636363,158.285,136.10899999999998,158.167065324,68,0.043052407228889096,-0.39637656934228244,0.39637656934228244,0.043052407228889096,0.7272727272727273,1.1818181818181819,1.6363636363636365,16.249925975595467,10.090100395149069,1.8880856920778704,-1.9829591967337095,2.070505379699938,-1.831827006128816,4.441733181123969,0.2820048741318684,2.0339309928768716,2.6909155266923976,53.89311688209828,8.36396103067893,7.811174626178888,7.811174626178888,5.414213562373096,5.023334547203385,5.023334547203385,3.198480531902894,3.198480531902894,2.0116672736016925,2.0116672736016925,1.2456868753581731,1.2456868753581731,-0.04,10.96,9.96,9.960000000000003,70.81796380959506,5.106527394840706,0.0,0.0,0.0,0.0,0.0,0.0,0.0,0.0,0.0,51.8694885601727,6.4208216229260096,6.606881964512918,0.0,5.106527394840706,0.0,0.0,0.0,0.0,58.29031018309871,6.606881964512918,0.0,0.0,0.0,0.0,0.0,11.713409359353623,0.0,0.0,58.29031018309871,0.0,20.23,0.0,0.0,0.0,6.606881964512918,6.4208216229260096,44.94575136048208,0.0,0.0,6.923737199690624,5.106527394840706,0.0,0.0,8.507012641489101,0.0,0.0,0.0,10.381161344167298,2.611826014343601,0.0,1.0,11,1,1,0,0,0,0,0,0,0,0,1,1,1,0,8,0,0,0,0,9.923781818181821,0,3.119400000000002,49.69580000000003
1-NONANOL,8.468954790249434,8.468954790249434,0.36882716049382713,0.36882716049382713,0.5446193762686498,10.2,144.258,124.09799999999997,144.15141526,62,0.04305240722888908,-0.39637656934228244,0.39637656934228244,0.04305240722888908,0.8,1.3,1.8,16.249925222858444,10.106046944196422,1.87502819430455,-1.9699260433180419,2.053292839740624,-1.8272204641447032,4.428013034612784,0.2820281809206044,1.9671544718900458,2.6476048489438337,44.68995593589281,7.6568542494923815,7.10406784499234,7.10406784499234,4.914213562373096,4.523334547203385,4.523334547203385,2.8449271413096207,2.8449271413096207,1.7616672736016925,1.7616672736016925,1.0689101800615364,1.0689101800615364,-0.04,9.96,8.960000000000003,7.960000000000003,64.45302169519843,5.106527394840706,0.0,0.0,0.0,0.0,0.0,0.0,0.0,0.0,0.0,45.448666937246685,6.4208216229260096,6.606881964512918,0.0,5.106527394840706,0.0,0.0,0.0,0.0,51.8694885601727,6.606881964512918,0.0,0.0,0.0,0.0,0.0,11.713409359353623,0.0,0.0,51.8694885601727,0.0,20.23,0.0,0.0,0.0,6.606881964512918,6.4208216229260096,38.524929737556064,0.0,0.0,6.923737199690624,5.106527394840706,0.0,0.0,8.468954790249434,0.0,0.0,0.0,8.93233418367347,2.5987110260770976,0.0,1.0,10,1,1,0,0,0,0,0,0,0,0,1,1,1,0,7,0,0,0,0,8.924160000000004,0,2.7293000000000016,45.078800000000015
1-OCTANOL,8.42278195074326,8.42278195074326,0.3671875,0.3671875,0.5470483699238978,10.0,130.23100000000002,112.08699999999997,130.135765196,56,0.04305240722887934,-0.3963765693422825,0.3963765693422825,0.04305240722887934,0.8888888888888888,1.4444444444444444,2.0,16.24992446165915,10.127401577099874,1.858126841561492,-1.952908261540892,2.030494638054405,-1.8210083240349728,4.4101918633492065,0.28209872716679824,1.88523483624215,2.595082706793886,37.832293921787276,6.949747468305834,6.396961063805792,6.396961063805792,4.414213562373095,4.023334547203385,4.023334547203385,2.491373750716347,2.491373750716347,1.5116672736016925,1.5116672736016925,0.8921334847648997,0.8921334847648997,-0.04,8.960000000000003,7.960000000000003,7.9600000000000035,58.08807958080182,5.106527394840706,0.0,0.0,0.0,0.0,0.0,0.0,0.0,0.0,0.0,39.02784531432067,6.4208216229260096,6.606881964512918,0.0,5.106527394840706,0.0,0.0,0.0,0.0,45.448666937246685,6.606881964512918,0.0,0.0,0.0,0.0,0.0,11.713409359353623,0.0,0.0,45.448666937246685,0.0,20.23,0.0,0.0,0.0,6.606881964512918,6.4208216229260096,32.10410811463005,0.0,0.0,6.923737199690624,5.106527394840706,0.0,0.0,8.42278195074326,0.0,0.0,0.0,7.495702239229025,2.5815158100277147,0.0,1.0,9,1,1,0,0,0,0,0,0,0,0,1,1,1,0,6,0,0,0,0,7.924622222222228,0,2.3392000000000013,40.461800000000004
CYCLOPENTANOL,8.729166666666668,8.729166666666668,0.04629629629629606,0.04629629629629606,0.4644899319371969,25.5,86.134,76.05399999999999,86.07316494,36,0.053984801105416404,-0.3931313823625101,0.3931313823625101,0.053984801105416404,1.1666666666666667,1.6666666666666667,1.8333333333333333,16.266161020769577,10.320349977190231,2.0865640467248183,-1.9089118857945906,2.1589041381550156,-1.9426321489480094,4.625676707883464,0.1829267375211864,1.8638263900908159,2.184105569636068,37.20310343869659,4.405777393935816,3.8529909894357735,3.8529909894357735,2.893846850117352,2.574695470674887,2.574695470674887,1.9382805566410968,1.9382805566410968,1.324695470674887,1.324695470674887,0.9042620223220874,0.9042620223220874,-0.04,4.127785234899329,1.6056599286563615,0.716242568370987,37.987422084082766,5.106527394840706,0.0,0.0,0.0,0.0,0.0,0.0,0.0,0.0,0.0,12.841643245852019,12.841643245852019,0.0,6.103966387748303,5.106527394840706,0.0,0.0,0.0,0.0,31.787252879452343,0.0,0.0,0.0,0.0,0.0,0.0,11.210493782589008,0.0,0.0,25.683286491704038,0.0,20.23,0.0,0.0,6.103966387748303,0.0,12.841643245852019,12.841643245852019,0.0,0.0,0.0,5.106527394840706,0.0,0.0,8.729166666666668,0.0,0.0,0.0,4.604166666666667,0.0,0.0,1.0,6,1,1,1,0,1,0,0,0,0,0,1,1,1,0,0,1,0,1,0,1.1046365576295398,1,0.9213,24.47479999999999
BENZYL ALCOHOL,8.537592592592592,8.537592592592592,0.1397222222222223,0.1397222222222223,0.5723436119287516,9.125,108.13999999999997,100.07599999999998,108.057514876,42,0.06813693972174781,-0.3916804684282009,0.3916804684282009,0.06813693972174781,1.125,1.75,2.125,16.250243496756667,10.226480034689379,1.8063014821023533,-1.887328946978376,1.9491003361878607,-1.7726836754112498,5.124430982766703,0.28160926643985446,1.9034911933164034,2.8320858350070903,145.73281445033504,5.819990956308912,4.541071722634635,4.541071722634635,3.931851652578137,2.580464759133071,2.580464759133071,1.6437124426619083,1.6437124426619083,1.0253988479125442,1.0253988479125442,0.5834198265146368,0.5834198265146368,-0.8200000000000001,5.319275766016713,2.4782287289052554,1.073981896801325,48.59057898608958,5.106527394840706,0.0,0.0,0.0,0.0,0.0,0.0,0.0,0.0,0.0,30.33183534230805,5.563451491696996,0.0,6.606881964512918,5.106527394840706,0.0,0.0,0.0,0.0,6.606881964512918,0.0,35.89528683400505,0.0,0.0,0.0,0.0,5.106527394840706,6.606881964512918,0.0,5.563451491696996,30.33183534230805,20.23,0.0,0.0,6.606881964512918,0.0,5.563451491696996,0.0,0.0,30.33183534230805,0.0,5.106527394840706,0.0,0.0,8.537592592592592,0.9652777777777779,0.0,9.524074074074075,0.0,0.1397222222222223,0.0,0.14285714285714285,8,1,1,0,0,0,0,1,0,1,0,1,1,1,0,1,0,0,0,0,1.647797752539016,1,1.1788999999999998,32.364799999999995
2-METHOXYETHANOL,7.94125,7.94125,0.12152777777777768,0.12152777777777768,0.48573367049540334,8.4,76.095,68.03099999999999,76.052429496,32,0.06934265212863683,-0.3939806162163566,0.3939806162163566,0.06934265212863683,1.8,2.4,2.4,16.47203731064674,10.800703317685024,1.6669610016480747,-1.8379588886566176,1.5607274670495996,-1.9118289875210903,4.124600329158877,0.13544323112367002,1.4056390622295665,2.19060968716425,12.36452797660028,4.121320343559642,3.269675448336916,3.269675448336916,2.414213562373095,1.5131511910755138,1.5131511910755138,0.7164060775767234,0.7164060775767234,0.2954112381494592,0.2954112381494592,0.09128709291752768,0.09128709291752768,-0.08,4.920000000000001,3.9200000000000004,3.92,31.37691423832566,9.843390348640755,0.0,0.0,0.0,0.0,0.0,0.0,0.0,0.0,0.0,0.0,0.0,7.109797541277533,13.213763929025836,9.843390348640755,0.0,0.0,0.0,0.0,0.0,20.32356147030337,0.0,0.0,0.0,0.0,0.0,25.43008886514408,4.736862953800049,0.0,0.0,0.0,29.46,0.0,0.0,6.606881964512918,6.606881964512918,0.0,0.0,7.109797541277533,0.0,4.736862953800049,5.106527394840706,4.440972222222222,0.0,7.94125,0.0,0.0,0.0,0.0,0.5659722222222221,1.5518055555555557,1.0,5,1,2,0,0,0,0,0,0,0,0,2,1,2,0,2,0,0,0,0,3.8572800000000007,0,-0.37489999999999996,18.9618
1-HEPTANOL,8.365586734693878,8.365586734693878,0.36479591836734704,0.36479591836734704,0.5441914935658748,9.75,116.204,100.07599999999998,116.120115132,50,0.04305240722358137,-0.39637656934229265,0.39637656934229265,0.04305240722358137,1.0,1.625,2.125,16.249923664121983,10.156927409334365,1.8355493946765933,-1.9302010202407784,1.9992919154403415,-1.8123719223305603,4.3862962203408635,0.28226080118618174,1.8088121254443208,2.53006045688352,29.368065554250645,6.242640687119286,5.689854282619244,5.689854282619244,3.914213562373095,3.5233345472033855,3.5233345472033855,2.1378203601230736,2.1378203601230736,1.2616672736016925,1.2616672736016925,0.715356789468263,0.715356789468263,-0.04,7.96,6.96,5.959999999999999,51.723137466405205,5.106527394840706,0.0,0.0,0.0,0.0,0.0,0.0,0.0,0.0,0.0,32.60702369139466,6.4208216229260096,6.606881964512918,0.0,5.106527394840706,0.0,0.0,0.0,0.0,39.02784531432067,6.606881964512918,0.0,0.0,0.0,0.0,0.0,11.713409359353623,0.0,0.0,39.02784531432067,0.0,20.23,0.0,0.0,0.0,6.606881964512918,6.4208216229260096,25.683286491704038,0.0,0.0,6.923737199690624,5.106527394840706,0.0,0.0,8.365586734693878,0.0,0.0,0.0,6.076218820861678,2.5581944444444447,0.0,1.0,8,1,1,0,0,0,0,0,0,0,0,1,1,1,0,5,0,0,0,0,6.9252,0,1.9491,35.84479999999999
1-HEXANOL,8.292882653061223,8.292882653061223,0.36111111111111116,0.36111111111111116,0.5339278817039772,9.428571428571429,102.17699999999999,88.06499999999998,102.104465068,44,0.04305240583871402,-0.396376569347818,0.396376569347818,0.04305240583871402,1.1428571428571428,1.8571428571428572,2.2857142857142856,16.24992271074938,10.199338618479077,1.8042035443757636,-1.899002084825518,1.9548843059963394,-1.7998072712309119,4.352979366632653,0.282705155566582,1.690933805959686,2.447472887876344,23.360990398949916,5.535533905932738,4.982747501432696,4.982747501432696,3.414213562373095,3.0233345472033855,3.0233345472033855,1.7842669695298,1.7842669695298,1.0116672736016925,1.0116672736016925,0.5385800941716262,0.5385800941716262,-0.04,6.96,5.959999999999999,5.960000000000001,45.35819535200859,5.106527394840706,0.0,0.0,0.0,0.0,0.0,0.0,0.0,0.0,0.0,26.186202068468653,6.4208216229260096,6.606881964512918,0.0,5.106527394840706,0.0,0.0,0.0,0.0,32.60702369139466,6.606881964512918,0.0,0.0,0.0,0.0,0.0,11.713409359353623,0.0,0.0,32.60702369139466,0.0,20.23,0.0,0.0,0.0,6.606881964512918,6.4208216229260096,19.26246486877803,0.0,0.0,6.923737199690624,5.106527394840706,0.0,0.0,8.292882653061223,0.0,0.0,0.0,4.6819444444444445,2.5251729024943312,0.0,1.0,7,1,1,0,0,0,0,0,0,0,0,1,1,1,0,4,0,0,0,0,5.925942857142856,0,1.559,31.22779999999998
2-METHYL-2-PROPANOL,8.520833333333332,8.520833333333332,0.5,-0.5,0.44982765674847763,12.0,74.12299999999999,64.04299999999999,74.07316494,32,0.05632585341065862,-0.3907600879079809,0.3907600879079809,0.05632585341065862,1.2,1.2,1.2,16.27984148257892,10.191955772566992,1.974011306289054,-2.041982881014427,1.9294032058885513,-2.0955514074936135,4.504159461784884,0.10158908055418193,0.7219280948873623,3.0237157840738176,19.11941547876375,4.5,3.947213595499958,3.947213595499958,2.0,1.723606797749979,1.723606797749979,2.170820393249937,2.170820393249937,0.0,0.0,0.0,0.0,-0.04,4.960000000000001,0.9767560019818928,9507.96,32.62831112321538,5.106527394840706,0.0,0.0,0.0,0.0,0.0,0.0,0.0,0.0,0.0,0.0,20.771211599071872,0.0,5.601050810983688,5.106527394840706,0.0,0.0,0.0,0.0,26.37226241005556,0.0,0.0,0.0,0.0,0.0,0.0,10.707578205824394,0.0,0.0,20.771211599071872,0.0,20.23,5.601050810983688,0.0,0.0,0.0,0.0,0.0,20.771211599071872,0.0,0.0,5.106527394840706,0.0,0.0,8.520833333333332,-0.5,0.0,0.0,0.0,5.229166666666667,0.0,1.0,5,1,1,0,0,0,0,0,0,0,0,1,1,1,0,0,0,0,0,0,0.9689419539660378,0,0.7771999999999999,21.971799999999995
1-PENTANOL,8.19736111111111,8.19736111111111,0.355,0.355,0.513281356352027,9.0,88.14999999999999,76.05399999999999,88.088815004,38,0.04305223345357219,-0.3963765707960063,0.3963765707960063,0.04305223345357219,1.3333333333333333,2.0,2.1666666666666665,16.249920993384958,10.263374251449198,1.7585175569461067,-1.854824490829793,1.8886357691457698,-1.7805579678492776,4.304159999369914,0.2838073227136418,1.6143308351592656,2.3390923149762908,15.900134529890124,4.82842712474619,4.275640720246148,4.275640720246148,2.914213562373095,2.5233345472033855,2.5233345472033855,1.4307135789365262,1.4307135789365262,0.7616672736016925,0.7616672736016925,0.36180339887498936,0.36180339887498936,-0.04,5.959999999999999,4.960000000000001,3.9600000000000004,38.99325323761199,5.106527394840706,0.0,0.0,0.0,0.0,0.0,0.0,0.0,0.0,0.0,19.765380445542643,6.4208216229260096,6.606881964512918,0.0,5.106527394840706,0.0,0.0,0.0,0.0,26.186202068468653,6.606881964512918,0.0,0.0,0.0,0.0,0.0,11.713409359353623,0.0,0.0,26.186202068468653,0.0,20.23,0.0,0.0,0.0,6.606881964512918,12.841643245852019,6.4208216229260096,0.0,0.0,6.923737199690624,5.106527394840706,0.0,0.0,8.19736111111111,0.0,0.0,0.0,3.3269444444444445,2.475694444444444,0.0,1.0,6,1,1,0,0,0,0,0,0,0,0,1,1,1,0,3,0,0,0,0,4.926933333333333,0,1.1689,26.61079999999999
N-METHYLFORMAMIDE,9.0625,9.0625,0.625,0.625,0.3999167569393753,5.25,59.068000000000005,54.028,59.03711378,24,0.20636389853512746,-0.36175235047866455,0.36175235047866455,0.20636389853512746,2.0,2.25,2.25,16.13824178989526,11.234357001325675,1.4256109802564125,-1.6422662145025897,1.0941400424272862,-1.9755998128748917,5.44410767851034,-0.10862949675700492,1.370950594454669,2.2968352619191386,20.0,3.414213562373095,2.485598559653489,2.485598559653489,1.914213562373095,1.0243773949903288,1.0243773949903288,0.40652626479257087,0.40652626479257087,0.11785113019775795,0.11785113019775795,0.0,0.0,-0.53,3.4699999999999998,2.4699999999999993,1.4699999999999982,24.81557742587796,5.316788604006331,0.0,0.0,6.410095306116121,0.0,0.0,4.794537184071822,0.0,0.0,0.0,0.0,0.0,7.04767198267719,0.0,4.794537184071822,6.410095306116121,0.0,5.316788604006331,0.0,0.0,7.04767198267719,0.0,0.0,5.316788604006331,0.0,0.0,13.45776728879331,4.794537184071822,0.0,0.0,0.0,29.1,0.0,0.0,0.0,6.410095306116121,0.0,0.0,7.04767198267719,0.0,5.316788604006331,4.794537184071822,0.0,9.0625,2.25,0.0,0.0,0.0,0.625,0.0,1.5625,0.5,4,1,2,0,0,0,1,0,0,0,0,1,1,2,0,1,0,0,0,0,2.142724999999999,0,-0.6378000000000001,15.123700000000001
2-BUTANOL,8.36111111111111,8.36111111111111,0.11574074074074092,-0.11574074074074092,0.4869274292842043,15.0,74.12299999999999,64.04299999999999,74.07316494,32,0.05090390435353903,-0.39343008722162376,0.39343008722162376,0.05090390435353903,1.8,2.0,2.0,16.26458483482449,10.326388173243137,1.8121320881201477,-1.900915745072431,1.8117510147633689,-1.926645189206828,4.338386966555718,0.19054420525614957,1.3787834934861756,2.5395388613593908,17.609640474436812,4.284457050376173,3.731670645876131,3.731670645876131,2.270055610029662,1.9509042305871975,1.9509042305871975,1.2572696565099426,1.2572696565099426,0.5908224762989184,0.5908224762989184,0.0,0.0,-0.04,4.960000000000001,2.212525252525253,3.9600000000000004,32.62831112321538,5.106527394840706,0.0,0.0,0.0,0.0,0.0,0.0,0.0,0.0,0.0,6.923737199690624,13.344558822616634,0.0,6.103966387748303,5.106527394840706,0.0,0.0,0.0,0.0,26.37226241005556,0.0,0.0,0.0,0.0,0.0,0.0,11.210493782589008,0.0,0.0,20.268296022307258,0.0,20.23,0.0,0.0,6.103966387748303,0.0,6.4208216229260096,0.0,6.923737199690624,6.923737199690624,0.0,5.106527394840706,0.0,0.0,8.36111111111111,0.0,0.0,0.0,0.7453703703703702,3.726851851851852,0.0,1.0,5,1,1,0,0,0,0,0,0,0,1,1,1,1,0,1,0,0,0,1,2.1948250505050515,0,0.7771999999999999,21.971799999999995
1-BUTANOL,8.06625,8.06625,0.34375,0.34375,0.5128217987135145,8.4,74.12299999999999,64.04299999999999,74.07316494,32,0.043042283485206966,-0.39637675206921097,0.39637675206921097,0.043042283485206966,1.6,2.2,2.2,16.249913992725098,10.366423430594462,1.687587037465619,-1.7897007308893,1.7840580049254637,-1.7487729920784478,4.227732581407003,0.28678383848176386,1.4056390622295665,2.19060968716425,11.119415478763749,4.121320343559642,3.5685339390596003,3.5685339390596003,2.414213562373095,2.0233345472033855,2.0233345472033855,1.0771601883432524,1.0771601883432524,0.5116672736016926,0.5116672736016926,0.15811388300841892,0.15811388300841892,-0.04,4.960000000000001,3.9600000000000004,3.9600000000000004,32.62831112321538,5.106527394840706,0.0,0.0,0.0,0.0,0.0,0.0,0.0,0.0,0.0,13.344558822616634,6.4208216229260096,6.606881964512918,0.0,5.106527394840706,0.0,0.0,0.0,0.0,19.765380445542643,6.606881964512918,0.0,0.0,0.0,0.0,0.0,11.713409359353623,0.0,0.0,19.765380445542643,0.0,20.23,0.0,0.0,0.0,6.606881964512918,12.841643245852019,0.0,0.0,0.0,6.923737199690624,5.106527394840706,0.0,0.0,8.06625,0.0,0.0,0.0,2.0381944444444446,2.3955555555555557,0.0,1.0,5,1,1,0,0,0,0,0,0,0,0,1,1,1,0,2,0,0,0,0,3.9283200000000007,0,0.7787999999999999,21.993799999999997
2-PROPEN-1-OL,7.756944444444445,7.756944444444445,0.08333333333333348,0.08333333333333348,0.425825650815454,6.25,58.08,52.032000000000004,58.041864812,24,0.06093122118130107,-0.3923178086285883,0.3923178086285883,0.06093122118130107,2.0,2.25,2.25,16.24941515818958,10.718631676315583,1.4468719758921826,-1.5995765209844832,1.4586604123434628,-1.6216562365762965,4.603456919204676,0.34288544690840933,1.370950594454669,2.2968352619191394,17.24511249783653,3.414213562373095,2.4387774270626785,2.4387774270626785,1.914213562373095,1.1327243469445638,1.1327243469445638,0.4712493204298682,0.4712493204298682,0.12909944487358055,0.12909944487358055,0.0,0.0,-0.3,3.7,2.700000000000001,1.7000000000000013,25.573765976634522,5.106527394840706,0.0,0.0,0.0,0.0,0.0,0.0,0.0,0.0,6.578935683598497,6.076020106833881,0.0,0.0,6.606881964512918,5.106527394840706,0.0,0.0,0.0,0.0,0.0,6.606881964512918,12.654955790432378,0.0,0.0,0.0,0.0,11.713409359353623,0.0,0.0,0.0,12.654955790432378,20.23,0.0,0.0,6.606881964512918,0.0,0.0,6.076020106833881,0.0,0.0,6.578935683598497,5.106527394840706,0.0,0.0,7.756944444444445,0.0,0.0,0.0,1.4305555555555556,3.3125,0.0,0.3333333333333333,4,1,1,0,0,0,0,0,0,0,0,1,1,1,0,1,0,0,0,0,2.497500000000001,0,0.1647,17.2828
2-METHYL-1-PROPANOL,8.143518518518519,8.143518518518519,0.3055555555555556,0.3055555555555556,0.4834802442445536,9.6,74.12299999999999,64.04299999999999,74.07316494,32,0.045348803787554154,-0.39610984383746906,0.39610984383746906,0.045348803787554154,1.6,1.8,1.8,16.250822345185263,10.248648690795427,1.81069746698569,-1.895920975847972,1.8300960747109434,-1.9021634047053195,4.318960271531586,0.2479626892715294,1.3787834934861756,2.5395388613593903,17.609640474436812,4.284457050376173,3.731670645876131,3.731670645876131,2.270055610029662,1.8791765948599526,1.8791765948599526,1.5764210359524071,1.5764210359524071,0.3651483716701107,0.3651483716701107,0.0,0.0,-0.04,4.960000000000001,2.212525252525253,3.9600000000000004,32.62831112321538,5.106527394840706,0.0,0.0,0.0,0.0,0.0,0.0,0.0,0.0,0.0,13.847474399381248,5.917906046161393,6.606881964512918,0.0,5.106527394840706,0.0,0.0,0.0,5.917906046161393,13.847474399381248,6.606881964512918,0.0,0.0,0.0,0.0,0.0,11.713409359353623,0.0,5.917906046161393,13.847474399381248,0.0,20.23,0.0,0.0,0.0,12.52478801067431,0.0,0.0,0.0,13.847474399381248,0.0,5.106527394840706,0.0,0.0,8.143518518518519,0.0,0.43981481481481466,0.0,0.0,4.25,0.0,1.0,5,1,1,0,0,0,0,0,0,0,0,1,1,1,0,1,0,0,0,0,2.1948250505050515,0,0.6347,21.923799999999996
2-PROPANOL,8.055555555555555,8.055555555555555,0.16666666666666674,-0.16666666666666674,0.42840479403162834,9.0,60.096000000000004,52.032000000000004,60.057514876,26,0.04834761180869219,-0.3937069016405105,0.3937069016405105,0.04834761180869219,1.5,1.5,1.5,16.26364309024246,10.503601865317728,1.6882269952162394,-1.7983014802258805,1.64578110289585,-1.848436775374454,4.204004313602449,0.21562482738807573,0.8112781244591328,2.3237900077244498,8.0,3.5773502691896257,3.0245638646895836,3.0245638646895836,1.7320508075688772,1.412899428126413,1.412899428126413,1.0937480486839481,1.0937480486839481,0.0,0.0,0.0,0.0,-0.04,3.9600000000000004,1.297837837837838,1128.9599999999998,26.263369008818774,5.106527394840706,0.0,0.0,0.0,0.0,0.0,0.0,0.0,0.0,0.0,0.0,13.847474399381248,6.103966387748303,0.0,5.106527394840706,0.0,0.0,0.0,0.0,19.95144078712955,0.0,0.0,0.0,0.0,0.0,0.0,11.210493782589008,0.0,0.0,13.847474399381248,0.0,20.23,0.0,0.0,6.103966387748303,0.0,0.0,0.0,13.847474399381248,0.0,0.0,5.106527394840706,0.0,0.0,8.055555555555555,0.0,0.0,0.0,-0.16666666666666674,3.4444444444444446,0.0,1.0,4,1,1,0,0,0,0,0,0,0,0,1,1,1,0,0,0,0,0,0,1.2848594594594596,0,0.38710000000000006,17.354800000000004
1-PROPANOL,7.875,7.875,0.3194444444444444,0.3194444444444444,0.46378398302396845,7.5,60.096,52.032000000000004,60.057514876,26,0.04278927992053378,-0.39638735063233616,0.39638735063233616,0.04278927992053378,1.75,2.0,2.0,16.24985029953303,10.547573166539827,1.5677116084812683,-1.6891847809432488,1.6080928326075683,-1.6908528015472257,4.09636113465441,0.29476856785792466,1.370950594454669,1.9747448713915894,5.245112497836532,3.414213562373095,2.861427157873053,2.861427157873053,1.914213562373095,1.5233345472033855,1.5233345472033855,0.7236067977499788,0.7236067977499788,0.2236067977499789,0.2236067977499789,0.0,0.0,-0.04,3.9600000000000004,2.9600000000000004,1.96,26.26336900881878,5.106527394840706,0.0,0.0,0.0,0.0,0.0,0.0,0.0,0.0,0.0,6.923737199690624,6.4208216229260096,6.606881964512918,0.0,5.106527394840706,0.0,0.0,0.0,0.0,13.344558822616634,6.606881964512918,0.0,0.0,0.0,0.0,0.0,11.713409359353623,0.0,0.0,13.344558822616634,0.0,20.23,0.0,0.0,0.0,6.606881964512918,6.4208216229260096,0.0,0.0,6.923737199690624,0.0,5.106527394840706,0.0,0.0,7.875,0.0,0.0,0.0,0.875,2.25,0.0,1.0,4,1,1,0,0,0,0,0,0,0,0,1,1,1,0,1,0,0,0,0,2.9304000000000006,0,0.3887,17.376800000000003
ETHANOL,7.569444444444445,7.569444444444445,0.25,0.25,0.4068079656553945,6.0,46.069,40.021,46.041864812,20,0.04022058174908642,-0.3966637147812598,0.3966637147812598,0.04022058174908642,2.0,2.0,2.0,16.248991329327914,10.908168035086371,1.3402935186707783,-1.52235869276019,1.2962426382141046,-1.5683635470355741,3.835802335589486,0.3184056131739115,0.9182958340544894,1.6329931618554523,2.7548875021634682,2.7071067811865475,2.1543203766865053,2.1543203766865053,1.4142135623730951,1.0233345472033855,1.0233345472033855,0.3162277660168379,0.3162277660168379,0.0,0.0,0.0,0.0,-0.04,2.9600000000000004,1.96,1.9600000000000033,19.89842689442217,5.106527394840706,0.0,0.0,0.0,0.0,0.0,0.0,0.0,0.0,0.0,0.0,6.923737199690624,6.606881964512918,0.0,5.106527394840706,0.0,0.0,0.0,0.0,6.923737199690624,6.606881964512918,0.0,0.0,0.0,0.0,0.0,11.713409359353623,0.0,0.0,6.923737199690624,0.0,20.23,0.0,0.0,6.606881964512918,0.0,0.0,0.0,6.923737199690624,0.0,0.0,5.106527394840706,0.0,0.0,7.569444444444445,0.0,0.0,0.0,0.0,1.9305555555555556,0.0,1.0,3,1,1,0,0,0,0,0,0,0,0,1,1,1,0,0,0,0,0,0,1.9338666666666668,0,-0.0014000000000000123,12.759800000000002
METHANOL,7.0,7.0,1.0,1.0,0.3852844044738431,3.0,32.042,28.009999999999998,32.026214748,14,0.031940683717728124,-0.3996302435573072,0.3996302435573072,0.031940683717728124,1.5,1.5,1.5,16.235703028195374,11.774296971804631,0.8391720167738221,-1.2068615766134012,0.7545197820005356,-1.2473197820005355,3.1778074852252667,0.39899251477473313,1.0,1.0,2.0,2.0,1.4472135954999579,1.4472135954999579,1.0,0.4472135954999579,0.4472135954999579,0.0,0.0,0.0,0.0,0.0,0.0,-0.04,1.96,0.9600000000000016,-27.040000000000028,13.533484780025564,5.106527394840706,0.0,0.0,0.0,0.0,0.0,0.0,0.0,0.0,0.0,0.0,0.0,7.109797541277533,0.0,5.106527394840706,0.0,0.0,0.0,0.0,0.0,7.109797541277533,0.0,0.0,0.0,0.0,0.0,12.216324936118239,0.0,0.0,0.0,0.0,20.23,0.0,0.0,0.0,0.0,7.109797541277533,0.0,0.0,0.0,0.0,5.106527394840706,0.0,0.0,7.0,0.0,0.0,0.0,0.0,0.0,1.0,1.0,2,1,1,0,0,0,0,0,0,0,0,1,1,1,0,0,0,0,0,0,0.9408000000000016,0,-0.3915,8.1428
