,feature_method,model,n_features,R2,RMSE,MAE,n_params,samples_per_param,param_note,best_params
0,rf_importance,KernelRidge,10,0.4709754025548377,1.2795425666094453,0.8565993236356907,6.7481897332381555,18.819862069743312,krr_effective_dof: trace(K(K+alpha*I)^-1),"{'alpha': 1, 'gamma': 0.01}"
1,mutual_info,KernelRidge,10,0.4563304495786422,1.2971324091897176,0.8717964408259434,5.984414705629259,21.221791310775476,krr_effective_dof: trace(K(K+alpha*I)^-1),"{'alpha': 1, 'gamma': 0.01}"
2,mutual_info,HistGradientBoosting-tiny,10,0.4455603698144619,1.3099174814919021,0.7379030152704859,844.0,0.1504739336492891,"100 stages, 844 total nodes","{'learning_rate': 0.1, 'max_depth': 3, 'min_samples_leaf': 10}"
3,mutual_info,OrthogonalMatchingPursuit,10,0.43624454544466906,1.3208764096131491,0.8592715450378576,11.0,11.545454545454545,linear coefficients + intercept,{'n_nonzero_coefs': 10}
4,rf_importance,GradientBoosting-tiny,10,0.42747119466966876,1.3311146905478075,0.6932549244358888,1448.0,0.08770718232044199,"100 stages, 1448 total nodes","{'learning_rate': 0.05, 'max_depth': 3, 'n_estimators': 100}"
5,mutual_info,NuSVR,10,0.4223265193216532,1.3370819339719653,0.7615015433405528,57.0,2.2280701754385963,57 support vectors (of 127 training points),"{'C': 10, 'nu': 0.3}"
6,mutual_info,GaussianProcess,10,0.4213913990288036,1.3381637101833939,0.7330897464931,26.109042328316878,4.8642151789022385,gp_effective_dof: trace(K(K+sigma^2*I)^-1),"{'kernel': 1**2 * RationalQuadratic(alpha=1, length_scale=1) + WhiteKernel(noise_level=0.5)}"
7,mutual_info,LinearRegression,10,0.41973786244311706,1.3400744353685483,0.8855065872317283,11.0,11.545454545454545,linear coefficients + intercept,{}
8,mutual_info,SVR-RBF,10,0.41917339453412084,1.3407260763209623,0.7078301730101605,107.0,1.1869158878504673,107 support vectors (of 127 training points),"{'C': 10, 'epsilon': 0.1, 'gamma': 0.1}"
9,mutual_info,RidgeCV,10,0.41387293235084033,1.3468297296697151,0.8833493158602833,11.0,11.545454545454545,linear coefficients + intercept,{}
10,mutual_info,HuberRegressor,10,0.3895789653463313,1.3744582448604914,0.8862104537711288,11.0,11.545454545454545,linear coefficients + intercept,"{'alpha': 0.001, 'epsilon': 1.5}"
11,rf_importance,GaussianProcess,10,0.38923457183205934,1.3748459180660684,0.6933708895797464,43.7154562190978,2.905150969110051,gp_effective_dof: trace(K(K+sigma^2*I)^-1),{'kernel': 1**2 * RBF(length_scale=1) + WhiteKernel(noise_level=0.5)}
12,mutual_info,ExtraTree-tiny,10,0.38527387369427124,1.3792965221031268,0.8866587293240744,11.0,11.545454545454545,"single tree, 11 nodes","{'max_depth': 4, 'min_samples_leaf': 10}"
13,rf_importance,NuSVR,10,0.3830037217043357,1.3818410106844286,0.7350787029856511,90.0,1.4111111111111112,90 support vectors (of 127 training points),"{'C': 50, 'nu': 0.3}"
14,mutual_info,GradientBoosting-tiny,10,0.3741528316546088,1.3917170609867382,0.6698765315049531,1298.0,0.09784283513097072,"100 stages, 1298 total nodes","{'learning_rate': 0.05, 'max_depth': 3, 'n_estimators': 100}"
15,mutual_info,BayesianRidge,10,0.3635868774995258,1.403415822116384,0.8860521119951279,11.0,11.545454545454545,linear coefficients + intercept,{}
16,rf_importance,HistGradientBoosting-tiny,10,0.3585137937105808,1.4089982918548383,0.8155611594226573,792.0,0.16035353535353536,"100 stages, 792 total nodes","{'learning_rate': 0.1, 'max_depth': 3, 'min_samples_leaf': 20}"
17,rf_importance,SVR-RBF,10,0.35845645410780413,1.4090612624972778,0.7309964197407097,93.0,1.3655913978494623,93 support vectors (of 127 training points),"{'C': 10, 'epsilon': 0.1, 'gamma': 'scale'}"
18,rf_importance,Bagging-tiny,10,0.35301885113679976,1.415020132286097,0.8219375189095517,238.0,0.5336134453781513,"20 trees, 238 total nodes","{'max_samples': 0.7, 'n_estimators': 20}"
19,mutual_info,RandomForest-tiny,10,0.34122956485688505,1.4278541745835671,0.7967821128501541,1136.0,0.11179577464788733,"100 trees, 1136 total nodes","{'max_depth': 3, 'min_samples_leaf': 3, 'n_estimators': 100}"
20,rf_importance,RandomForest-tiny,10,0.34030619749908086,1.428854502006506,0.8075937585541768,964.0,0.13174273858921162,"100 trees, 964 total nodes","{'max_depth': 3, 'min_samples_leaf': 5, 'n_estimators': 100}"
21,mutual_info,LassoLarsIC,10,0.3291089095901767,1.4409297818186217,0.8859528576973329,11.0,11.545454545454545,linear coefficients + intercept,{}
22,rfe_ridge,KernelRidge,10,0.3248126901049214,1.4455360969225814,0.9294643174343761,15.385469443134014,8.254541758989069,krr_effective_dof: trace(K(K+alpha*I)^-1),"{'alpha': 0.1, 'gamma': 0.01}"
23,rf_importance,LightGBM-tiny,10,0.32297587627514346,1.4475010163497222,0.8001111720624754,476.0,0.2668067226890756,"50 boosting trees, ~476 total nodes (leaf-based estimate)","{'learning_rate': 0.1, 'max_depth': 3, 'n_estimators': 50, 'num_leaves': 7}"
24,correlation,GradientBoosting-tiny,10,0.3194588675268729,1.4512558894419658,0.8751121199840048,680.0,0.18676470588235294,"100 stages, 680 total nodes","{'learning_rate': 0.05, 'max_depth': 2, 'n_estimators': 100}"
25,f_regression,GradientBoosting-tiny,10,0.3151980886598851,1.455791862228455,0.8690410849320873,336.0,0.37797619047619047,"50 stages, 336 total nodes","{'learning_rate': 0.1, 'max_depth': 2, 'n_estimators': 50}"
26,mutual_info,LassoCV,10,0.3151574854912744,1.4558350198812808,0.9006328425378503,11.0,11.545454545454545,linear coefficients + intercept,{}
27,mutual_info,LassoLarsCV,10,0.31355606503234035,1.4575361720452686,0.9026152136416398,11.0,11.545454545454545,linear coefficients + intercept,{}
28,f_regression,LightGBM-tiny,10,0.30931076076215436,1.4620362825238,0.9345619271524748,616.0,0.20616883116883117,"100 boosting trees, ~616 total nodes (leaf-based estimate)","{'learning_rate': 0.1, 'max_depth': 2, 'n_estimators': 100, 'num_leaves': 7}"
29,mutual_info,LightGBM-tiny,10,0.30791026248241915,1.4635178043669748,0.7981854269265732,1014.0,0.1252465483234714,"100 boosting trees, ~1014 total nodes (leaf-based estimate)","{'learning_rate': 0.1, 'max_depth': 3, 'n_estimators': 100, 'num_leaves': 7}"
30,mutual_info,Lasso,10,0.30772997493507304,1.463708413214399,0.91999310178109,11.0,11.545454545454545,linear coefficients + intercept,{'alpha': 0.001}
31,mutual_info,LassoLars,10,0.3077274647452526,1.4637110669351259,0.9199857227010916,11.0,11.545454545454545,linear coefficients + intercept,{'alpha': 0.001}
32,mutual_info,ElasticNetCV,10,0.30715173784977945,1.4643195864497744,0.8905296790149839,11.0,11.545454545454545,linear coefficients + intercept,{}
33,mutual_info,ElasticNet,10,0.3063596548764195,1.4651563723436434,0.922801296482886,11.0,11.545454545454545,linear coefficients + intercept,"{'alpha': 0.001, 'l1_ratio': 0.2}"
34,correlation,LightGBM-tiny,10,0.30521092190543053,1.4663690881186429,0.9378466726301575,616.0,0.20616883116883117,"100 boosting trees, ~616 total nodes (leaf-based estimate)","{'learning_rate': 0.1, 'max_depth': 2, 'n_estimators': 100, 'num_leaves': 7}"
35,mutual_info,ExtraTrees-tiny,10,0.3048266759625494,1.466774512232319,0.8618208407496042,2320.0,0.054741379310344826,"200 trees, 2320 total nodes","{'max_depth': 3, 'min_samples_leaf': 5, 'n_estimators': 200}"
36,rf_importance,ExtraTrees-tiny,10,0.30419440626521643,1.4674413864279956,0.88798092002315,1838.0,0.0690968443960827,"200 trees, 1838 total nodes","{'max_depth': 3, 'min_samples_leaf': 10, 'n_estimators': 200}"
37,mutual_info,LinearSVR,10,0.30348461429235685,1.4681896648500046,0.9256233697475942,11.0,11.545454545454545,linear coefficients + intercept,"{'C': 1, 'epsilon': 0.1}"
38,mutual_info,TweedieRegressor,10,0.29302451263965523,1.4791730428863201,0.9070426643638818,11.0,11.545454545454545,linear coefficients + intercept,{'alpha': 0.001}
39,rfe_ridge,GaussianProcess,10,0.28962065843504126,1.4827296326713433,0.8092896920590156,54.33009210930066,2.3375627588575196,gp_effective_dof: trace(K(K+sigma^2*I)^-1),"{'kernel': 1**2 * RationalQuadratic(alpha=1, length_scale=1) + WhiteKernel(noise_level=0.5)}"
40,correlation,HistGradientBoosting-tiny,10,0.27438365192216874,1.4985468836198597,0.9426720225677406,872.0,0.14564220183486237,"100 stages, 872 total nodes","{'learning_rate': 0.1, 'max_depth': 3, 'min_samples_leaf': 10}"
41,f_regression,HistGradientBoosting-tiny,10,0.27438365192216874,1.4985468836198597,0.9426720225677406,872.0,0.14564220183486237,"100 stages, 872 total nodes","{'learning_rate': 0.1, 'max_depth': 3, 'min_samples_leaf': 10}"
42,rfe_ridge,LightGBM-tiny,10,0.27364872888872926,1.4993055751136541,0.8717657123200916,1042.0,0.1218809980806142,"100 boosting trees, ~1042 total nodes (leaf-based estimate)","{'learning_rate': 0.1, 'max_depth': 3, 'n_estimators': 100, 'num_leaves': 7}"
43,mutual_info,Bagging-tiny,10,0.2735145156397083,1.4994440875564905,0.8274922191155248,248.0,0.5120967741935484,"20 trees, 248 total nodes","{'max_samples': 1.0, 'n_estimators': 20}"
44,lasso,LightGBM-tiny,10,0.26878508401370216,1.504316871929888,0.915132040833032,648.0,0.19598765432098766,"100 boosting trees, ~648 total nodes (leaf-based estimate)","{'learning_rate': 0.1, 'max_depth': 2, 'n_estimators': 100, 'num_leaves': 7}"
45,mutual_info,Ridge,10,0.26449802488645435,1.5087202765935472,0.9088114311324689,11.0,11.545454545454545,linear coefficients + intercept,{'alpha': 0.1}
46,correlation,RandomForest-tiny,10,0.2539046776388795,1.5195463932607782,0.9602460341525232,2000.0,0.0635,"200 trees, 2000 total nodes","{'max_depth': 3, 'min_samples_leaf': 5, 'n_estimators': 200}"
47,mutual_info,DecisionTree-tiny,10,0.2515397479998911,1.5219527728397029,0.8643246198785248,15.0,8.466666666666667,"single tree, 15 nodes","{'max_depth': 4, 'min_samples_leaf': 10}"
48,correlation,GaussianProcess,10,0.25072444805696725,1.5227814810273406,0.8745350855744677,82.53698153238706,1.5387041983134058,gp_effective_dof: trace(K(K+sigma^2*I)^-1),"{'kernel': 1**2 * RationalQuadratic(alpha=1, length_scale=1) + WhiteKernel(noise_level=0.5)}"
49,f_regression,GaussianProcess,10,0.250724445871228,1.5227814832484217,0.8745350883408999,82.53698153238095,1.5387041983135197,gp_effective_dof: trace(K(K+sigma^2*I)^-1),"{'kernel': 1**2 * RationalQuadratic(alpha=1, length_scale=1) + WhiteKernel(noise_level=0.5)}"
50,f_regression,RandomForest-tiny,10,0.24210355733800393,1.5315167104497793,0.9602878308716379,2000.0,0.0635,"200 trees, 2000 total nodes","{'max_depth': 3, 'min_samples_leaf': 5, 'n_estimators': 200}"
51,mutual_info,LarsCV,10,0.23936239082597233,1.5342838122349742,0.9533889543254724,11.0,11.545454545454545,linear coefficients + intercept,{}
52,f_regression,Bagging-tiny,10,0.23471549506694656,1.5389633079928937,0.9446994345767821,224.0,0.5669642857142857,"20 trees, 224 total nodes","{'max_samples': 0.7, 'n_estimators': 20}"
53,mutual_info,KNN,10,0.231865922044854,1.5418258470739226,0.8114703710427774,127.0,1.0,non-parametric: stores all 127 training points,"{'n_neighbors': 3, 'weights': 'distance'}"
54,rf_importance,DecisionTree-tiny,10,0.22455039224041995,1.5491504438434653,0.8740984044180261,19.0,6.684210526315789,"single tree, 19 nodes","{'max_depth': 4, 'min_samples_leaf': 5}"
55,correlation,Bagging-tiny,10,0.2220669407681859,1.551629112054925,0.9566886441005665,224.0,0.5669642857142857,"20 trees, 224 total nodes","{'max_samples': 0.7, 'n_estimators': 20}"
56,mutual_info,AdaBoost-tiny,10,0.21816631430531952,1.5555142521307381,0.9706825160148265,198.0,0.6414141414141414,"30 trees, 198 total nodes","{'learning_rate': 0.5, 'n_estimators': 30}"
57,rf_importance,KNN,10,0.21060616844565616,1.5630168850935517,0.817722134439654,127.0,1.0,non-parametric: stores all 127 training points,"{'n_neighbors': 9, 'weights': 'uniform'}"
58,rfe_ridge,KNN,10,0.20940724491759866,1.5642033820319128,0.8582593580187123,127.0,1.0,non-parametric: stores all 127 training points,"{'n_neighbors': 3, 'weights': 'distance'}"
59,rfe_ridge,SVR-RBF,10,0.20810060220476545,1.565495457595043,0.8307234023429766,116.0,1.0948275862068966,116 support vectors (of 127 training points),"{'C': 1, 'epsilon': 0.05, 'gamma': 'scale'}"
60,lasso,GradientBoosting-tiny,10,0.20746690766703335,1.5661217035162132,0.968776227645021,1208.0,0.10513245033112582,"100 stages, 1208 total nodes","{'learning_rate': 0.1, 'max_depth': 3, 'n_estimators': 100}"
61,correlation,OrthogonalMatchingPursuit,10,0.19993540960478495,1.5735455904796647,1.0604364313489032,11.0,11.545454545454545,linear coefficients + intercept,{'n_nonzero_coefs': 10}
62,f_regression,OrthogonalMatchingPursuit,10,0.19993540960478495,1.5735455904796647,1.0604364313489032,11.0,11.545454545454545,linear coefficients + intercept,{'n_nonzero_coefs': 10}
63,rfe_ridge,NuSVR,10,0.19888575029988087,1.574577473033592,0.9136274483239968,100.0,1.27,100 support vectors (of 127 training points),"{'C': 1, 'nu': 0.7}"
64,rfe_ridge,GradientBoosting-tiny,10,0.19750245754137186,1.575936306801605,0.8253918391916395,1352.0,0.09393491124260354,"100 stages, 1352 total nodes","{'learning_rate': 0.1, 'max_depth': 3, 'n_estimators': 100}"
65,rf_importance,AdaBoost-tiny,10,0.19666666052977566,1.5767567579618473,0.9837704802833309,196.0,0.6479591836734694,"30 trees, 196 total nodes","{'learning_rate': 0.05, 'n_estimators': 30}"
66,f_regression,KNN,10,0.19531746570352504,1.5780802805179854,0.9108725621255929,127.0,1.0,non-parametric: stores all 127 training points,"{'n_neighbors': 3, 'weights': 'distance'}"
67,correlation,KNN,10,0.19531746570352504,1.5780802805179854,0.9108725621255928,127.0,1.0,non-parametric: stores all 127 training points,"{'n_neighbors': 3, 'weights': 'distance'}"
68,mutual_info,SGDRegressor,10,0.19361959909956883,1.5797442646516853,0.9387515215895367,11.0,11.545454545454545,linear coefficients + intercept,"{'alpha': 0.01, 'penalty': 'l2'}"
69,correlation,OrthogonalMatchingPursuitCV,10,0.1926569581096741,1.5806869171506603,1.062231614264747,11.0,11.545454545454545,linear coefficients + intercept,{}
70,f_regression,OrthogonalMatchingPursuitCV,10,0.19265695810967376,1.5806869171506608,1.062231614264747,11.0,11.545454545454545,linear coefficients + intercept,{}
71,rfe_ridge,RandomForest-tiny,10,0.1875714356448408,1.5856575424849146,0.9549381504972709,1028.0,0.12354085603112841,"100 trees, 1028 total nodes","{'max_depth': 3, 'min_samples_leaf': 3, 'n_estimators': 100}"
72,f_regression,ExtraTrees-tiny,10,0.18505592161286,1.5881104726053628,1.0270346500256367,1862.0,0.0682062298603652,"200 trees, 1862 total nodes","{'max_depth': 3, 'min_samples_leaf': 10, 'n_estimators': 200}"
73,lasso,GaussianProcess,10,0.17928158333701472,1.5937268703824243,0.972054219385601,53.55076695931827,2.37158134628548,gp_effective_dof: trace(K(K+sigma^2*I)^-1),"{'kernel': 1**2 * Matern(length_scale=1, nu=1.5) + WhiteKernel(noise_level=0.5)}"
74,correlation,LassoLarsCV,10,0.17863170372484338,1.5943577357478786,1.0425647827762783,11.0,11.545454545454545,linear coefficients + intercept,{}
75,f_regression,LassoLarsCV,10,0.17863170372484338,1.5943577357478786,1.042564782776278,11.0,11.545454545454545,linear coefficients + intercept,{}
76,correlation,LarsCV,10,0.17860961468907954,1.5943791741138529,1.0422049342657955,11.0,11.545454545454545,linear coefficients + intercept,{}
77,f_regression,LarsCV,10,0.17860961468907943,1.594379174113853,1.0422049342657955,11.0,11.545454545454545,linear coefficients + intercept,{}
78,correlation,ExtraTrees-tiny,10,0.17606392986800967,1.5968479435392284,1.032775499208819,1874.0,0.06776947705442903,"200 trees, 1874 total nodes","{'max_depth': 3, 'min_samples_leaf': 10, 'n_estimators': 200}"
79,correlation,NuSVR,10,0.1758729277634441,1.5970330207890875,0.876147998768993,124.0,1.0241935483870968,124 support vectors (of 127 training points),"{'C': 10, 'nu': 0.7}"
80,f_regression,NuSVR,10,0.1758729277634441,1.5970330207890875,0.8761479987689922,124.0,1.0241935483870968,124 support vectors (of 127 training points),"{'C': 10, 'nu': 0.7}"
81,rfe_ridge,Bagging-tiny,10,0.1754630089779895,1.5974301515670342,0.9585415378690986,230.0,0.5521739130434783,"20 trees, 230 total nodes","{'max_samples': 1.0, 'n_estimators': 20}"
82,lasso,OrthogonalMatchingPursuitCV,10,0.1749249372078382,1.5979512876090032,1.051859230977635,11.0,11.545454545454545,linear coefficients + intercept,{}
83,rfe_ridge,HistGradientBoosting-tiny,10,0.17436212760822367,1.5984962010658579,0.9777974891743405,550.0,0.2309090909090909,"100 stages, 550 total nodes","{'learning_rate': 0.05, 'max_depth': 2, 'min_samples_leaf': 20}"
84,lasso,RandomForest-tiny,10,0.17417484437398079,1.5986774879068812,1.0176547899555533,1010.0,0.12574257425742574,"100 trees, 1010 total nodes","{'max_depth': 3, 'min_samples_leaf': 5, 'n_estimators': 100}"
85,lasso,ElasticNetCV,10,0.17228261626842922,1.6005079792591144,1.0443094763401717,11.0,11.545454545454545,linear coefficients + intercept,{}
86,correlation,Lasso,10,0.16919588958119958,1.6034895122576112,1.0408105561694385,11.0,11.545454545454545,linear coefficients + intercept,{'alpha': 0.001}
87,f_regression,LassoLars,10,0.1691825781605112,1.6035023580281735,1.040808366487981,11.0,11.545454545454545,linear coefficients + intercept,{'alpha': 0.001}
88,correlation,LassoLars,10,0.16918257816051097,1.6035023580281738,1.040808366487981,11.0,11.545454545454545,linear coefficients + intercept,{'alpha': 0.001}
89,f_regression,Lasso,10,0.16917168507968494,1.6035128699788612,1.0408172095066925,11.0,11.545454545454545,linear coefficients + intercept,{'alpha': 0.001}
90,lasso,LassoLarsCV,10,0.16798126183750828,1.6046612273977565,1.0462081818093711,11.0,11.545454545454545,linear coefficients + intercept,{}
91,lasso,LarsCV,10,0.16798126183750828,1.6046612273977565,1.0462081818093711,11.0,11.545454545454545,linear coefficients + intercept,{}
92,correlation,ElasticNetCV,10,0.16599039068328159,1.6065799131295875,1.0617902424037269,11.0,11.545454545454545,linear coefficients + intercept,{}
93,f_regression,ElasticNetCV,10,0.16597676092766078,1.6065930407973588,1.0618023809030668,11.0,11.545454545454545,linear coefficients + intercept,{}
94,lasso,LassoCV,10,0.16472190340246728,1.6078012131333335,1.0466743807499286,11.0,11.545454545454545,linear coefficients + intercept,{}
95,lasso,OrthogonalMatchingPursuit,10,0.16461989629420515,1.6078993853146124,1.0389864303736243,11.0,11.545454545454545,linear coefficients + intercept,{'n_nonzero_coefs': 8}
96,rf_importance,ExtraTree-tiny,10,0.16437880324086707,1.6081313907245554,0.9846369471744768,17.0,7.470588235294118,"single tree, 17 nodes","{'max_depth': 4, 'min_samples_leaf': 10}"
97,f_regression,LassoCV,10,0.1613310579255829,1.6110613750716491,1.0684025518091524,11.0,11.545454545454545,linear coefficients + intercept,{}
98,correlation,LassoCV,10,0.16132781835746723,1.6110644866319808,1.0683979535801584,11.0,11.545454545454545,linear coefficients + intercept,{}
99,lasso,Bagging-tiny,10,0.15901859582885947,1.613280936104491,1.0151280959565432,212.0,0.5990566037735849,"20 trees, 212 total nodes","{'max_samples': 0.7, 'n_estimators': 20}"
100,correlation,SVR-RBF,10,0.15647486120228915,1.6157189567680152,0.8749880402550025,104.0,1.2211538461538463,104 support vectors (of 127 training points),"{'C': 10, 'epsilon': 0.1, 'gamma': 'scale'}"
101,f_regression,SVR-RBF,10,0.15647486120228848,1.615718956768016,0.8749880402550049,104.0,1.2211538461538463,104 support vectors (of 127 training points),"{'C': 10, 'epsilon': 0.1, 'gamma': 'scale'}"
102,mutual_info,PLS,10,0.15524626544618902,1.6168951772949445,0.9312358192464727,6.0,21.166666666666668,5 latent components (true PLS dimensionality),{'n_components': 5}
103,correlation,ElasticNet,10,0.15233877049374223,1.619675322689285,1.0417195254610232,11.0,11.545454545454545,linear coefficients + intercept,"{'alpha': 0.001, 'l1_ratio': 0.2}"
104,f_regression,ElasticNet,10,0.15231702942619607,1.6196960935135125,1.0417265752931777,11.0,11.545454545454545,linear coefficients + intercept,"{'alpha': 0.001, 'l1_ratio': 0.2}"
105,lasso,ElasticNet,10,0.14627619074207932,1.6254570640065722,1.063162704824778,11.0,11.545454545454545,linear coefficients + intercept,"{'alpha': 0.001, 'l1_ratio': 0.2}"
106,lasso,ExtraTree-tiny,10,0.14125696401423016,1.6302282681842184,1.0855902168759493,15.0,8.466666666666667,"single tree, 15 nodes","{'max_depth': 4, 'min_samples_leaf': 10}"
107,f_regression,AdaBoost-tiny,10,0.14042063869562804,1.6310219103611578,1.0782868568102952,190.0,0.6684210526315789,"30 trees, 190 total nodes","{'learning_rate': 0.05, 'n_estimators': 30}"
108,correlation,AdaBoost-tiny,10,0.14005233914556126,1.6313712907275024,1.068110407427679,186.0,0.6827956989247311,"30 trees, 186 total nodes","{'learning_rate': 0.5, 'n_estimators': 30}"
109,lasso,LassoLars,10,0.1332638992152786,1.6377976680839084,1.0748307820662464,11.0,11.545454545454545,linear coefficients + intercept,{'alpha': 0.001}
110,lasso,Lasso,10,0.1332620583324744,1.637799407363004,1.0748397083276717,11.0,11.545454545454545,linear coefficients + intercept,{'alpha': 0.001}
111,lasso,HistGradientBoosting-tiny,10,0.12089459834065452,1.649442876875936,1.0446602178547848,650.0,0.19538461538461538,"100 stages, 650 total nodes","{'learning_rate': 0.1, 'max_depth': 2, 'min_samples_leaf': 10}"
112,lasso,ExtraTrees-tiny,10,0.1189908774532854,1.6512278623356411,1.0785519987638421,1890.0,0.0671957671957672,"200 trees, 1890 total nodes","{'max_depth': 3, 'min_samples_leaf': 10, 'n_estimators': 200}"
113,lasso,NuSVR,10,0.11385408075858527,1.6560346763283236,0.9716392893445328,116.0,1.0948275862068966,116 support vectors (of 127 training points),"{'C': 10, 'nu': 0.7}"
114,rfe_ridge,AdaBoost-tiny,10,0.10814457700418278,1.66136108749197,1.114245186879473,128.0,0.9921875,"20 trees, 128 total nodes","{'learning_rate': 0.5, 'n_estimators': 30}"
115,rfe_ridge,ExtraTrees-tiny,10,0.10714368434308219,1.6622930646954814,1.0276625106070862,926.0,0.13714902807775378,"100 trees, 926 total nodes","{'max_depth': 3, 'min_samples_leaf': 10, 'n_estimators': 100}"
116,correlation,ExtraTree-tiny,10,0.09570767327271823,1.6729048040286765,1.1261991010234824,9.0,14.11111111111111,"single tree, 9 nodes","{'max_depth': 3, 'min_samples_leaf': 10}"
117,correlation,DecisionTree-tiny,10,0.08849315124027812,1.6795648361133568,1.121038319147374,9.0,14.11111111111111,"single tree, 9 nodes","{'max_depth': 3, 'min_samples_leaf': 10}"
118,f_regression,DecisionTree-tiny,10,0.08849315124027801,1.679564836113357,1.1210383191473738,9.0,14.11111111111111,"single tree, 9 nodes","{'max_depth': 3, 'min_samples_leaf': 10}"
119,lasso,SVR-RBF,10,0.08595669887559909,1.6819000772854056,0.9816288784350627,117.0,1.0854700854700854,117 support vectors (of 127 training points),"{'C': 10, 'epsilon': 0.05, 'gamma': 0.1}"
120,lasso,AdaBoost-tiny,10,0.07228117948330215,1.6944352944437548,1.1154908726983452,224.0,0.5669642857142857,"34 trees, 224 total nodes","{'learning_rate': 0.5, 'n_estimators': 50}"
121,lasso,KNN,10,0.058481124721119215,1.7069913523832176,1.0815347172052614,127.0,1.0,non-parametric: stores all 127 training points,"{'n_neighbors': 7, 'weights': 'uniform'}"
122,mutual_info,PassiveAggressiveRegressor,10,0.033220592118205716,1.7297386963100103,1.0471869980922734,11.0,11.545454545454545,linear coefficients + intercept,{'C': 0.01}
123,rf_importance,SGDRegressor,10,0.026655329628447633,1.7356019646548995,0.9224805929699235,11.0,11.545454545454545,linear coefficients + intercept,"{'alpha': 0.001, 'penalty': 'elasticnet'}"
124,rfe_ridge,ExtraTree-tiny,10,0.025061573894678113,1.7370223218411134,1.0867938239762294,9.0,14.11111111111111,"single tree, 9 nodes","{'max_depth': 3, 'min_samples_leaf': 10}"
125,rfe_ridge,Lasso,10,0.024781856700924587,1.7372714863786063,1.1031413125173404,11.0,11.545454545454545,linear coefficients + intercept,{'alpha': 1}
126,rfe_ridge,LassoLars,10,0.02477772289489899,1.7372751683936392,1.1031285852941566,11.0,11.545454545454545,linear coefficients + intercept,{'alpha': 1}
127,rfe_ridge,ElasticNet,10,0.023695669032192,1.7382386944541264,1.103539763534375,11.0,11.545454545454545,linear coefficients + intercept,"{'alpha': 1, 'l1_ratio': 0.8}"
128,rfe_ridge,DecisionTree-tiny,10,0.016985140404038868,1.744202268030603,1.16439610978389,9.0,14.11111111111111,"single tree, 9 nodes","{'max_depth': 3, 'min_samples_leaf': 10}"
129,rfe_ridge,LarsCV,10,0.016049701407453876,1.745031963955766,1.0741524903896493,11.0,11.545454545454545,linear coefficients + intercept,{}
130,rfe_ridge,ElasticNetCV,10,0.011886395576210074,1.748719870206919,1.0621322172338314,11.0,11.545454545454545,linear coefficients + intercept,{}
131,rfe_ridge,SGDRegressor,10,0.0099121488380709,1.7504659658645851,1.0671271997984446,11.0,11.545454545454545,linear coefficients + intercept,"{'alpha': 0.01, 'penalty': 'elasticnet'}"
132,rfe_ridge,LassoCV,10,0.006071768134695121,1.753857558594819,1.0643381142874653,11.0,11.545454545454545,linear coefficients + intercept,{}
133,rfe_ridge,BayesianRidge,10,0.005758445893192299,1.754133976581239,1.067108014165931,11.0,11.545454545454545,linear coefficients + intercept,{}
134,rfe_ridge,LassoLarsCV,10,0.005205193942780295,1.75462195813372,1.0654653035210153,11.0,11.545454545454545,linear coefficients + intercept,{}
135,rfe_ridge,LassoLarsIC,10,0.005072235727074714,1.7547392102588892,1.0742932634792364,11.0,11.545454545454545,linear coefficients + intercept,{}
136,rfe_ridge,Ridge,10,0.003926362061222544,1.7557493995990228,1.064849848534055,11.0,11.545454545454545,linear coefficients + intercept,{'alpha': 1}
137,rfe_ridge,TweedieRegressor,10,0.003556090779455179,1.7560757023698386,1.065592886317395,11.0,11.545454545454545,linear coefficients + intercept,{'alpha': 0.01}
138,lasso,DecisionTree-tiny,10,-0.004390757090041886,1.7630643309754142,1.181774272557223,5.0,25.4,"single tree, 5 nodes","{'max_depth': 2, 'min_samples_leaf': 10}"
139,rfe_ridge,RidgeCV,10,-0.005387726852628338,1.763939132862885,1.0784941150778675,11.0,11.545454545454545,linear coefficients + intercept,{}
140,f_regression,ExtraTree-tiny,10,-0.007854365296759536,1.7661016491354935,1.2041599827211298,9.0,14.11111111111111,"single tree, 9 nodes","{'max_depth': 4, 'min_samples_leaf': 10}"
141,rfe_ridge,LinearRegression,10,-0.009858498894050882,1.7678567369394962,1.0808778012032858,11.0,11.545454545454545,linear coefficients + intercept,{}
142,rf_importance,PLS,10,-0.00991400816571164,1.7679053234946878,0.9546638291090586,6.0,21.166666666666668,5 latent components (true PLS dimensionality),{'n_components': 5}
143,rfe_ridge,PLS,10,-0.01493379031095965,1.7722935680097474,1.0892474022927794,6.0,21.166666666666668,5 latent components (true PLS dimensionality),{'n_components': 5}
144,rfe_ridge,OrthogonalMatchingPursuit,10,-0.032625645066461706,1.7876737320457343,1.0979996377766101,11.0,11.545454545454545,linear coefficients + intercept,{'n_nonzero_coefs': 8}
145,correlation,Dummy-baseline,10,-0.032840624280813024,1.78785980755922,1.207399200034971,1.0,127.0,constant baseline,{}
146,f_regression,Dummy-baseline,10,-0.032840624280813024,1.78785980755922,1.207399200034971,1.0,127.0,constant baseline,{}
147,rfe_ridge,Dummy-baseline,10,-0.032840624280813024,1.78785980755922,1.207399200034971,1.0,127.0,constant baseline,{}
148,rf_importance,Dummy-baseline,10,-0.032840624280813024,1.78785980755922,1.207399200034971,1.0,127.0,constant baseline,{}
149,mutual_info,Dummy-baseline,10,-0.032840624280813024,1.78785980755922,1.207399200034971,1.0,127.0,constant baseline,{}
150,lasso,Dummy-baseline,10,-0.032840624280813024,1.78785980755922,1.207399200034971,1.0,127.0,constant baseline,{}
151,rfe_ridge,HuberRegressor,10,-0.03493982948468455,1.789675760312432,1.0217338653311356,11.0,11.545454545454545,linear coefficients + intercept,"{'alpha': 0.1, 'epsilon': 1.5}"
152,mutual_info,OrthogonalMatchingPursuitCV,10,-0.05103462855159924,1.8035380862357522,1.0513650058620887,11.0,11.545454545454545,linear coefficients + intercept,{}
153,rfe_ridge,OrthogonalMatchingPursuitCV,10,-0.06220239195605748,1.8130945105203378,1.2307141587711747,11.0,11.545454545454545,linear coefficients + intercept,{}
154,rf_importance,BayesianRidge,10,-0.06977400696570024,1.8195451061717671,0.9386701583856011,11.0,11.545454545454545,linear coefficients + intercept,{}
155,rfe_ridge,LinearSVR,10,-0.09580938746151602,1.8415533874153445,1.0053766614271655,11.0,11.545454545454545,linear coefficients + intercept,"{'C': 1, 'epsilon': 0.1}"
156,rf_importance,RidgeCV,10,-0.11289728317886705,1.8558563044873762,0.9551034521445751,11.0,11.545454545454545,linear coefficients + intercept,{}
157,rf_importance,OrthogonalMatchingPursuitCV,10,-0.13531615848439071,1.8744558467972565,0.9807605144730578,11.0,11.545454545454545,linear coefficients + intercept,{}
158,rf_importance,LinearSVR,10,-0.1358654295366597,1.8749092270422407,0.9074195760854109,11.0,11.545454545454545,linear coefficients + intercept,"{'C': 10, 'epsilon': 0.01}"
159,rf_importance,LinearRegression,10,-0.16635172506766072,1.8999036341996687,0.9634377514491564,11.0,11.545454545454545,linear coefficients + intercept,{}
160,rf_importance,ElasticNetCV,10,-0.17554668162525844,1.9073778959119412,0.9538452288353257,11.0,11.545454545454545,linear coefficients + intercept,{}
161,rf_importance,LassoLarsIC,10,-0.18061603078090438,1.9114860963465985,0.9589745237903305,11.0,11.545454545454545,linear coefficients + intercept,{}
162,rf_importance,LassoCV,10,-0.18230473598937236,1.9128526638800496,0.9521359467468686,11.0,11.545454545454545,linear coefficients + intercept,{}
163,rf_importance,Ridge,10,-0.1826866945422334,1.9131616245958298,0.9871875957896334,11.0,11.545454545454545,linear coefficients + intercept,{'alpha': 1}
164,rf_importance,OrthogonalMatchingPursuit,10,-0.1842352921410071,1.9144137517687227,0.9469350270372939,11.0,11.545454545454545,linear coefficients + intercept,{'n_nonzero_coefs': 10}
165,rf_importance,LassoLarsCV,10,-0.18577028635008253,1.9156540721713455,0.9532619470668566,11.0,11.545454545454545,linear coefficients + intercept,{}
166,rf_importance,LarsCV,10,-0.18945134749877912,1.918625210690624,0.9617698990479342,11.0,11.545454545454545,linear coefficients + intercept,{}
167,rf_importance,HuberRegressor,10,-0.24991350207420515,1.966784537190797,0.9123567984998199,11.0,11.545454545454545,linear coefficients + intercept,"{'alpha': 0.1, 'epsilon': 1.5}"
168,rf_importance,TweedieRegressor,10,-0.2516348622335547,1.968138382761599,1.0893570880368575,11.0,11.545454545454545,linear coefficients + intercept,{'alpha': 0.01}
169,rfe_ridge,PassiveAggressiveRegressor,10,-0.33868903937871897,2.03543228715405,1.1871568357960598,11.0,11.545454545454545,linear coefficients + intercept,{'C': 0.01}
170,rfe_ridge,RANSACRegressor,10,-0.35170284551462894,2.045301889126566,1.1938577545399776,11.0,11.545454545454545,RANSAC inlier-fitted LinearRegression,{}
171,rf_importance,Lasso,10,-0.3976323804182549,2.079760293164619,1.2112387087714038,11.0,11.545454545454545,linear coefficients + intercept,{'alpha': 1}
172,rf_importance,LassoLars,10,-0.3977269762272442,2.079830674074999,1.211258181834479,11.0,11.545454545454545,linear coefficients + intercept,{'alpha': 1}
173,rf_importance,ElasticNet,10,-0.40620649290606714,2.0861299343139157,1.216640393686646,11.0,11.545454545454545,linear coefficients + intercept,"{'alpha': 1, 'l1_ratio': 0.8}"
174,f_regression,KernelRidge,10,-0.5612794788601521,2.198149019052409,1.1193420665228941,7.630624609122601,16.643460595370968,krr_effective_dof: trace(K(K+alpha*I)^-1),"{'alpha': 1, 'gamma': 0.01}"
175,correlation,KernelRidge,10,-0.5612794788601569,2.1981490190524124,1.1193420665228955,7.630624609122604,16.64346059537096,krr_effective_dof: trace(K(K+alpha*I)^-1),"{'alpha': 1, 'gamma': 0.01}"
176,lasso,KernelRidge,10,-0.6244908321152474,2.242205625429247,1.1828290172075515,14.380047571821384,8.831681492407894,krr_effective_dof: trace(K(K+alpha*I)^-1),"{'alpha': 0.1, 'gamma': 0.01}"
177,rf_importance,RANSACRegressor,10,-0.7570100923244121,2.3318678433859654,1.049037145001627,11.0,11.545454545454545,RANSAC inlier-fitted LinearRegression,{}
178,rf_importance,PassiveAggressiveRegressor,10,-0.7617685212871814,2.335023353127645,1.107594116813876,11.0,11.545454545454545,linear coefficients + intercept,{'C': 1}
179,mutual_info,RANSACRegressor,10,-0.9585758920815162,2.46199409933098,1.4977503067719735,11.0,11.545454545454545,RANSAC inlier-fitted LinearRegression,{}
180,rf_importance,SmallMLP,10,-1.2415302369823435,2.6338382854578413,1.6203489256673764,97.0,1.309278350515464,"layers (8,)","{'alpha': 1.0, 'hidden_layer_sizes': (8,)}"
181,rfe_ridge,SmallMLP,10,-1.7368074551417099,2.9103078287941497,1.8748264903950782,97.0,1.309278350515464,"layers (8,)","{'alpha': 1.0, 'hidden_layer_sizes': (8,)}"
182,mutual_info,SmallMLP,10,-2.754992325746122,3.4089555022815516,1.9047745570398633,49.0,2.5918367346938775,"layers (4,)","{'alpha': 1.0, 'hidden_layer_sizes': (4,)}"
183,correlation,RANSACRegressor,10,-56.414229958051266,13.32989037148085,2.4630273287238977,11.0,11.545454545454545,RANSAC inlier-fitted LinearRegression,{}
184,f_regression,RANSACRegressor,10,-56.41422995805296,13.329890371481047,2.4630273287239164,11.0,11.545454545454545,RANSAC inlier-fitted LinearRegression,{}
185,correlation,TweedieRegressor,10,-86.12244882124354,16.420328546360643,2.584172771604186,11.0,11.545454545454545,linear coefficients + intercept,{'alpha': 0.01}
186,f_regression,TweedieRegressor,10,-86.12244882124355,16.420328546360643,2.58417277160417,11.0,11.545454545454545,linear coefficients + intercept,{'alpha': 0.01}
187,lasso,SmallMLP,10,-96.99755743837218,17.415038184791904,2.788263280134171,97.0,1.309278350515464,"layers (8,)","{'alpha': 0.1, 'hidden_layer_sizes': (8,)}"
188,correlation,PLS,10,-108.56822120203334,18.414465224976503,2.8078218263782713,8.0,15.875,7 latent components (true PLS dimensionality),{'n_components': 7}
189,f_regression,PLS,10,-108.5682212020334,18.414465224976507,2.807821826378272,8.0,15.875,7 latent components (true PLS dimensionality),{'n_components': 7}
190,lasso,TweedieRegressor,10,-138.0821091819021,20.74686301932371,3.014606302383118,11.0,11.545454545454545,linear coefficients + intercept,{'alpha': 0.001}
191,lasso,LassoLarsIC,10,-160.38532276012833,22.348522838721706,3.1657501078814088,11.0,11.545454545454545,linear coefficients + intercept,{}
192,correlation,Ridge,10,-168.40796503385403,22.8972706856414,3.2356635237730873,11.0,11.545454545454545,linear coefficients + intercept,{'alpha': 1}
193,f_regression,Ridge,10,-168.4079650338541,22.897270685641402,3.2356635237730877,11.0,11.545454545454545,linear coefficients + intercept,{'alpha': 1}
194,lasso,Ridge,10,-209.43222616474523,25.519545199492782,3.4793049920200763,11.0,11.545454545454545,linear coefficients + intercept,{'alpha': 0.1}
195,lasso,PLS,10,-226.65913770873448,26.54357094640826,3.583028407984354,4.0,31.75,3 latent components (true PLS dimensionality),{'n_components': 3}
196,lasso,BayesianRidge,10,-246.65920465152976,27.684969054061863,3.69020390338578,11.0,11.545454545454545,linear coefficients + intercept,{}
197,correlation,BayesianRidge,10,-267.03693736471325,28.801435159387218,3.8183446488015957,11.0,11.545454545454545,linear coefficients + intercept,{}
198,f_regression,BayesianRidge,10,-267.03693736471433,28.801435159387278,3.8183446488016024,11.0,11.545454545454545,linear coefficients + intercept,{}
199,lasso,RidgeCV,10,-268.7570738493583,28.893704472940442,3.81347855280713,11.0,11.545454545454545,linear coefficients + intercept,{}
200,lasso,SGDRegressor,10,-316.1999341093207,31.331656002694466,4.054038083487583,11.0,11.545454545454545,linear coefficients + intercept,"{'alpha': 0.01, 'penalty': 'elasticnet'}"
201,lasso,LinearRegression,10,-332.6355270202126,32.13312404040887,4.119895078345465,11.0,11.545454545454545,linear coefficients + intercept,{}
202,f_regression,LassoLarsIC,10,-513.080010715579,39.88707264060504,4.901776439402116,11.0,11.545454545454545,linear coefficients + intercept,{}
203,correlation,LassoLarsIC,10,-513.0800107155793,39.887072640605055,4.901776439402118,11.0,11.545454545454545,linear coefficients + intercept,{}
204,correlation,RidgeCV,10,-564.6897027455443,41.84137443809201,5.12099311230482,11.0,11.545454545454545,linear coefficients + intercept,{}
205,f_regression,RidgeCV,10,-564.6897027455508,41.84137443809225,5.1209931123048555,11.0,11.545454545454545,linear coefficients + intercept,{}
206,correlation,SGDRegressor,10,-572.151871605617,42.1164408448995,5.146439876447838,11.0,11.545454545454545,linear coefficients + intercept,"{'alpha': 0.01, 'penalty': 'elasticnet'}"
207,f_regression,SGDRegressor,10,-572.1518716056172,42.1164408448995,5.146439876447839,11.0,11.545454545454545,linear coefficients + intercept,"{'alpha': 0.01, 'penalty': 'elasticnet'}"
208,correlation,LinearRegression,10,-1566.4765500339427,69.64939232322622,7.873407858476866,11.0,11.545454545454545,linear coefficients + intercept,{}
209,f_regression,LinearRegression,10,-1566.4765500339436,69.64939232322624,7.873407858476868,11.0,11.545454545454545,linear coefficients + intercept,{}
210,lasso,HuberRegressor,10,-1934.6134603444518,77.39735553652883,8.532162743839503,11.0,11.545454545454545,linear coefficients + intercept,"{'alpha': 0.1, 'epsilon': 1.2}"
211,lasso,PassiveAggressiveRegressor,10,-1980.6730893295676,78.31281069862624,8.750888030133494,11.0,11.545454545454545,linear coefficients + intercept,{'C': 1}
212,lasso,LinearSVR,10,-3489.828021401405,103.93959785466633,11.156889162227195,11.0,11.545454545454545,linear coefficients + intercept,"{'C': 10, 'epsilon': 0.01}"
213,f_regression,PassiveAggressiveRegressor,10,-3650.55010535537,106.30542732603801,11.464368844405838,11.0,11.545454545454545,linear coefficients + intercept,{'C': 0.1}
214,correlation,PassiveAggressiveRegressor,10,-3650.550105355371,106.30542732603803,11.464368844405842,11.0,11.545454545454545,linear coefficients + intercept,{'C': 0.1}
215,lasso,RANSACRegressor,10,-7224.123956870435,149.5338298822651,15.763222989426643,11.0,11.545454545454545,RANSAC inlier-fitted LinearRegression,{}
216,correlation,LinearSVR,10,-8063.062733974897,157.97696072821356,16.532284188608713,11.0,11.545454545454545,linear coefficients + intercept,"{'C': 10, 'epsilon': 0.1}"
217,f_regression,LinearSVR,10,-8063.062733974896,157.97696072821356,16.532284188608713,11.0,11.545454545454545,linear coefficients + intercept,"{'C': 10, 'epsilon': 0.1}"
218,f_regression,HuberRegressor,10,-9120.846739981604,168.01892087489657,17.546647623572063,11.0,11.545454545454545,linear coefficients + intercept,"{'alpha': 0.1, 'epsilon': 1.2}"
219,correlation,HuberRegressor,10,-9120.846739996603,168.01892087503472,17.546647623585706,11.0,11.545454545454545,linear coefficients + intercept,"{'alpha': 0.1, 'epsilon': 1.2}"
220,correlation,SmallMLP,10,-26836.324008507218,288.1949790246815,29.72252031705816,97.0,1.309278350515464,"layers (8,)","{'alpha': 1.0, 'hidden_layer_sizes': (8,)}"
221,f_regression,SmallMLP,10,-29267.477881168925,300.96561042531005,31.20271885477088,97.0,1.309278350515464,"layers (8,)","{'alpha': 1.0, 'hidden_layer_sizes': (8,)}"
222,rf_importance,KernelRidge,15,0.4895903218308775,1.2568291816799622,0.8331952644281109,9.24487339561748,13.73734334319864,krr_effective_dof: trace(K(K+alpha*I)^-1),"{'alpha': 1, 'gamma': 0.01}"
223,rf_importance,NuSVR,15,0.48901984425765144,1.2575313555031737,0.6241479077007718,110.0,1.1545454545454545,110 support vectors (of 127 training points),"{'C': 10, 'nu': 0.5}"
224,rf_importance,SVR-RBF,15,0.4781003050088126,1.2708969193934714,0.6095105159978108,93.0,1.3655913978494623,93 support vectors (of 127 training points),"{'C': 10, 'epsilon': 0.1, 'gamma': 0.1}"
225,mutual_info,KernelRidge,15,0.4697510754152855,1.2810223402891967,0.8874137852781766,19.630031400716778,6.469678902060375,krr_effective_dof: trace(K(K+alpha*I)^-1),"{'alpha': 0.1, 'gamma': 0.01}"
226,mutual_info,OrthogonalMatchingPursuitCV,15,0.46373899467406376,1.2882641296002464,0.9022045198735201,16.0,7.9375,linear coefficients + intercept,{}
227,rfe_ridge,KernelRidge,15,0.44680778965001633,1.3084430764537198,0.8100876006537777,22.48118964326551,5.649167237822055,krr_effective_dof: trace(K(K+alpha*I)^-1),"{'alpha': 0.1, 'gamma': 0.01}"
228,rf_importance,GaussianProcess,15,0.4451453507813855,1.3104076511705658,0.6554784304827345,25.713042596062184,4.939127663540268,gp_effective_dof: trace(K(K+sigma^2*I)^-1),"{'kernel': 1**2 * RationalQuadratic(alpha=1, length_scale=1) + WhiteKernel(noise_level=0.5)}"
229,mutual_info,LarsCV,15,0.4373536782693206,1.31957642337354,0.863343899163421,16.0,7.9375,linear coefficients + intercept,{}
230,mutual_info,SGDRegressor,15,0.4343232636832137,1.3231252723270002,0.8460741080573673,16.0,7.9375,linear coefficients + intercept,"{'alpha': 0.01, 'penalty': 'l2'}"
231,rf_importance,GradientBoosting-tiny,15,0.4341935078119534,1.3232770139643666,0.700036061108943,694.0,0.1829971181556196,"100 stages, 694 total nodes","{'learning_rate': 0.1, 'max_depth': 2, 'n_estimators': 100}"
232,rf_importance,LightGBM-tiny,15,0.4313689101814211,1.3265759085025686,0.7428135876286677,1002.0,0.12674650698602793,"100 boosting trees, ~1002 total nodes (leaf-based estimate)","{'learning_rate': 0.1, 'max_depth': 3, 'n_estimators': 100, 'num_leaves': 7}"
233,mutual_info,GradientBoosting-tiny,15,0.4305022676284119,1.3275864313515178,0.6817770459304814,664.0,0.19126506024096385,"100 stages, 664 total nodes","{'learning_rate': 0.1, 'max_depth': 2, 'n_estimators': 100}"
234,f_regression,GradientBoosting-tiny,15,0.4116307664608918,1.3494033466905193,0.7844308273556423,1310.0,0.09694656488549619,"100 stages, 1310 total nodes","{'learning_rate': 0.05, 'max_depth': 3, 'n_estimators': 100}"
235,rfe_ridge,LightGBM-tiny,15,0.41156653120700804,1.3494770052844351,0.7723287586816585,916.0,0.13864628820960698,"100 boosting trees, ~916 total nodes (leaf-based estimate)","{'learning_rate': 0.1, 'max_depth': 3, 'n_estimators': 100, 'num_leaves': 15}"
236,lasso,LightGBM-tiny,15,0.41045569458945863,1.3507501667782034,0.8074992220394739,1010.0,0.12574257425742574,"100 boosting trees, ~1010 total nodes (leaf-based estimate)","{'learning_rate': 0.1, 'max_depth': 3, 'n_estimators': 100, 'num_leaves': 7}"
237,mutual_info,GaussianProcess,15,0.40842876999893585,1.3530701955355289,0.665417665061061,33.42500374498958,3.7995508083985583,gp_effective_dof: trace(K(K+sigma^2*I)^-1),"{'kernel': 1**2 * RationalQuadratic(alpha=1, length_scale=1) + WhiteKernel(noise_level=0.5)}"
238,mutual_info,PLS,15,0.4058527482216744,1.3560129958880063,0.8678189239981111,6.0,21.166666666666668,5 latent components (true PLS dimensionality),{'n_components': 5}
239,mutual_info,NuSVR,15,0.3987829314481752,1.364056804349962,0.6974334615948996,107.0,1.1869158878504673,107 support vectors (of 127 training points),"{'C': 1, 'nu': 0.7}"
240,correlation,LightGBM-tiny,15,0.39531523052179574,1.3679849529850077,0.8359506355585808,318.0,0.39937106918238996,"50 boosting trees, ~318 total nodes (leaf-based estimate)","{'learning_rate': 0.1, 'max_depth': 2, 'n_estimators': 50, 'num_leaves': 7}"
241,f_regression,LightGBM-tiny,15,0.39474748409081306,1.3686270117843649,0.8367997651604726,318.0,0.39937106918238996,"50 boosting trees, ~318 total nodes (leaf-based estimate)","{'learning_rate': 0.1, 'max_depth': 2, 'n_estimators': 50, 'num_leaves': 7}"
242,mutual_info,BayesianRidge,15,0.38992659729961754,1.3740668153195355,0.8477211896140651,16.0,7.9375,linear coefficients + intercept,{}
243,correlation,GradientBoosting-tiny,15,0.383863170479122,1.3808782533146768,0.7893935693831071,1310.0,0.09694656488549619,"100 stages, 1310 total nodes","{'learning_rate': 0.05, 'max_depth': 3, 'n_estimators': 100}"
244,rf_importance,Bagging-tiny,15,0.3723801303326604,1.393686674547899,0.8161100322775859,234.0,0.5427350427350427,"20 trees, 234 total nodes","{'max_samples': 0.7, 'n_estimators': 20}"
245,mutual_info,SVR-RBF,15,0.3659429991790836,1.4008155578879842,0.6770964023429229,102.0,1.2450980392156863,102 support vectors (of 127 training points),"{'C': 1, 'epsilon': 0.1, 'gamma': 0.1}"
246,rfe_ridge,GaussianProcess,15,0.35990205851662227,1.4074728325656167,0.7556756316099071,53.8066681265738,2.3603022528963806,gp_effective_dof: trace(K(K+sigma^2*I)^-1),"{'kernel': 1**2 * RationalQuadratic(alpha=1, length_scale=1) + WhiteKernel(noise_level=0.5)}"
247,rf_importance,RandomForest-tiny,15,0.3543340717094665,1.4135811333493369,0.8013691301942425,962.0,0.13201663201663202,"100 trees, 962 total nodes","{'max_depth': 3, 'min_samples_leaf': 5, 'n_estimators': 100}"
248,correlation,OrthogonalMatchingPursuit,15,0.3468018780620217,1.42180248570496,0.9822226082922781,16.0,7.9375,linear coefficients + intercept,{'n_nonzero_coefs': 5}
249,f_regression,OrthogonalMatchingPursuit,15,0.34680187806202123,1.4218024857049605,0.9822226082922785,16.0,7.9375,linear coefficients + intercept,{'n_nonzero_coefs': 5}
250,rfe_ridge,Bagging-tiny,15,0.3447553181168054,1.4240280955763558,0.8535992172033507,232.0,0.5474137931034483,"20 trees, 232 total nodes","{'max_samples': 1.0, 'n_estimators': 20}"
251,mutual_info,LassoLarsIC,15,0.3433034169640522,1.4256049141539833,0.8643694771394893,16.0,7.9375,linear coefficients + intercept,{}
252,rf_importance,KNN,15,0.34290149342129905,1.4260411099156165,0.7537260137300422,127.0,1.0,non-parametric: stores all 127 training points,"{'n_neighbors': 9, 'weights': 'uniform'}"
253,mutual_info,RandomForest-tiny,15,0.34067496692424726,1.4284550807076926,0.7905053538560323,1106.0,0.11482820976491863,"100 trees, 1106 total nodes","{'max_depth': 3, 'min_samples_leaf': 3, 'n_estimators': 100}"
254,mutual_info,TweedieRegressor,15,0.3403376318563688,1.4288204591992053,0.8661042267104692,16.0,7.9375,linear coefficients + intercept,{'alpha': 0.01}
255,mutual_info,HistGradientBoosting-tiny,15,0.339201296152168,1.4300505741564997,0.7843630884846617,894.0,0.14205816554809844,"100 stages, 894 total nodes","{'learning_rate': 0.05, 'max_depth': 3, 'min_samples_leaf': 10}"
256,rfe_ridge,RandomForest-tiny,15,0.3334756790477761,1.4362326852529723,0.8619999935956228,1012.0,0.12549407114624506,"100 trees, 1012 total nodes","{'max_depth': 3, 'min_samples_leaf': 3, 'n_estimators': 100}"
257,f_regression,RandomForest-tiny,15,0.33327695993958506,1.4364467701705068,0.876743737400596,2006.0,0.06331006979062812,"200 trees, 2006 total nodes","{'max_depth': 3, 'min_samples_leaf': 5, 'n_estimators': 200}"
258,correlation,RandomForest-tiny,15,0.333181581320667,1.4365495125397658,0.8764772529702309,2006.0,0.06331006979062812,"200 trees, 2006 total nodes","{'max_depth': 3, 'min_samples_leaf': 5, 'n_estimators': 200}"
259,mutual_info,ExtraTrees-tiny,15,0.3325845315111393,1.4371924909628957,0.8548122800780429,964.0,0.13174273858921162,"100 trees, 964 total nodes","{'max_depth': 3, 'min_samples_leaf': 10, 'n_estimators': 100}"
260,rfe_ridge,SVR-RBF,15,0.330417865502879,1.4395234176050795,0.7182945462582963,118.0,1.076271186440678,118 support vectors (of 127 training points),"{'C': 1, 'epsilon': 0.05, 'gamma': 0.1}"
261,correlation,HistGradientBoosting-tiny,15,0.33020766753806297,1.439749350417241,0.8693116911106001,854.0,0.148711943793911,"100 stages, 854 total nodes","{'learning_rate': 0.05, 'max_depth': 3, 'min_samples_leaf': 10}"
262,f_regression,HistGradientBoosting-tiny,15,0.32979011194393926,1.4401980579499318,0.8701791063606519,854.0,0.148711943793911,"100 stages, 854 total nodes","{'learning_rate': 0.05, 'max_depth': 3, 'min_samples_leaf': 10}"
263,mutual_info,Ridge,15,0.3250612747193248,1.4452699699467233,0.881195419450721,16.0,7.9375,linear coefficients + intercept,{'alpha': 1}
264,mutual_info,RidgeCV,15,0.310048930592037,1.461254802574358,0.8944531584625032,16.0,7.9375,linear coefficients + intercept,{}
265,rf_importance,ExtraTrees-tiny,15,0.3084256247077444,1.4629728011580307,0.8850465962872502,1900.0,0.0668421052631579,"200 trees, 1900 total nodes","{'max_depth': 3, 'min_samples_leaf': 10, 'n_estimators': 200}"
266,lasso,GradientBoosting-tiny,15,0.3073274582569063,1.4641338840638147,0.8659650169248116,660.0,0.19242424242424241,"100 stages, 660 total nodes","{'learning_rate': 0.1, 'max_depth': 2, 'n_estimators': 100}"
267,lasso,HistGradientBoosting-tiny,15,0.30470279607062145,1.4669051960255464,0.9171935412493453,642.0,0.19781931464174454,"100 stages, 642 total nodes","{'learning_rate': 0.1, 'max_depth': 2, 'min_samples_leaf': 10}"
268,mutual_info,ElasticNetCV,15,0.3013168178821194,1.4704726464990505,0.8747611154946919,16.0,7.9375,linear coefficients + intercept,{}
269,rf_importance,HistGradientBoosting-tiny,15,0.2987964421613556,1.4731224936342973,0.8518476713479325,582.0,0.218213058419244,"100 stages, 582 total nodes","{'learning_rate': 0.05, 'max_depth': 2, 'min_samples_leaf': 20}"
270,mutual_info,LinearRegression,15,0.29813562978228425,1.4738164635456332,0.8692161440994506,16.0,7.9375,linear coefficients + intercept,{}
271,rfe_ridge,HistGradientBoosting-tiny,15,0.2909611016226543,1.4813300612136944,0.8598331496508409,976.0,0.13012295081967212,"100 stages, 976 total nodes","{'learning_rate': 0.05, 'max_depth': 3, 'min_samples_leaf': 10}"
272,mutual_info,Bagging-tiny,15,0.29053712619890426,1.4817728815465516,0.8163178652418945,636.0,0.19968553459119498,"50 trees, 636 total nodes","{'max_samples': 1.0, 'n_estimators': 50}"
273,lasso,RandomForest-tiny,15,0.2888436614720966,1.4835402992387707,0.9346384236596844,1018.0,0.12475442043222004,"100 trees, 1018 total nodes","{'max_depth': 3, 'min_samples_leaf': 5, 'n_estimators': 100}"
274,rfe_ridge,GradientBoosting-tiny,15,0.28512314539837114,1.4874159134976257,0.8268402509382613,678.0,0.1873156342182891,"100 stages, 678 total nodes","{'learning_rate': 0.1, 'max_depth': 2, 'n_estimators': 100}"
275,mutual_info,LightGBM-tiny,15,0.28448441296499816,1.488080257753571,0.8075608685873239,616.0,0.20616883116883117,"100 boosting trees, ~616 total nodes (leaf-based estimate)","{'learning_rate': 0.1, 'max_depth': 2, 'n_estimators': 100, 'num_leaves': 7}"
276,rfe_ridge,NuSVR,15,0.2837809129463129,1.488811623577997,0.7867785112547387,106.0,1.1981132075471699,106 support vectors (of 127 training points),"{'C': 1, 'nu': 0.7}"
277,rfe_ridge,DecisionTree-tiny,15,0.27748141151544403,1.4953447072299737,0.9755206799982826,11.0,11.545454545454545,"single tree, 11 nodes","{'max_depth': 3, 'min_samples_leaf': 10}"
278,correlation,GaussianProcess,15,0.27439898685499553,1.4985310486422754,0.805673488375008,80.12406264797129,1.5850419437414236,gp_effective_dof: trace(K(K+sigma^2*I)^-1),"{'kernel': 1**2 * Matern(length_scale=1, nu=1.5) + WhiteKernel(noise_level=0.5)}"
279,f_regression,GaussianProcess,15,0.2743989842978646,1.4985310512828038,0.805673489380661,80.12406264797123,1.5850419437414247,gp_effective_dof: trace(K(K+sigma^2*I)^-1),"{'kernel': 1**2 * Matern(length_scale=1, nu=1.5) + WhiteKernel(noise_level=0.5)}"
280,f_regression,ExtraTrees-tiny,15,0.2727066499536521,1.5002775610936603,0.9379198176644588,994.0,0.12776659959758552,"100 trees, 994 total nodes","{'max_depth': 3, 'min_samples_leaf': 10, 'n_estimators': 100}"
281,rf_importance,RidgeCV,15,0.2630029893419833,1.510252866212652,0.8877984821477851,16.0,7.9375,linear coefficients + intercept,{}
282,correlation,KNN,15,0.26168702275852884,1.5116006029626083,0.8117499060390849,127.0,1.0,non-parametric: stores all 127 training points,"{'n_neighbors': 9, 'weights': 'distance'}"
283,f_regression,KNN,15,0.26168702275852873,1.5116006029626086,0.8117499060390849,127.0,1.0,non-parametric: stores all 127 training points,"{'n_neighbors': 9, 'weights': 'distance'}"
284,mutual_info,LassoLarsCV,15,0.26127598815144726,1.5120213145900374,0.8877182289191259,16.0,7.9375,linear coefficients + intercept,{}
285,mutual_info,LassoCV,15,0.26074629620882084,1.5125633045459885,0.8867864683884606,16.0,7.9375,linear coefficients + intercept,{}
286,rf_importance,LarsCV,15,0.25615885081059786,1.5172491587446446,0.9066795914538268,16.0,7.9375,linear coefficients + intercept,{}
287,correlation,Bagging-tiny,15,0.25554835830737,1.5178716567482446,0.9232115869737109,220.0,0.5772727272727273,"20 trees, 220 total nodes","{'max_samples': 0.7, 'n_estimators': 20}"
288,correlation,ExtraTrees-tiny,15,0.25401133975151136,1.5194377718709973,0.9572033501764335,1938.0,0.06553147574819401,"200 trees, 1938 total nodes","{'max_depth': 3, 'min_samples_leaf': 10, 'n_estimators': 200}"
289,rf_importance,SGDRegressor,15,0.2487774605877352,1.5247586661401433,0.882170510267965,16.0,7.9375,linear coefficients + intercept,"{'alpha': 0.01, 'penalty': 'elasticnet'}"
290,correlation,SVR-RBF,15,0.24470284326870007,1.5288882056398694,0.7748806952062322,107.0,1.1869158878504673,107 support vectors (of 127 training points),"{'C': 10, 'epsilon': 0.05, 'gamma': 'scale'}"
291,f_regression,SVR-RBF,15,0.24470284326869995,1.5288882056398696,0.7748806952062324,107.0,1.1869158878504673,107 support vectors (of 127 training points),"{'C': 10, 'epsilon': 0.05, 'gamma': 'scale'}"
292,mutual_info,ExtraTree-tiny,15,0.24468186311614903,1.5289094397228766,0.9649501545025166,9.0,14.11111111111111,"single tree, 9 nodes","{'max_depth': 3, 'min_samples_leaf': 10}"
293,f_regression,Bagging-tiny,15,0.24188289952228048,1.5317396409975144,0.9296375058715097,220.0,0.5772727272727273,"20 trees, 220 total nodes","{'max_samples': 0.7, 'n_estimators': 20}"
294,lasso,SVR-RBF,15,0.24172494776949927,1.531899199699142,0.7989364207885862,111.0,1.1441441441441442,111 support vectors (of 127 training points),"{'C': 10, 'epsilon': 0.05, 'gamma': 0.1}"
295,f_regression,AdaBoost-tiny,15,0.24023264992591886,1.5334058602604932,1.0216411014701994,192.0,0.6614583333333334,"30 trees, 192 total nodes","{'learning_rate': 0.5, 'n_estimators': 30}"
296,rfe_ridge,ExtraTrees-tiny,15,0.23979629501936728,1.5338461352515849,0.9488220347222523,1934.0,0.0656670113753878,"200 trees, 1934 total nodes","{'max_depth': 3, 'min_samples_leaf': 10, 'n_estimators': 200}"
297,rf_importance,OrthogonalMatchingPursuitCV,15,0.23949564841579707,1.534149409257814,0.9224400600728884,16.0,7.9375,linear coefficients + intercept,{}
298,lasso,NuSVR,15,0.2379790452550039,1.5356783531851002,0.8253329858404553,125.0,1.016,125 support vectors (of 127 training points),"{'C': 10, 'nu': 0.7}"
299,correlation,AdaBoost-tiny,15,0.23786990745676928,1.5357883203406277,0.99944164700614,186.0,0.6827956989247311,"30 trees, 186 total nodes","{'learning_rate': 0.5, 'n_estimators': 30}"
300,lasso,GaussianProcess,15,0.2341910204883456,1.5394905686936557,0.8299361137303736,60.25031791771765,2.107872694936493,gp_effective_dof: trace(K(K+sigma^2*I)^-1),"{'kernel': 1**2 * RationalQuadratic(alpha=1, length_scale=1) + WhiteKernel(noise_level=0.5)}"
301,rfe_ridge,KNN,15,0.2291588595638282,1.5445403132974163,0.7698156502407858,127.0,1.0,non-parametric: stores all 127 training points,"{'n_neighbors': 3, 'weights': 'uniform'}"
302,rf_importance,DecisionTree-tiny,15,0.22474721923972485,1.5489538263061486,0.9104703460172513,15.0,8.466666666666667,"single tree, 15 nodes","{'max_depth': 4, 'min_samples_leaf': 10}"
303,f_regression,NuSVR,15,0.22435095185335696,1.5493496465368404,0.7892722198301583,114.0,1.1140350877192982,114 support vectors (of 127 training points),"{'C': 10, 'nu': 0.5}"
304,correlation,NuSVR,15,0.22435095185335663,1.5493496465368406,0.7892722198301583,114.0,1.1140350877192982,114 support vectors (of 127 training points),"{'C': 10, 'nu': 0.5}"
305,rf_importance,AdaBoost-tiny,15,0.21688530624384672,1.5567880593281251,1.0022124255716545,204.0,0.6225490196078431,"30 trees, 204 total nodes","{'learning_rate': 0.5, 'n_estimators': 30}"
306,mutual_info,KNN,15,0.2130055532727615,1.560639660343678,0.7740188996479258,127.0,1.0,non-parametric: stores all 127 training points,"{'n_neighbors': 9, 'weights': 'uniform'}"
307,mutual_info,DecisionTree-tiny,15,0.21260444783961385,1.56103731328096,0.8916162222904519,13.0,9.76923076923077,"single tree, 13 nodes","{'max_depth': 4, 'min_samples_leaf': 10}"
308,rfe_ridge,AdaBoost-tiny,15,0.21070211295341856,1.5629218961053912,1.04011707383417,69.0,1.8405797101449275,"11 trees, 69 total nodes","{'learning_rate': 0.5, 'n_estimators': 30}"
309,lasso,Bagging-tiny,15,0.209035754326366,1.5645708396072346,0.9844530095093217,220.0,0.5772727272727273,"20 trees, 220 total nodes","{'max_samples': 1.0, 'n_estimators': 20}"
310,lasso,ExtraTrees-tiny,15,0.20879026172924475,1.5648136197094005,0.9824462104537727,1938.0,0.06553147574819401,"200 trees, 1938 total nodes","{'max_depth': 3, 'min_samples_leaf': 10, 'n_estimators': 200}"
311,lasso,OrthogonalMatchingPursuit,15,0.20478350821811953,1.5687707909047606,0.9821615513119347,16.0,7.9375,linear coefficients + intercept,{'n_nonzero_coefs': 10}
312,rf_importance,ExtraTree-tiny,15,0.19690548310095646,1.576522363921457,0.997613538804222,13.0,9.76923076923077,"single tree, 13 nodes","{'max_depth': 4, 'min_samples_leaf': 10}"
313,lasso,LarsCV,15,0.18642646176884126,1.586774500531012,1.024120940171673,16.0,7.9375,linear coefficients + intercept,{}
314,mutual_info,AdaBoost-tiny,15,0.1755844743909314,1.5973124857366674,1.0227228619512634,314.0,0.40445859872611467,"50 trees, 314 total nodes","{'learning_rate': 0.05, 'n_estimators': 50}"
315,mutual_info,OrthogonalMatchingPursuit,15,0.17544526889981016,1.5974473359891146,1.0476031649252935,16.0,7.9375,linear coefficients + intercept,{'n_nonzero_coefs': 10}
316,lasso,LassoCV,15,0.16952558798740303,1.6031713142673658,1.0330215338821325,16.0,7.9375,linear coefficients + intercept,{}
317,lasso,LassoLarsCV,15,0.1671214860614515,1.6054901105430577,1.0339567605900188,16.0,7.9375,linear coefficients + intercept,{}
318,correlation,ElasticNet,15,0.163019826508346,1.609438517287901,1.1152825716654673,16.0,7.9375,linear coefficients + intercept,"{'alpha': 0.1, 'l1_ratio': 0.2}"
319,f_regression,ElasticNet,15,0.16299087663190237,1.6094663510674851,1.1152686857808085,16.0,7.9375,linear coefficients + intercept,"{'alpha': 0.1, 'l1_ratio': 0.2}"
320,f_regression,OrthogonalMatchingPursuitCV,15,0.16223386694056163,1.610194005183357,1.0870521444862906,16.0,7.9375,linear coefficients + intercept,{}
321,correlation,OrthogonalMatchingPursuitCV,15,0.16223386694056163,1.610194005183357,1.0870521444862906,16.0,7.9375,linear coefficients + intercept,{}
322,rf_importance,BayesianRidge,15,0.1545031293283503,1.6176062182846598,0.904398221133047,16.0,7.9375,linear coefficients + intercept,{}
323,lasso,KNN,15,0.15368755128785405,1.6183862129593645,0.8362749417396161,127.0,1.0,non-parametric: stores all 127 training points,"{'n_neighbors': 3, 'weights': 'distance'}"
324,mutual_info,LassoLars,15,0.15323803577830508,1.6188159556206585,1.0627928982730706,16.0,7.9375,linear coefficients + intercept,{'alpha': 1}
325,mutual_info,Lasso,15,0.15320031448678606,1.6188520124767232,1.0627968149599216,16.0,7.9375,linear coefficients + intercept,{'alpha': 1}
326,lasso,OrthogonalMatchingPursuitCV,15,0.15188138734013112,1.6201122379779425,1.0458838334505538,16.0,7.9375,linear coefficients + intercept,{}
327,correlation,LassoLars,15,0.15047920079124433,1.621450943074347,1.1117267722514432,16.0,7.9375,linear coefficients + intercept,{'alpha': 0.01}
328,f_regression,LassoLars,15,0.150479200791244,1.6214509430743471,1.1117267722514432,16.0,7.9375,linear coefficients + intercept,{'alpha': 0.01}
329,correlation,Lasso,15,0.15047732728684815,1.6214527310198557,1.1117362945965636,16.0,7.9375,linear coefficients + intercept,{'alpha': 0.01}
330,f_regression,Lasso,15,0.15046507946230214,1.621464419464213,1.1117118174395493,16.0,7.9375,linear coefficients + intercept,{'alpha': 0.01}
331,mutual_info,LinearSVR,15,0.1458891974776979,1.6258254323585681,0.8792599163806168,16.0,7.9375,linear coefficients + intercept,"{'C': 10, 'epsilon': 0.01}"
332,rfe_ridge,OrthogonalMatchingPursuit,15,0.14547228900789932,1.6262221828135093,1.0567781674931946,16.0,7.9375,linear coefficients + intercept,{'n_nonzero_coefs': 8}
333,rfe_ridge,ExtraTree-tiny,15,0.1381131778690794,1.6332096064685646,1.0811531871911755,7.0,18.142857142857142,"single tree, 7 nodes","{'max_depth': 2, 'min_samples_leaf': 10}"
334,rfe_ridge,LarsCV,15,0.13381100600876994,1.6372806758430927,1.0577580924002503,16.0,7.9375,linear coefficients + intercept,{}
335,f_regression,DecisionTree-tiny,15,0.13110544395581158,1.6398357248972095,1.0583680324580291,9.0,14.11111111111111,"single tree, 9 nodes","{'max_depth': 3, 'min_samples_leaf': 10}"
336,correlation,DecisionTree-tiny,15,0.13110544395581136,1.63983572489721,1.0583680324580294,9.0,14.11111111111111,"single tree, 9 nodes","{'max_depth': 3, 'min_samples_leaf': 10}"
337,mutual_info,ElasticNet,15,0.12939325370561616,1.6414506095262513,1.042369067682332,16.0,7.9375,linear coefficients + intercept,"{'alpha': 1, 'l1_ratio': 0.8}"
338,correlation,ExtraTree-tiny,15,0.11439586166750582,1.6555283572613204,1.0765941135255745,13.0,9.76923076923077,"single tree, 13 nodes","{'max_depth': 4, 'min_samples_leaf': 10}"
339,lasso,LassoLars,15,0.11387404123262979,1.6560160250979783,1.0883608159702325,16.0,7.9375,linear coefficients + intercept,{'alpha': 0.01}
340,lasso,Lasso,15,0.1138565719394089,1.6560323485600414,1.0883711498883542,16.0,7.9375,linear coefficients + intercept,{'alpha': 0.01}
341,rfe_ridge,ElasticNetCV,15,0.10481145832451633,1.6644626829744442,1.0024225016580237,16.0,7.9375,linear coefficients + intercept,{}
342,lasso,ExtraTree-tiny,15,0.10002568041404702,1.668905954022307,1.0736167842665862,13.0,9.76923076923077,"single tree, 13 nodes","{'max_depth': 4, 'min_samples_leaf': 10}"
343,rf_importance,Lasso,15,0.09683701102752029,1.6718598627360846,1.095231093368985,16.0,7.9375,linear coefficients + intercept,{'alpha': 1}
344,rf_importance,LassoLars,15,0.09681450618165988,1.6718806921514782,1.0952202619821694,16.0,7.9375,linear coefficients + intercept,{'alpha': 1}
345,f_regression,ExtraTree-tiny,15,0.0939381188786872,1.674540806662408,1.0909781695969953,5.0,25.4,"single tree, 5 nodes","{'max_depth': 2, 'min_samples_leaf': 10}"
346,rfe_ridge,LassoCV,15,0.09038631975193978,1.6778197301858644,1.0024376874161158,16.0,7.9375,linear coefficients + intercept,{}
347,rfe_ridge,LassoLarsCV,15,0.08750565990717696,1.6804743776931321,1.0030822155986219,16.0,7.9375,linear coefficients + intercept,{}
348,lasso,DecisionTree-tiny,15,0.08292053345081596,1.6846911339640853,1.1127830048054392,9.0,14.11111111111111,"single tree, 9 nodes","{'max_depth': 3, 'min_samples_leaf': 10}"
349,rfe_ridge,LassoLarsIC,15,0.0825794173972505,1.6850044229336203,0.9944604040154442,16.0,7.9375,linear coefficients + intercept,{}
350,rfe_ridge,OrthogonalMatchingPursuitCV,15,0.07322538445738169,1.6935728016892093,1.1263939197874269,16.0,7.9375,linear coefficients + intercept,{}
351,rfe_ridge,BayesianRidge,15,0.07029513167652923,1.6962480367810717,1.0030727465532292,16.0,7.9375,linear coefficients + intercept,{}
352,rfe_ridge,SGDRegressor,15,0.060363802495431496,1.7052838333292122,1.0000833579836785,16.0,7.9375,linear coefficients + intercept,"{'alpha': 0.01, 'penalty': 'l2'}"
353,mutual_info,HuberRegressor,15,0.05584084844479764,1.7093831119364917,0.8827039946452904,16.0,7.9375,linear coefficients + intercept,"{'alpha': 0.001, 'epsilon': 1.35}"
354,rfe_ridge,RidgeCV,15,0.05284270334573116,1.712095004571038,1.0174733403199363,16.0,7.9375,linear coefficients + intercept,{}
355,rfe_ridge,Ridge,15,0.04845322406793462,1.716057661367198,1.0058689216466508,16.0,7.9375,linear coefficients + intercept,{'alpha': 1}
356,rf_importance,LinearSVR,15,0.04275395617124311,1.7211891334076737,0.8210099146186056,16.0,7.9375,linear coefficients + intercept,"{'C': 10, 'epsilon': 0.01}"
357,lasso,AdaBoost-tiny,15,0.04141336188052491,1.7223939485326751,1.164009508526089,200.0,0.635,"30 trees, 200 total nodes","{'learning_rate': 0.5, 'n_estimators': 30}"
358,rfe_ridge,LinearRegression,15,0.04013843673262252,1.723538964335158,1.029297408740128,16.0,7.9375,linear coefficients + intercept,{}
359,rf_importance,LassoLarsIC,15,0.03525396407048209,1.7279187084972778,0.9182426801317997,16.0,7.9375,linear coefficients + intercept,{}
360,rf_importance,PLS,15,0.03141966766162885,1.731349032299904,0.9851694034607392,8.0,15.875,7 latent components (true PLS dimensionality),{'n_components': 7}
361,rfe_ridge,ElasticNet,15,0.024760835393832115,1.7372902101487038,1.084752039699475,16.0,7.9375,linear coefficients + intercept,"{'alpha': 1, 'l1_ratio': 0.8}"
362,rfe_ridge,TweedieRegressor,15,0.022160026426283563,1.7396052071738264,1.0335263231633602,16.0,7.9375,linear coefficients + intercept,{'alpha': 0.1}
363,rfe_ridge,LinearSVR,15,-0.008212509382883093,1.7664154160352654,0.9273180072427298,16.0,7.9375,linear coefficients + intercept,"{'C': 1, 'epsilon': 0.01}"
364,rfe_ridge,HuberRegressor,15,-0.014448373710955531,1.7718696962184481,0.9635759738588066,16.0,7.9375,linear coefficients + intercept,"{'alpha': 0.1, 'epsilon': 1.5}"
365,rf_importance,Dummy-baseline,15,-0.032840624280813024,1.78785980755922,1.207399200034971,1.0,127.0,constant baseline,{}
366,lasso,Dummy-baseline,15,-0.032840624280813024,1.78785980755922,1.207399200034971,1.0,127.0,constant baseline,{}
367,mutual_info,Dummy-baseline,15,-0.032840624280813024,1.78785980755922,1.207399200034971,1.0,127.0,constant baseline,{}
368,correlation,Dummy-baseline,15,-0.032840624280813024,1.78785980755922,1.207399200034971,1.0,127.0,constant baseline,{}
369,f_regression,Dummy-baseline,15,-0.032840624280813024,1.78785980755922,1.207399200034971,1.0,127.0,constant baseline,{}
370,rfe_ridge,Dummy-baseline,15,-0.032840624280813024,1.78785980755922,1.207399200034971,1.0,127.0,constant baseline,{}
371,rfe_ridge,Lasso,15,-0.056572107738371846,1.8082829035988615,1.1545077352084423,16.0,7.9375,linear coefficients + intercept,{'alpha': 1}
372,rfe_ridge,LassoLars,15,-0.0565840598346794,1.8082931313486457,1.1545089618271624,16.0,7.9375,linear coefficients + intercept,{'alpha': 1}
373,rfe_ridge,PLS,15,-0.12155112553607328,1.863057862038327,1.0479231469269918,6.0,21.166666666666668,5 latent components (true PLS dimensionality),{'n_components': 5}
374,rf_importance,Ridge,15,-0.13778392259062033,1.8764919333516272,0.9427849852280389,16.0,7.9375,linear coefficients + intercept,{'alpha': 1}
375,rf_importance,ElasticNetCV,15,-0.15100569755195625,1.8873634576959175,0.9348481107166183,16.0,7.9375,linear coefficients + intercept,{}
376,rf_importance,LinearRegression,15,-0.15347091567868132,1.8893835493280002,0.9581526295355917,16.0,7.9375,linear coefficients + intercept,{}
377,rf_importance,TweedieRegressor,15,-0.1536850427065659,1.8895589110577504,0.9564542729559367,16.0,7.9375,linear coefficients + intercept,{'alpha': 0.01}
378,rf_importance,HuberRegressor,15,-0.1613574164786986,1.8958315844570404,0.846255875383812,16.0,7.9375,linear coefficients + intercept,"{'alpha': 0.1, 'epsilon': 1.5}"
379,rf_importance,LassoCV,15,-0.16764167942225017,1.9009539656138512,0.934682783881636,16.0,7.9375,linear coefficients + intercept,{}
380,rf_importance,LassoLarsCV,15,-0.17733667068118364,1.9088295128139097,0.9378344578936354,16.0,7.9375,linear coefficients + intercept,{}
381,rf_importance,OrthogonalMatchingPursuit,15,-0.1970409982332335,1.9247366587418862,0.9880592848927763,16.0,7.9375,linear coefficients + intercept,{'n_nonzero_coefs': 8}
382,mutual_info,PassiveAggressiveRegressor,15,-0.2641723607874693,1.9779711412451981,1.1320386129640865,16.0,7.9375,linear coefficients + intercept,{'C': 0.1}
383,rf_importance,ElasticNet,15,-0.31317107090438334,2.0159393345973733,1.1231315241905595,16.0,7.9375,linear coefficients + intercept,"{'alpha': 1, 'l1_ratio': 0.8}"
384,rfe_ridge,RANSACRegressor,15,-0.3729007755840481,2.0612771104673175,1.0803650584339541,16.0,7.9375,RANSAC inlier-fitted LinearRegression,{}
385,correlation,KernelRidge,15,-0.44219024873876633,2.1126525726312355,1.074042379334933,10.499301388021056,12.096042899092106,krr_effective_dof: trace(K(K+alpha*I)^-1),"{'alpha': 1, 'gamma': 0.01}"
386,f_regression,KernelRidge,15,-0.4421902487387668,2.1126525726312355,1.074042379334934,10.499301388021049,12.096042899092115,krr_effective_dof: trace(K(K+alpha*I)^-1),"{'alpha': 1, 'gamma': 0.01}"
387,rfe_ridge,PassiveAggressiveRegressor,15,-0.52363885875261,2.171489959572245,1.3781721455149276,16.0,7.9375,linear coefficients + intercept,{'C': 0.01}
388,mutual_info,SmallMLP,15,-0.5368259574128569,2.180866839943672,1.3285539390908538,137.0,0.927007299270073,"layers (8,)","{'alpha': 0.1, 'hidden_layer_sizes': (8,)}"
389,rf_importance,SmallMLP,15,-0.5819315481734681,2.2126394384505077,1.2960142353112243,69.0,1.8405797101449275,"layers (4,)","{'alpha': 1.0, 'hidden_layer_sizes': (4,)}"
390,lasso,KernelRidge,15,-0.6133671092476791,2.2345156719309522,1.1333828168400788,23.720789711052262,5.353953285156721,krr_effective_dof: trace(K(K+alpha*I)^-1),"{'alpha': 0.1, 'gamma': 0.01}"
391,rf_importance,PassiveAggressiveRegressor,15,-0.6450573364847845,2.2563544567111915,1.2188866453578755,16.0,7.9375,linear coefficients + intercept,{'C': 1}
392,mutual_info,RANSACRegressor,15,-0.9034324880412286,2.4270881188010462,1.2619674614956953,16.0,7.9375,RANSAC inlier-fitted LinearRegression,{}
393,rf_importance,RANSACRegressor,15,-0.9743647109057485,2.471897711619259,1.2581437899169827,16.0,7.9375,RANSAC inlier-fitted LinearRegression,{}
394,rfe_ridge,SmallMLP,15,-1.4416794358628664,2.7489138424747614,1.8270228786003446,137.0,0.927007299270073,"layers (8,)","{'alpha': 0.1, 'hidden_layer_sizes': (8,)}"
395,correlation,LassoLarsIC,15,-3.6149588840074216,3.779207375704337,1.1991038106744578,16.0,7.9375,linear coefficients + intercept,{}
396,f_regression,LassoLarsIC,15,-3.614958884007563,3.7792073757043947,1.199103810674464,16.0,7.9375,linear coefficients + intercept,{}
397,f_regression,LarsCV,15,-5.157397429575357,4.365313097690873,1.5510026022166574,16.0,7.9375,linear coefficients + intercept,{}
398,correlation,LarsCV,15,-5.157397429577172,4.365313097691516,1.5510026022167311,16.0,7.9375,linear coefficients + intercept,{}
399,f_regression,TweedieRegressor,15,-59.738966853975164,13.71041200300956,2.3015933797926587,16.0,7.9375,linear coefficients + intercept,{'alpha': 0.1}
400,correlation,TweedieRegressor,15,-59.73896685397517,13.710412003009562,2.3015933797926587,16.0,7.9375,linear coefficients + intercept,{'alpha': 0.1}
401,lasso,LinearRegression,15,-75.38841633110131,15.37554641595117,2.493173471475218,16.0,7.9375,linear coefficients + intercept,{}
402,lasso,ElasticNet,15,-76.68735260748099,15.505721042376777,2.50381821140573,16.0,7.9375,linear coefficients + intercept,"{'alpha': 0.01, 'l1_ratio': 0.2}"
403,correlation,Ridge,15,-94.10584222819593,17.156172465621612,2.6335422611261556,16.0,7.9375,linear coefficients + intercept,{'alpha': 10}
404,f_regression,Ridge,15,-94.10584222819595,17.156172465621612,2.6335422611261556,16.0,7.9375,linear coefficients + intercept,{'alpha': 10}
405,lasso,LinearSVR,15,-130.59742191538928,20.180898405197794,2.879823477785159,16.0,7.9375,linear coefficients + intercept,"{'C': 10, 'epsilon': 0.01}"
406,lasso,ElasticNetCV,15,-133.42521253675702,20.396571463488357,2.9691293784236654,16.0,7.9375,linear coefficients + intercept,{}
407,lasso,TweedieRegressor,15,-142.83575580553236,21.09843466607219,3.0391253583005065,16.0,7.9375,linear coefficients + intercept,{'alpha': 0.01}
408,f_regression,BayesianRidge,15,-173.96593447415745,23.269848499345784,3.213404416066426,16.0,7.9375,linear coefficients + intercept,{}
409,correlation,BayesianRidge,15,-173.96593447416285,23.269848499346146,3.213404416066461,16.0,7.9375,linear coefficients + intercept,{}
410,correlation,LassoCV,15,-186.92632027785922,24.116296266727733,3.274191300316258,16.0,7.9375,linear coefficients + intercept,{}
411,correlation,LassoLarsCV,15,-187.30115435719074,24.140335226859115,3.275819093185904,16.0,7.9375,linear coefficients + intercept,{}
412,f_regression,LassoLarsCV,15,-187.30115435719267,24.14033522685924,3.275819093185917,16.0,7.9375,linear coefficients + intercept,{}
413,correlation,ElasticNetCV,15,-187.303698708638,24.140498320095585,3.2809784418616585,16.0,7.9375,linear coefficients + intercept,{}
414,f_regression,LassoCV,15,-187.91537067547077,24.17967464635179,3.280487663443837,16.0,7.9375,linear coefficients + intercept,{}
415,f_regression,ElasticNetCV,15,-188.01379226939997,24.18597241935142,3.2855629675122633,16.0,7.9375,linear coefficients + intercept,{}
416,correlation,RidgeCV,15,-198.79347587020047,24.86608745341656,3.3789082481413915,16.0,7.9375,linear coefficients + intercept,{}
417,f_regression,RidgeCV,15,-198.79347587021002,24.866087453417155,3.378908248141231,16.0,7.9375,linear coefficients + intercept,{}
418,correlation,LinearRegression,15,-198.84481344136807,24.869281958479707,3.362970014176817,16.0,7.9375,linear coefficients + intercept,{}
419,f_regression,LinearRegression,15,-198.8448134413693,24.86928195847978,3.362970014176823,16.0,7.9375,linear coefficients + intercept,{}
420,lasso,LassoLarsIC,15,-212.6473844406232,25.713760566155745,3.5008987307469184,16.0,7.9375,linear coefficients + intercept,{}
421,lasso,Ridge,15,-220.6721016203675,26.19222089984967,3.5350516160218586,16.0,7.9375,linear coefficients + intercept,{'alpha': 1}
422,f_regression,SGDRegressor,15,-233.85631637902023,26.95987833039452,3.592666057894729,16.0,7.9375,linear coefficients + intercept,"{'alpha': 0.01, 'penalty': 'elasticnet'}"
423,correlation,SGDRegressor,15,-233.8563163790203,26.959878330394524,3.592666057894729,16.0,7.9375,linear coefficients + intercept,"{'alpha': 0.01, 'penalty': 'elasticnet'}"
424,lasso,RidgeCV,15,-238.6915915125806,27.235992442227268,3.6540284923346653,16.0,7.9375,linear coefficients + intercept,{}
425,lasso,BayesianRidge,15,-257.17314936047103,28.266519846568208,3.7432241156767123,16.0,7.9375,linear coefficients + intercept,{}
426,f_regression,PLS,15,-258.40700442949736,28.333984680883397,3.788816372669228,4.0,31.75,3 latent components (true PLS dimensionality),{'n_components': 3}
427,correlation,PLS,15,-258.4070044294976,28.333984680883407,3.7888163726692294,4.0,31.75,3 latent components (true PLS dimensionality),{'n_components': 3}
428,lasso,SGDRegressor,15,-315.9303129680406,31.3183371588933,4.067820331202528,16.0,7.9375,linear coefficients + intercept,"{'alpha': 0.01, 'penalty': 'l2'}"
429,lasso,HuberRegressor,15,-375.32865609990256,34.127183704849855,4.284458349927245,16.0,7.9375,linear coefficients + intercept,"{'alpha': 0.1, 'epsilon': 1.5}"
430,lasso,PLS,15,-432.20529912630053,36.61539180435177,4.565921032374502,6.0,21.166666666666668,5 latent components (true PLS dimensionality),{'n_components': 5}
431,correlation,PassiveAggressiveRegressor,15,-457.5798524302575,37.67248690336151,4.738321392274144,16.0,7.9375,linear coefficients + intercept,{'C': 0.1}
432,f_regression,PassiveAggressiveRegressor,15,-457.57985243025803,37.67248690336153,4.7383213922741465,16.0,7.9375,linear coefficients + intercept,{'C': 0.1}
433,lasso,PassiveAggressiveRegressor,15,-478.83210126758644,38.53554053175519,4.839780399253761,16.0,7.9375,linear coefficients + intercept,{'C': 1}
434,lasso,RANSACRegressor,15,-985.9094503045862,55.2656725238405,6.707938130619063,16.0,7.9375,RANSAC inlier-fitted LinearRegression,{}
435,correlation,HuberRegressor,15,-1027.9267247068344,56.42986732714505,6.426039653698985,16.0,7.9375,linear coefficients + intercept,"{'alpha': 0.1, 'epsilon': 1.2}"
436,f_regression,HuberRegressor,15,-1027.9267247069156,56.42986732714727,6.426039653700506,16.0,7.9375,linear coefficients + intercept,"{'alpha': 0.1, 'epsilon': 1.2}"
437,correlation,SmallMLP,15,-1066.223022890855,57.47042360455446,6.953595151264549,137.0,0.927007299270073,"layers (8,)","{'alpha': 0.1, 'hidden_layer_sizes': (8,)}"
438,correlation,LinearSVR,15,-1292.9664207085673,63.28172492422426,7.0855902580963,16.0,7.9375,linear coefficients + intercept,"{'C': 10, 'epsilon': 0.1}"
439,f_regression,LinearSVR,15,-1292.9664207085696,63.281724924224314,7.085590258096305,16.0,7.9375,linear coefficients + intercept,"{'C': 10, 'epsilon': 0.1}"
440,lasso,SmallMLP,15,-1426.5708534528862,66.46846381229822,8.173847390492563,69.0,1.8405797101449275,"layers (4,)","{'alpha': 1.0, 'hidden_layer_sizes': (4,)}"
441,f_regression,SmallMLP,15,-4345.795224238644,115.98488496316236,13.213935340796976,69.0,1.8405797101449275,"layers (4,)","{'alpha': 0.1, 'hidden_layer_sizes': (4,)}"
442,f_regression,RANSACRegressor,15,-7793.057183755618,155.3097066389392,16.37293261685893,16.0,7.9375,RANSAC inlier-fitted LinearRegression,{}
443,correlation,RANSACRegressor,15,-7793.057183755648,155.3097066389395,16.372932616858957,16.0,7.9375,RANSAC inlier-fitted LinearRegression,{}
444,rf_importance,GradientBoosting-tiny,20,0.5015660819997977,1.2419971505888527,0.6790824468950987,1372.0,0.09256559766763849,"100 stages, 1372 total nodes","{'learning_rate': 0.05, 'max_depth': 3, 'n_estimators': 100}"
445,rfe_ridge,KernelRidge,20,0.4604572302155032,1.2922000217376994,0.766655800340497,29.65598702429718,4.282440503361051,krr_effective_dof: trace(K(K+alpha*I)^-1),"{'alpha': 0.1, 'gamma': 0.01}"
446,rf_importance,KernelRidge,20,0.45900726032758865,1.293935189086214,0.8099809973223041,28.924128913023107,4.3907977447444635,krr_effective_dof: trace(K(K+alpha*I)^-1),"{'alpha': 0.1, 'gamma': 0.01}"
447,f_regression,LightGBM-tiny,20,0.45651412895838295,1.2969132718448149,0.8179830156270963,1018.0,0.12475442043222004,"100 boosting trees, ~1018 total nodes (leaf-based estimate)","{'learning_rate': 0.1, 'max_depth': 3, 'n_estimators': 100, 'num_leaves': 7}"
448,correlation,LightGBM-tiny,20,0.4562067916827225,1.2972799174919214,0.8192425379877065,628.0,0.20222929936305734,"100 boosting trees, ~628 total nodes (leaf-based estimate)","{'learning_rate': 0.1, 'max_depth': 2, 'n_estimators': 100, 'num_leaves': 7}"
449,rf_importance,NuSVR,20,0.4346036761061256,1.3227972875162288,0.6321370420453991,79.0,1.6075949367088607,79 support vectors (of 127 training points),"{'C': 1, 'nu': 0.5}"
450,rf_importance,GaussianProcess,20,0.4243298712214758,1.3347614431403017,0.6204913810274079,28.892464178460504,4.3956098453755015,gp_effective_dof: trace(K(K+sigma^2*I)^-1),"{'kernel': 1**2 * RationalQuadratic(alpha=1, length_scale=1) + WhiteKernel(noise_level=0.5)}"
451,rf_importance,LightGBM-tiny,20,0.41357456902440737,1.3471724825423614,0.734819922430715,968.0,0.13119834710743802,"100 boosting trees, ~968 total nodes (leaf-based estimate)","{'learning_rate': 0.1, 'max_depth': 3, 'n_estimators': 100, 'num_leaves': 7}"
452,correlation,GradientBoosting-tiny,20,0.41341989469766893,1.347350134505884,0.8129623131130831,1238.0,0.10258481421647819,"100 stages, 1238 total nodes","{'learning_rate': 0.05, 'max_depth': 3, 'n_estimators': 100}"
453,rf_importance,SVR-RBF,20,0.4110015471329559,1.350124699656107,0.6306501785983045,103.0,1.233009708737864,103 support vectors (of 127 training points),"{'C': 10, 'epsilon': 0.05, 'gamma': 0.1}"
454,f_regression,GradientBoosting-tiny,20,0.401070879768084,1.3614588522456879,0.8052577210543095,1238.0,0.10258481421647819,"100 stages, 1238 total nodes","{'learning_rate': 0.05, 'max_depth': 3, 'n_estimators': 100}"
455,mutual_info,GradientBoosting-tiny,20,0.38758472195034543,1.376701589256421,0.6741313419945936,676.0,0.1878698224852071,"100 stages, 676 total nodes","{'learning_rate': 0.1, 'max_depth': 2, 'n_estimators': 100}"
456,lasso,LightGBM-tiny,20,0.37627881800038954,1.3893512370182741,0.7747537649413355,624.0,0.20352564102564102,"100 boosting trees, ~624 total nodes (leaf-based estimate)","{'learning_rate': 0.1, 'max_depth': 2, 'n_estimators': 100, 'num_leaves': 7}"
457,rf_importance,Bagging-tiny,20,0.36816141182615814,1.3983628526218834,0.8252318350958837,236.0,0.538135593220339,"20 trees, 236 total nodes","{'max_samples': 0.7, 'n_estimators': 20}"
458,rf_importance,KNN,20,0.36529933180491425,1.401526401357365,0.6537467214265503,127.0,1.0,non-parametric: stores all 127 training points,"{'n_neighbors': 5, 'weights': 'distance'}"
459,rfe_ridge,SVR-RBF,20,0.3624682200928113,1.4046487101271299,0.6481178977858938,112.0,1.1339285714285714,112 support vectors (of 127 training points),"{'C': 1, 'epsilon': 0.05, 'gamma': 0.1}"
460,rfe_ridge,LightGBM-tiny,20,0.3622013650248017,1.4049426550116402,0.7926142957430055,990.0,0.12828282828282828,"100 boosting trees, ~990 total nodes (leaf-based estimate)","{'learning_rate': 0.1, 'max_depth': 3, 'n_estimators': 100, 'num_leaves': 15}"
461,f_regression,HistGradientBoosting-tiny,20,0.360989897967403,1.4062763316467022,0.8356224272654313,870.0,0.14597701149425288,"100 stages, 870 total nodes","{'learning_rate': 0.1, 'max_depth': 3, 'min_samples_leaf': 10}"
462,correlation,HistGradientBoosting-tiny,20,0.3584368896544744,1.4090827476352037,0.8433423410329371,870.0,0.14597701149425288,"100 stages, 870 total nodes","{'learning_rate': 0.1, 'max_depth': 3, 'min_samples_leaf': 10}"
463,mutual_info,SVR-RBF,20,0.3576804952041822,1.4099131479423226,0.6796969863843607,111.0,1.1441441441441442,111 support vectors (of 127 training points),"{'C': 1, 'epsilon': 0.05, 'gamma': 'scale'}"
464,rfe_ridge,NuSVR,20,0.35630059641033907,1.4114267978130062,0.6608858498512227,105.0,1.2095238095238094,105 support vectors (of 127 training points),"{'C': 1, 'nu': 0.7}"
465,rf_importance,RandomForest-tiny,20,0.35181538999352613,1.4163355729106468,0.8134796463747659,958.0,0.1325678496868476,"100 trees, 958 total nodes","{'max_depth': 3, 'min_samples_leaf': 5, 'n_estimators': 100}"
466,rf_importance,HistGradientBoosting-tiny,20,0.3399039557877017,1.4292900505090702,0.8484328282393435,582.0,0.218213058419244,"100 stages, 582 total nodes","{'learning_rate': 0.05, 'max_depth': 2, 'min_samples_leaf': 20}"
467,mutual_info,RandomForest-tiny,20,0.3393268633145684,1.4299146962235156,0.7867442640286588,1098.0,0.11566484517304189,"100 trees, 1098 total nodes","{'max_depth': 3, 'min_samples_leaf': 3, 'n_estimators': 100}"
468,rfe_ridge,GaussianProcess,20,0.338597600054937,1.430703661743707,0.6905212668855054,59.67522586208572,2.128186331351427,gp_effective_dof: trace(K(K+sigma^2*I)^-1),"{'kernel': 1**2 * RationalQuadratic(alpha=1, length_scale=1) + WhiteKernel(noise_level=0.5)}"
469,f_regression,RandomForest-tiny,20,0.33426969559906783,1.435376953270165,0.8816665166891274,1000.0,0.127,"100 trees, 1000 total nodes","{'max_depth': 3, 'min_samples_leaf': 5, 'n_estimators': 100}"
470,correlation,RandomForest-tiny,20,0.33407909153788373,1.4355824186778126,0.8817872789053185,1000.0,0.127,"100 trees, 1000 total nodes","{'max_depth': 3, 'min_samples_leaf': 5, 'n_estimators': 100}"
471,mutual_info,ExtraTrees-tiny,20,0.3307684941949194,1.439146462873692,0.855601986118895,968.0,0.13119834710743802,"100 trees, 968 total nodes","{'max_depth': 3, 'min_samples_leaf': 10, 'n_estimators': 100}"
472,rfe_ridge,GradientBoosting-tiny,20,0.3272459849752859,1.442928975662778,0.7692654186180738,1334.0,0.0952023988005997,"100 stages, 1334 total nodes","{'learning_rate': 0.1, 'max_depth': 3, 'n_estimators': 100}"
473,mutual_info,LightGBM-tiny,20,0.3246980574075309,1.4456588026272008,0.7777319263582352,604.0,0.21026490066225165,"100 boosting trees, ~604 total nodes (leaf-based estimate)","{'learning_rate': 0.1, 'max_depth': 2, 'n_estimators': 100, 'num_leaves': 7}"
474,mutual_info,GaussianProcess,20,0.32405134046807316,1.4463508695717968,0.6983908989453056,65.71931960467448,1.9324606639866482,gp_effective_dof: trace(K(K+sigma^2*I)^-1),"{'kernel': 1**2 * Matern(length_scale=1, nu=1.5) + WhiteKernel(noise_level=0.5)}"
475,correlation,OrthogonalMatchingPursuit,20,0.3237643712729992,1.4466578559795928,0.9446449564103399,21.0,6.0476190476190474,linear coefficients + intercept,{'n_nonzero_coefs': 10}
476,f_regression,OrthogonalMatchingPursuit,20,0.3237643712729992,1.4466578559795928,0.9446449564103399,21.0,6.0476190476190474,linear coefficients + intercept,{'n_nonzero_coefs': 10}
477,lasso,GaussianProcess,20,0.32283631700683124,1.447650199935805,0.7678447122044773,63.05646148037985,2.0140679800041794,gp_effective_dof: trace(K(K+sigma^2*I)^-1),"{'kernel': 1**2 * RationalQuadratic(alpha=1, length_scale=1) + WhiteKernel(noise_level=0.5)}"
478,rfe_ridge,Bagging-tiny,20,0.3227834849985295,1.4477066713455848,0.8729151648749397,232.0,0.5474137931034483,"20 trees, 232 total nodes","{'max_samples': 1.0, 'n_estimators': 20}"
479,mutual_info,HistGradientBoosting-tiny,20,0.3163017095849243,1.4546183183393726,0.8279716505849241,796.0,0.15954773869346733,"100 stages, 796 total nodes","{'learning_rate': 0.05, 'max_depth': 3, 'min_samples_leaf': 20}"
480,mutual_info,NuSVR,20,0.30898330525965545,1.4623828168751438,0.7066011546677585,104.0,1.2211538461538463,104 support vectors (of 127 training points),"{'C': 1, 'nu': 0.7}"
481,rf_importance,ExtraTrees-tiny,20,0.30587926577766766,1.465663640506625,0.8874458595361819,980.0,0.12959183673469388,"100 trees, 980 total nodes","{'max_depth': 3, 'min_samples_leaf': 10, 'n_estimators': 100}"
482,correlation,SVR-RBF,20,0.30347251587318436,1.4682024159659317,0.7609915269991512,105.0,1.2095238095238094,105 support vectors (of 127 training points),"{'C': 10, 'epsilon': 0.05, 'gamma': 'scale'}"
483,f_regression,SVR-RBF,20,0.30347251587318413,1.468202415965932,0.760991526999152,105.0,1.2095238095238094,105 support vectors (of 127 training points),"{'C': 10, 'epsilon': 0.05, 'gamma': 'scale'}"
484,lasso,NuSVR,20,0.29941371539080974,1.472473952082704,0.7802422121434867,118.0,1.076271186440678,118 support vectors (of 127 training points),"{'C': 10, 'nu': 0.5}"
485,lasso,SVR-RBF,20,0.29217734480523383,1.4800590231439419,0.7722992382867706,94.0,1.351063829787234,94 support vectors (of 127 training points),"{'C': 10, 'epsilon': 0.1, 'gamma': 0.1}"
486,f_regression,NuSVR,20,0.29029507652616293,1.4820256305401929,0.7564847910509942,127.0,1.0,127 support vectors (of 127 training points),"{'C': 10, 'nu': 0.7}"
487,correlation,NuSVR,20,0.2902950765261628,1.482025630540193,0.7564847910509942,127.0,1.0,127 support vectors (of 127 training points),"{'C': 10, 'nu': 0.7}"
488,rf_importance,RidgeCV,20,0.2875356165371087,1.4849040260109214,0.8717582442378593,21.0,6.0476190476190474,linear coefficients + intercept,{}
489,rfe_ridge,HistGradientBoosting-tiny,20,0.28602940678247135,1.4864728034476533,0.8430499563397494,938.0,0.13539445628997868,"100 stages, 938 total nodes","{'learning_rate': 0.05, 'max_depth': 3, 'min_samples_leaf': 10}"
490,mutual_info,LarsCV,20,0.2847737846567211,1.4877793196221731,0.9902872614294913,21.0,6.0476190476190474,linear coefficients + intercept,{}
491,rfe_ridge,RandomForest-tiny,20,0.2815698187974859,1.4911079641620353,0.8861016880699712,1012.0,0.12549407114624506,"100 trees, 1012 total nodes","{'max_depth': 3, 'min_samples_leaf': 3, 'n_estimators': 100}"
492,mutual_info,Bagging-tiny,20,0.28088163769233276,1.4918219560950363,0.843953187288439,236.0,0.538135593220339,"20 trees, 236 total nodes","{'max_samples': 0.7, 'n_estimators': 20}"
493,lasso,GradientBoosting-tiny,20,0.2769663133107789,1.4958776430973852,0.8223975804298677,676.0,0.1878698224852071,"100 stages, 676 total nodes","{'learning_rate': 0.1, 'max_depth': 2, 'n_estimators': 100}"
494,correlation,ExtraTrees-tiny,20,0.2766393605119315,1.4962158196675142,0.932909730953328,966.0,0.13146997929606624,"100 trees, 966 total nodes","{'max_depth': 3, 'min_samples_leaf': 10, 'n_estimators': 100}"
495,f_regression,ExtraTrees-tiny,20,0.27521818389909025,1.49768489568482,0.9395818458684108,1000.0,0.127,"100 trees, 1000 total nodes","{'max_depth': 3, 'min_samples_leaf': 10, 'n_estimators': 100}"
496,lasso,RandomForest-tiny,20,0.2671144901127297,1.50603433471921,0.8997308404154325,1026.0,0.12378167641325535,"100 trees, 1026 total nodes","{'max_depth': 3, 'min_samples_leaf': 5, 'n_estimators': 100}"
497,f_regression,Bagging-tiny,20,0.2670160744221092,1.5061354503993758,0.9219486924983205,220.0,0.5772727272727273,"20 trees, 220 total nodes","{'max_samples': 0.7, 'n_estimators': 20}"
498,rf_importance,LarsCV,20,0.26576931678655,1.507415825035273,0.8928240366287588,21.0,6.0476190476190474,linear coefficients + intercept,{}
499,lasso,HistGradientBoosting-tiny,20,0.26123002981248833,1.5120683476539494,0.9110113136316706,584.0,0.21746575342465754,"100 stages, 584 total nodes","{'learning_rate': 0.05, 'max_depth': 2, 'min_samples_leaf': 20}"
500,rf_importance,SGDRegressor,20,0.2587397754144516,1.5146146524569375,0.887771244448814,21.0,6.0476190476190474,linear coefficients + intercept,"{'alpha': 0.01, 'penalty': 'l2'}"
501,rfe_ridge,BayesianRidge,20,0.2577012309915573,1.5156753083316539,0.9174889869872475,21.0,6.0476190476190474,linear coefficients + intercept,{}
502,rfe_ridge,KNN,20,0.24922990649248533,1.5242994315704412,0.7475673058040082,127.0,1.0,non-parametric: stores all 127 training points,"{'n_neighbors': 5, 'weights': 'distance'}"
503,rfe_ridge,LinearRegression,20,0.24893127002277338,1.5246025644111099,0.9530820819807505,21.0,6.0476190476190474,linear coefficients + intercept,{}
504,correlation,Bagging-tiny,20,0.24710506366175888,1.5264549571358477,0.9300767156138164,220.0,0.5772727272727273,"20 trees, 220 total nodes","{'max_samples': 0.7, 'n_estimators': 20}"
505,rf_importance,OrthogonalMatchingPursuitCV,20,0.23497271519504215,1.5387046554233046,0.9646144744201498,21.0,6.0476190476190474,linear coefficients + intercept,{}
506,correlation,GaussianProcess,20,0.23346957329506035,1.5402155534627242,0.813802604415861,72.79653954676787,1.744588421245069,gp_effective_dof: trace(K(K+sigma^2*I)^-1),"{'kernel': 1**2 * Matern(length_scale=1, nu=1.5) + WhiteKernel(noise_level=0.5)}"
507,f_regression,GaussianProcess,20,0.23346956154541498,1.5402155652672043,0.8138026099549528,72.79653954676806,1.7445884212450646,gp_effective_dof: trace(K(K+sigma^2*I)^-1),"{'kernel': 1**2 * Matern(length_scale=1, nu=1.5) + WhiteKernel(noise_level=0.5)}"
508,rfe_ridge,RidgeCV,20,0.23273182522304048,1.5409565663050224,0.9451040369019208,21.0,6.0476190476190474,linear coefficients + intercept,{}
509,correlation,KNN,20,0.23219585807715326,1.5414946818811432,0.782867703962604,127.0,1.0,non-parametric: stores all 127 training points,"{'n_neighbors': 5, 'weights': 'distance'}"
510,f_regression,KNN,20,0.23219585807715304,1.5414946818811435,0.7828677039626042,127.0,1.0,non-parametric: stores all 127 training points,"{'n_neighbors': 5, 'weights': 'distance'}"
511,rf_importance,BayesianRidge,20,0.2300418487743947,1.5436554336887143,0.9073343509772095,21.0,6.0476190476190474,linear coefficients + intercept,{}
512,rf_importance,AdaBoost-tiny,20,0.2290326826573309,1.5446667189431837,0.9924759771156115,190.0,0.6684210526315789,"28 trees, 190 total nodes","{'learning_rate': 0.5, 'n_estimators': 50}"
513,correlation,ExtraTree-tiny,20,0.22900755712735532,1.5446918887868826,1.0059221216406737,13.0,9.76923076923077,"single tree, 13 nodes","{'max_depth': 4, 'min_samples_leaf': 10}"
514,rfe_ridge,ExtraTrees-tiny,20,0.22827003580057936,1.545430528254581,0.9587572533576573,1984.0,0.06401209677419355,"200 trees, 1984 total nodes","{'max_depth': 3, 'min_samples_leaf': 10, 'n_estimators': 200}"
515,rfe_ridge,LassoLarsIC,20,0.2214709248195268,1.5522233911000372,0.9423976351907289,21.0,6.0476190476190474,linear coefficients + intercept,{}
516,rfe_ridge,OrthogonalMatchingPursuit,20,0.22084313098285047,1.5528491094820764,1.0387282437305692,21.0,6.0476190476190474,linear coefficients + intercept,{'n_nonzero_coefs': 3}
517,lasso,Bagging-tiny,20,0.21410577200658076,1.5595483911958892,0.9510095700297513,218.0,0.5825688073394495,"20 trees, 218 total nodes","{'max_samples': 0.7, 'n_estimators': 20}"
518,mutual_info,AdaBoost-tiny,20,0.2136613521938595,1.5599892878340795,0.9769386975236997,329.0,0.3860182370820669,"49 trees, 329 total nodes","{'learning_rate': 0.5, 'n_estimators': 50}"
519,f_regression,AdaBoost-tiny,20,0.21203430824373315,1.5616023711662368,1.0522441392264783,202.0,0.6287128712871287,"30 trees, 202 total nodes","{'learning_rate': 0.5, 'n_estimators': 30}"
520,lasso,DecisionTree-tiny,20,0.2096172976182511,1.5639955715190523,1.0488589106803379,9.0,14.11111111111111,"single tree, 9 nodes","{'max_depth': 3, 'min_samples_leaf': 10}"
521,rfe_ridge,ElasticNetCV,20,0.20531262335915346,1.5682487956320017,0.9612915951770171,21.0,6.0476190476190474,linear coefficients + intercept,{}
522,rf_importance,ExtraTree-tiny,20,0.19782011464189286,1.5756243700786265,0.9817999357599827,5.0,25.4,"single tree, 5 nodes","{'max_depth': 2, 'min_samples_leaf': 10}"
523,correlation,AdaBoost-tiny,20,0.19695574291979445,1.5764730316408395,1.0419209811524208,158.0,0.8037974683544303,"24 trees, 158 total nodes","{'learning_rate': 0.5, 'n_estimators': 50}"
524,lasso,KNN,20,0.1927270975880021,1.5806182530524393,0.763681741342127,127.0,1.0,non-parametric: stores all 127 training points,"{'n_neighbors': 5, 'weights': 'distance'}"
525,lasso,ExtraTrees-tiny,20,0.1890611591711664,1.5842030914036085,0.9884284952586868,1024.0,0.1240234375,"100 trees, 1024 total nodes","{'max_depth': 3, 'min_samples_leaf': 10, 'n_estimators': 100}"
526,rf_importance,DecisionTree-tiny,20,0.1822563030000367,1.5908359919506903,0.899078335356106,15.0,8.466666666666667,"single tree, 15 nodes","{'max_depth': 4, 'min_samples_leaf': 10}"
527,mutual_info,KNN,20,0.18078080738140634,1.5922705573739209,0.7638927039219127,127.0,1.0,non-parametric: stores all 127 training points,"{'n_neighbors': 3, 'weights': 'distance'}"
528,rfe_ridge,AdaBoost-tiny,20,0.17887141245935934,1.5941250694975277,1.0461533234927132,109.0,1.165137614678899,"17 trees, 109 total nodes","{'learning_rate': 0.5, 'n_estimators': 50}"
529,f_regression,ExtraTree-tiny,20,0.17603389370740274,1.5968770494043103,1.0191438615425246,13.0,9.76923076923077,"single tree, 13 nodes","{'max_depth': 4, 'min_samples_leaf': 10}"
530,f_regression,DecisionTree-tiny,20,0.1701462359411121,1.6025721441106047,1.0193841807170376,9.0,14.11111111111111,"single tree, 9 nodes","{'max_depth': 3, 'min_samples_leaf': 10}"
531,correlation,DecisionTree-tiny,20,0.1701462359411121,1.6025721441106047,1.0193841807170378,9.0,14.11111111111111,"single tree, 9 nodes","{'max_depth': 3, 'min_samples_leaf': 10}"
532,mutual_info,DecisionTree-tiny,20,0.16698101357842943,1.6056254950379294,0.8984695727003744,13.0,9.76923076923077,"single tree, 13 nodes","{'max_depth': 4, 'min_samples_leaf': 10}"
533,rfe_ridge,LassoLarsCV,20,0.16517713891290886,1.6073630189778212,0.9686008446706231,21.0,6.0476190476190474,linear coefficients + intercept,{}
534,mutual_info,ExtraTree-tiny,20,0.16449930455020922,1.608015435716745,1.0168816345269762,9.0,14.11111111111111,"single tree, 9 nodes","{'max_depth': 3, 'min_samples_leaf': 10}"
535,rfe_ridge,LassoCV,20,0.16352688749559496,1.6089509268125677,0.9678093443013526,21.0,6.0476190476190474,linear coefficients + intercept,{}
536,rfe_ridge,HuberRegressor,20,0.15371475775716326,1.6183601995592485,0.8909279549012684,21.0,6.0476190476190474,linear coefficients + intercept,"{'alpha': 0.1, 'epsilon': 1.5}"
537,rfe_ridge,SGDRegressor,20,0.15331804201105081,1.6187394769696049,0.9531796347939412,21.0,6.0476190476190474,linear coefficients + intercept,"{'alpha': 0.01, 'penalty': 'elasticnet'}"
538,rfe_ridge,Ridge,20,0.1520409263090181,1.6199598517501126,0.9353631105530871,21.0,6.0476190476190474,linear coefficients + intercept,{'alpha': 1}
539,rfe_ridge,TweedieRegressor,20,0.1513364982292308,1.6206325895888698,0.9351728581108476,21.0,6.0476190476190474,linear coefficients + intercept,{'alpha': 0.1}
540,rfe_ridge,PassiveAggressiveRegressor,20,0.14395555159697304,1.6276647682702436,1.016066431897941,21.0,6.0476190476190474,linear coefficients + intercept,{'C': 0.01}
541,f_regression,OrthogonalMatchingPursuitCV,20,0.14020769908958308,1.6312239205954764,1.0901658532804086,21.0,6.0476190476190474,linear coefficients + intercept,{}
542,correlation,OrthogonalMatchingPursuitCV,20,0.14020769908958308,1.6312239205954764,1.0901658532804086,21.0,6.0476190476190474,linear coefficients + intercept,{}
543,rfe_ridge,PLS,20,0.13656153613921362,1.6346790666046154,0.9413471739907457,8.0,15.875,7 latent components (true PLS dimensionality),{'n_components': 7}
544,lasso,OrthogonalMatchingPursuit,20,0.12744941135958354,1.6432820576436507,1.0858390880064235,21.0,6.0476190476190474,linear coefficients + intercept,{'n_nonzero_coefs': 10}
545,rfe_ridge,DecisionTree-tiny,20,0.12668681760116274,1.6440000005155055,1.0509965654613271,15.0,8.466666666666667,"single tree, 15 nodes","{'max_depth': 4, 'min_samples_leaf': 10}"
546,rfe_ridge,ElasticNet,20,0.1207222851490366,1.6496045223622606,0.9979094014739596,21.0,6.0476190476190474,linear coefficients + intercept,"{'alpha': 1, 'l1_ratio': 0.8}"
547,rfe_ridge,ExtraTree-tiny,20,0.11288790537859228,1.6569372274801042,1.0978367401660254,7.0,18.142857142857142,"single tree, 7 nodes","{'max_depth': 2, 'min_samples_leaf': 10}"
548,lasso,LassoCV,20,0.1083668008663643,1.661154093696376,1.1024703825393851,21.0,6.0476190476190474,linear coefficients + intercept,{}
549,lasso,LassoLarsCV,20,0.10464095684297814,1.6646211858084061,1.1012609516011547,21.0,6.0476190476190474,linear coefficients + intercept,{}
550,rfe_ridge,Lasso,20,0.10365270279147587,1.6655395966722866,1.0540833607898776,21.0,6.0476190476190474,linear coefficients + intercept,{'alpha': 1}
551,rfe_ridge,LassoLars,20,0.10357313440301374,1.665613519671295,1.0541576629560114,21.0,6.0476190476190474,linear coefficients + intercept,{'alpha': 1}
552,lasso,ElasticNet,20,0.10348994218257901,1.665690805882627,1.1055067257725268,21.0,6.0476190476190474,linear coefficients + intercept,"{'alpha': 0.001, 'l1_ratio': 0.2}"
553,lasso,Lasso,20,0.1025384384589294,1.6665745052233742,1.0958455230446635,21.0,6.0476190476190474,linear coefficients + intercept,{'alpha': 0.001}
554,lasso,LassoLars,20,0.1025297045912188,1.6665826145432991,1.095839917834847,21.0,6.0476190476190474,linear coefficients + intercept,{'alpha': 0.001}
555,rfe_ridge,LinearSVR,20,0.08180686957469752,1.685713733685977,0.8915438250425828,21.0,6.0476190476190474,linear coefficients + intercept,"{'C': 1, 'epsilon': 0.01}"
556,rf_importance,PLS,20,0.08034646831190151,1.6870537787543083,0.9668441006982835,6.0,21.166666666666668,5 latent components (true PLS dimensionality),{'n_components': 5}
557,mutual_info,ElasticNet,20,0.07986398240792003,1.687496267640686,1.1067109354241973,21.0,6.0476190476190474,linear coefficients + intercept,"{'alpha': 0.001, 'l1_ratio': 0.8}"
558,rf_importance,LassoLarsIC,20,0.07639956831862238,1.6906700882413024,0.8931530681120191,21.0,6.0476190476190474,linear coefficients + intercept,{}
559,lasso,AdaBoost-tiny,20,0.06823251983073197,1.6981286136381326,1.1325936358022395,324.0,0.39197530864197533,"50 trees, 324 total nodes","{'learning_rate': 0.05, 'n_estimators': 50}"
560,mutual_info,LassoLars,20,0.05488924604105161,1.7102443244835472,1.1270364131431225,21.0,6.0476190476190474,linear coefficients + intercept,{'alpha': 0.001}
561,mutual_info,Lasso,20,0.054887801283328486,1.7102456316783612,1.1270441679161953,21.0,6.0476190476190474,linear coefficients + intercept,{'alpha': 0.001}
562,rfe_ridge,OrthogonalMatchingPursuitCV,20,0.01629036170040976,1.7448185458662222,1.1421852688521408,21.0,6.0476190476190474,linear coefficients + intercept,{}
563,lasso,OrthogonalMatchingPursuitCV,20,-0.0015417326534119535,1.7605620277534342,1.1781845507003987,21.0,6.0476190476190474,linear coefficients + intercept,{}
564,rf_importance,TweedieRegressor,20,-0.014510682803526853,1.77192411096273,0.9844199232792833,21.0,6.0476190476190474,linear coefficients + intercept,{'alpha': 0.01}
565,rf_importance,Ridge,20,-0.01614461948123669,1.77335043749101,0.9774019091313934,21.0,6.0476190476190474,linear coefficients + intercept,{'alpha': 0.1}
566,rf_importance,Dummy-baseline,20,-0.032840624280813024,1.78785980755922,1.207399200034971,1.0,127.0,constant baseline,{}
567,f_regression,Dummy-baseline,20,-0.032840624280813024,1.78785980755922,1.207399200034971,1.0,127.0,constant baseline,{}
568,mutual_info,Dummy-baseline,20,-0.032840624280813024,1.78785980755922,1.207399200034971,1.0,127.0,constant baseline,{}
569,lasso,Dummy-baseline,20,-0.032840624280813024,1.78785980755922,1.207399200034971,1.0,127.0,constant baseline,{}
570,rfe_ridge,Dummy-baseline,20,-0.032840624280813024,1.78785980755922,1.207399200034971,1.0,127.0,constant baseline,{}
571,correlation,Dummy-baseline,20,-0.032840624280813024,1.78785980755922,1.207399200034971,1.0,127.0,constant baseline,{}
572,lasso,ExtraTree-tiny,20,-0.09385636778710071,1.8399115900441296,1.1849932073639837,7.0,18.142857142857142,"single tree, 7 nodes","{'max_depth': 2, 'min_samples_leaf': 10}"
573,rf_importance,ElasticNetCV,20,-0.09834425932252477,1.843682136001436,0.9212413150916442,21.0,6.0476190476190474,linear coefficients + intercept,{}
574,rf_importance,OrthogonalMatchingPursuit,20,-0.10318118181109992,1.8477373085967896,1.0042402240064647,21.0,6.0476190476190474,linear coefficients + intercept,{'n_nonzero_coefs': 5}
575,rfe_ridge,LarsCV,20,-0.10525117312378707,1.8494700283544332,1.221183584893866,21.0,6.0476190476190474,linear coefficients + intercept,{}
576,rf_importance,LassoCV,20,-0.12344335597606171,1.8646288332693162,0.9355414385598297,21.0,6.0476190476190474,linear coefficients + intercept,{}
577,rf_importance,LassoLarsCV,20,-0.12609594697286286,1.8668288469510481,0.9361324641360781,21.0,6.0476190476190474,linear coefficients + intercept,{}
578,rf_importance,ElasticNet,20,-0.12894413361043555,1.869188201485461,1.0839844228213318,21.0,6.0476190476190474,linear coefficients + intercept,"{'alpha': 1, 'l1_ratio': 0.8}"
579,rf_importance,LinearRegression,20,-0.13695563464775606,1.8758087813984385,1.007647374624606,21.0,6.0476190476190474,linear coefficients + intercept,{}
580,f_regression,LarsCV,20,-0.15354812035948706,1.8894467788429783,1.1470695659061165,21.0,6.0476190476190474,linear coefficients + intercept,{}
581,correlation,LarsCV,20,-0.15354812035948706,1.8894467788429783,1.1470695659061163,21.0,6.0476190476190474,linear coefficients + intercept,{}
582,rf_importance,LinearSVR,20,-0.22681812070707497,1.9485291019525532,0.8687994707699838,21.0,6.0476190476190474,linear coefficients + intercept,"{'C': 10, 'epsilon': 0.01}"
583,rf_importance,Lasso,20,-0.23081464944494412,1.9517003221348155,1.166801757652164,21.0,6.0476190476190474,linear coefficients + intercept,{'alpha': 1}
584,rf_importance,LassoLars,20,-0.23097734045477303,1.9518293072766562,1.1668023946019501,21.0,6.0476190476190474,linear coefficients + intercept,{'alpha': 1}
585,lasso,LarsCV,20,-0.3062469563801178,2.0106174675167474,1.325612792646072,21.0,6.0476190476190474,linear coefficients + intercept,{}
586,mutual_info,KernelRidge,20,-0.32534419558399574,2.025261680809297,1.065840674655396,11.560295310213366,10.985878525767175,krr_effective_dof: trace(K(K+alpha*I)^-1),"{'alpha': 1, 'gamma': 0.01}"
587,lasso,KernelRidge,20,-0.420154740968526,2.0964506296597394,1.1509189137831848,32.34624978431517,3.9262665949479816,krr_effective_dof: trace(K(K+alpha*I)^-1),"{'alpha': 0.1, 'gamma': 0.01}"
588,rfe_ridge,RANSACRegressor,20,-0.4340623360771012,2.1066909050221136,1.2232713383273672,21.0,6.0476190476190474,RANSAC inlier-fitted LinearRegression,{}
589,correlation,KernelRidge,20,-0.4847163496017346,2.1435743466302286,1.0908064581380563,30.904410508141552,4.109445801159764,krr_effective_dof: trace(K(K+alpha*I)^-1),"{'alpha': 0.1, 'gamma': 0.01}"
590,f_regression,KernelRidge,20,-0.4847163496017355,2.1435743466302295,1.0908064581380568,30.904410508141584,4.10944580115976,krr_effective_dof: trace(K(K+alpha*I)^-1),"{'alpha': 0.1, 'gamma': 0.01}"
591,rf_importance,HuberRegressor,20,-0.567816102616447,2.2027457185979764,0.898942829385449,21.0,6.0476190476190474,linear coefficients + intercept,"{'alpha': 0.1, 'epsilon': 1.5}"
592,rf_importance,PassiveAggressiveRegressor,20,-0.6928230892581484,2.2888777237165314,1.2129486494227681,21.0,6.0476190476190474,linear coefficients + intercept,{'C': 1}
593,rf_importance,SmallMLP,20,-0.9777421376801074,2.474011071459643,1.383277813285408,177.0,0.7175141242937854,"layers (8,)","{'alpha': 1.0, 'hidden_layer_sizes': (8,)}"
594,rf_importance,RANSACRegressor,20,-1.4167822335822926,2.734862934459012,1.3786243502527968,21.0,6.0476190476190474,RANSAC inlier-fitted LinearRegression,{}
595,rfe_ridge,SmallMLP,20,-2.8686222427946615,3.460150330833244,1.6520083687386362,177.0,0.7175141242937854,"layers (8,)","{'alpha': 1.0, 'hidden_layer_sizes': (8,)}"
596,f_regression,LinearRegression,20,-13.676268067339048,6.739452602187582,1.5866728559101957,21.0,6.0476190476190474,linear coefficients + intercept,{}
597,correlation,LinearRegression,20,-13.676268067339793,6.739452602187752,1.5866728559102137,21.0,6.0476190476190474,linear coefficients + intercept,{}
598,f_regression,RidgeCV,20,-41.978338359314975,11.532982042190483,2.0367494386940326,21.0,6.0476190476190474,linear coefficients + intercept,{}
599,correlation,RidgeCV,20,-41.97833835936775,11.532982042197563,2.036749438694825,21.0,6.0476190476190474,linear coefficients + intercept,{}
600,correlation,Lasso,20,-52.432501009873576,12.85936598544339,2.287821981883405,21.0,6.0476190476190474,linear coefficients + intercept,{'alpha': 1}
601,f_regression,LassoLars,20,-52.489958974091664,12.866278205992625,2.288485811222096,21.0,6.0476190476190474,linear coefficients + intercept,{'alpha': 1}
602,correlation,LassoLars,20,-52.4899589740918,12.866278205992643,2.2884858112220976,21.0,6.0476190476190474,linear coefficients + intercept,{'alpha': 1}
603,f_regression,Lasso,20,-52.56833068048905,12.87570037715003,2.2894102241933156,21.0,6.0476190476190474,linear coefficients + intercept,{'alpha': 1}
604,f_regression,LassoLarsCV,20,-53.32337803631557,12.966124566030725,2.1324205958226763,21.0,6.0476190476190474,linear coefficients + intercept,{}
605,correlation,LassoLarsCV,20,-53.323378036315674,12.966124566030738,2.1324205958226776,21.0,6.0476190476190474,linear coefficients + intercept,{}
606,correlation,ElasticNet,20,-54.14711068509519,13.064060627030443,2.27261004652518,21.0,6.0476190476190474,linear coefficients + intercept,"{'alpha': 0.01, 'l1_ratio': 0.2}"
607,f_regression,LassoCV,20,-54.22522701641358,13.073310026852878,2.143661783693885,21.0,6.0476190476190474,linear coefficients + intercept,{}
608,correlation,LassoCV,20,-54.24852670422256,13.076067570254219,2.144060171984004,21.0,6.0476190476190474,linear coefficients + intercept,{}
609,f_regression,ElasticNet,20,-54.25266256864113,13.076556993536155,2.2738232555160067,21.0,6.0476190476190474,linear coefficients + intercept,"{'alpha': 0.01, 'l1_ratio': 0.2}"
610,f_regression,LassoLarsIC,20,-54.60713837343853,13.118436534486372,2.1470201932229664,21.0,6.0476190476190474,linear coefficients + intercept,{}
611,correlation,LassoLarsIC,20,-54.60713837343874,13.118436534486396,2.147020193222969,21.0,6.0476190476190474,linear coefficients + intercept,{}
612,f_regression,RANSACRegressor,20,-66.24103195446028,14.425603479683245,2.5040033461093296,21.0,6.0476190476190474,RANSAC inlier-fitted LinearRegression,{}
613,correlation,RANSACRegressor,20,-66.24103195446142,14.425603479683366,2.504003346109343,21.0,6.0476190476190474,RANSAC inlier-fitted LinearRegression,{}
614,correlation,TweedieRegressor,20,-68.11615525004511,14.625360884242816,2.3816353101557612,21.0,6.0476190476190474,linear coefficients + intercept,{'alpha': 1}
615,f_regression,TweedieRegressor,20,-68.11615525004515,14.62536088424282,2.3816353101557612,21.0,6.0476190476190474,linear coefficients + intercept,{'alpha': 1}
616,correlation,ElasticNetCV,20,-77.88886726382347,15.625166922603798,2.4213700565375245,21.0,6.0476190476190474,linear coefficients + intercept,{}
617,f_regression,ElasticNetCV,20,-77.90454360875012,15.6267193174307,2.4214766450817296,21.0,6.0476190476190474,linear coefficients + intercept,{}
618,lasso,ElasticNetCV,20,-99.3942347203559,17.62670727326302,2.760002723080281,21.0,6.0476190476190474,linear coefficients + intercept,{}
619,correlation,Ridge,20,-115.03893092908412,18.95041237399396,2.792469318328537,21.0,6.0476190476190474,linear coefficients + intercept,{'alpha': 1}
620,f_regression,Ridge,20,-115.03893092908417,18.950412373993963,2.792469318328537,21.0,6.0476190476190474,linear coefficients + intercept,{'alpha': 1}
621,correlation,PassiveAggressiveRegressor,20,-127.29174085725455,19.925817790244274,2.963419589012958,21.0,6.0476190476190474,linear coefficients + intercept,{'C': 0.1}
622,f_regression,PassiveAggressiveRegressor,20,-127.2917408572547,19.925817790244288,2.963419589012959,21.0,6.0476190476190474,linear coefficients + intercept,{'C': 0.1}
623,correlation,BayesianRidge,20,-141.60001524626932,21.007607347565546,2.9631668537830604,21.0,6.0476190476190474,linear coefficients + intercept,{}
624,f_regression,BayesianRidge,20,-141.60001524627222,21.007607347565763,2.963166853783083,21.0,6.0476190476190474,linear coefficients + intercept,{}
625,lasso,TweedieRegressor,20,-150.28877737830715,21.638151742707134,3.121688963944965,21.0,6.0476190476190474,linear coefficients + intercept,{'alpha': 0.001}
626,lasso,LassoLarsIC,20,-217.906611017126,26.02832640014329,3.557108674263398,21.0,6.0476190476190474,linear coefficients + intercept,{}
627,f_regression,PLS,20,-237.1022714990772,27.14554558582537,3.6440314189858483,4.0,31.75,3 latent components (true PLS dimensionality),{'n_components': 3}
628,correlation,PLS,20,-237.10227149907752,27.14554558582539,3.64403141898585,4.0,31.75,3 latent components (true PLS dimensionality),{'n_components': 3}
629,correlation,SGDRegressor,20,-239.50721457760633,27.282292435186918,3.597278731794594,21.0,6.0476190476190474,linear coefficients + intercept,"{'alpha': 0.01, 'penalty': 'elasticnet'}"
630,f_regression,SGDRegressor,20,-239.50721457760676,27.282292435186942,3.5972787317945962,21.0,6.0476190476190474,linear coefficients + intercept,"{'alpha': 0.01, 'penalty': 'elasticnet'}"
631,lasso,Ridge,20,-248.630628660999,27.794939987645837,3.736813654934662,21.0,6.0476190476190474,linear coefficients + intercept,{'alpha': 0.1}
632,lasso,LinearRegression,20,-258.5867403819114,28.34379889908906,3.938932315822752,21.0,6.0476190476190474,linear coefficients + intercept,{}
633,lasso,BayesianRidge,20,-335.8592249457374,32.287991334719145,4.201375900775865,21.0,6.0476190476190474,linear coefficients + intercept,{}
634,lasso,RidgeCV,20,-366.5999354157923,33.72908180243665,4.366855295726343,21.0,6.0476190476190474,linear coefficients + intercept,{}
635,lasso,RANSACRegressor,20,-380.9348873810003,34.380443177076266,4.605618965922469,21.0,6.0476190476190474,RANSAC inlier-fitted LinearRegression,{}
636,correlation,HuberRegressor,20,-398.57669100602857,35.16550661495443,4.283999002928499,21.0,6.0476190476190474,linear coefficients + intercept,"{'alpha': 0.1, 'epsilon': 1.5}"
637,f_regression,HuberRegressor,20,-398.5767172730793,35.165507770795294,4.284015495358583,21.0,6.0476190476190474,linear coefficients + intercept,"{'alpha': 0.1, 'epsilon': 1.5}"
638,mutual_info,LinearRegression,20,-423.4395480160674,36.24304907929847,4.377290064105994,21.0,6.0476190476190474,linear coefficients + intercept,{}
639,lasso,SGDRegressor,20,-444.93494492744384,37.14946456662187,4.714673797269498,21.0,6.0476190476190474,linear coefficients + intercept,"{'alpha': 0.01, 'penalty': 'elasticnet'}"
640,mutual_info,RidgeCV,20,-463.73180175699457,37.92433739825187,4.512220536188655,21.0,6.0476190476190474,linear coefficients + intercept,{}
641,lasso,PLS,20,-473.6922605580427,38.328593342136884,4.791343631868691,6.0,21.166666666666668,5 latent components (true PLS dimensionality),{'n_components': 5}
642,mutual_info,LinearSVR,20,-477.6908080728584,38.48968435279285,4.623861303874019,21.0,6.0476190476190474,linear coefficients + intercept,"{'C': 10, 'epsilon': 0.01}"
643,lasso,PassiveAggressiveRegressor,20,-531.6795338526742,40.60222288984992,5.04335843023335,21.0,6.0476190476190474,linear coefficients + intercept,{'C': 0.1}
644,mutual_info,HuberRegressor,20,-571.0016384651346,42.07415880960334,4.9609032511800075,21.0,6.0476190476190474,linear coefficients + intercept,"{'alpha': 0.1, 'epsilon': 1.35}"
645,mutual_info,LassoLarsIC,20,-587.975698447384,42.693867054621464,5.010145015132315,21.0,6.0476190476190474,linear coefficients + intercept,{}
646,mutual_info,LassoCV,20,-651.11702086156,44.92411945565894,5.26814894549598,21.0,6.0476190476190474,linear coefficients + intercept,{}
647,mutual_info,LassoLarsCV,20,-660.8720353231668,45.25888198705049,5.3050974566005165,21.0,6.0476190476190474,linear coefficients + intercept,{}
648,mutual_info,Ridge,20,-673.1341832450968,45.67620150006455,5.3282965507305144,21.0,6.0476190476190474,linear coefficients + intercept,{'alpha': 1}
649,mutual_info,ElasticNetCV,20,-685.2981422999296,46.08644586654226,5.37345555206318,21.0,6.0476190476190474,linear coefficients + intercept,{}
650,mutual_info,TweedieRegressor,20,-689.2317165187336,46.21833128500451,5.397827105252759,21.0,6.0476190476190474,linear coefficients + intercept,{'alpha': 0.01}
651,mutual_info,BayesianRidge,20,-728.5792941433753,47.51744223727584,5.4496894877027815,21.0,6.0476190476190474,linear coefficients + intercept,{}
652,lasso,HuberRegressor,20,-793.884404821625,49.59852870046713,5.91443228273478,21.0,6.0476190476190474,linear coefficients + intercept,"{'alpha': 0.1, 'epsilon': 1.5}"
653,mutual_info,SGDRegressor,20,-801.481755242732,49.834991569224414,5.698566486733243,21.0,6.0476190476190474,linear coefficients + intercept,"{'alpha': 0.01, 'penalty': 'l2'}"
654,mutual_info,PassiveAggressiveRegressor,20,-862.8481097655002,51.70535200466961,6.265035547877527,21.0,6.0476190476190474,linear coefficients + intercept,{'C': 0.1}
655,lasso,LinearSVR,20,-952.6462250056478,54.32634064089911,6.35167831097178,21.0,6.0476190476190474,linear coefficients + intercept,"{'C': 10, 'epsilon': 0.01}"
656,mutual_info,PLS,20,-1030.060267989364,56.488342442131135,6.430440215865959,8.0,15.875,7 latent components (true PLS dimensionality),{'n_components': 7}
657,f_regression,LinearSVR,20,-1079.5782279295995,57.82889740583949,6.509848246810279,21.0,6.0476190476190474,linear coefficients + intercept,"{'C': 10, 'epsilon': 0.1}"
658,correlation,LinearSVR,20,-1079.5782279296102,57.828897405839776,6.509848246810305,21.0,6.0476190476190474,linear coefficients + intercept,"{'C': 10, 'epsilon': 0.1}"
659,mutual_info,OrthogonalMatchingPursuitCV,20,-1169.5070821977722,60.18715684243689,6.8044393179092,21.0,6.0476190476190474,linear coefficients + intercept,{}
660,mutual_info,OrthogonalMatchingPursuit,20,-2068.7196890668342,80.03364029006504,8.711268256523445,21.0,6.0476190476190474,linear coefficients + intercept,{'n_nonzero_coefs': 8}
661,mutual_info,SmallMLP,20,-2414.127622793533,86.45434962307978,9.854170060937676,177.0,0.7175141242937854,"layers (8,)","{'alpha': 0.1, 'hidden_layer_sizes': (8,)}"
662,lasso,SmallMLP,20,-2685.427386953725,91.18100161841063,10.782452245997753,177.0,0.7175141242937854,"layers (8,)","{'alpha': 0.1, 'hidden_layer_sizes': (8,)}"
663,correlation,SmallMLP,20,-5338.753571630548,128.5515782486597,14.212278669916907,177.0,0.7175141242937854,"layers (8,)","{'alpha': 0.1, 'hidden_layer_sizes': (8,)}"
664,mutual_info,RANSACRegressor,20,-5553.512047960706,131.11119085704453,14.44028058928164,21.0,6.0476190476190474,RANSAC inlier-fitted LinearRegression,{}
665,f_regression,SmallMLP,20,-16312.06749955202,224.69045415666517,23.89288111893474,177.0,0.7175141242937854,"layers (8,)","{'alpha': 1.0, 'hidden_layer_sizes': (8,)}"
666,rf_importance,GradientBoosting-tiny,25,0.5129134432684876,1.2277780848816338,0.6728761058900005,1366.0,0.09297218155197658,"100 stages, 1366 total nodes","{'learning_rate': 0.1, 'max_depth': 3, 'n_estimators': 100}"
667,rf_importance,LightGBM-tiny,25,0.479494607092674,1.2691981261697667,0.7076037770414186,974.0,0.13039014373716631,"100 boosting trees, ~974 total nodes (leaf-based estimate)","{'learning_rate': 0.1, 'max_depth': 3, 'n_estimators': 100, 'num_leaves': 15}"
668,rf_importance,LassoLarsIC,25,0.47695453831509205,1.2722912036314729,0.8203956078880185,26.0,4.884615384615385,linear coefficients + intercept,{}
669,lasso,GradientBoosting-tiny,25,0.44608413059621,1.3092986174412258,0.73605075343638,676.0,0.1878698224852071,"100 stages, 676 total nodes","{'learning_rate': 0.1, 'max_depth': 2, 'n_estimators': 100}"
670,rfe_ridge,LightGBM-tiny,25,0.4413526537188265,1.314878655525741,0.7470023962738723,1004.0,0.12649402390438247,"100 boosting trees, ~1004 total nodes (leaf-based estimate)","{'learning_rate': 0.1, 'max_depth': 3, 'n_estimators': 100, 'num_leaves': 7}"
671,lasso,LightGBM-tiny,25,0.44050060619927855,1.3158809982785287,0.7398378206458911,314.0,0.40445859872611467,"50 boosting trees, ~314 total nodes (leaf-based estimate)","{'learning_rate': 0.1, 'max_depth': 2, 'n_estimators': 50, 'num_leaves': 7}"
672,rf_importance,LassoCV,25,0.42386089660780135,1.3353050198910812,0.828881980928127,26.0,4.884615384615385,linear coefficients + intercept,{}
673,rf_importance,OrthogonalMatchingPursuit,25,0.4226352645475727,1.3367245756620412,0.882504559284748,26.0,4.884615384615385,linear coefficients + intercept,{'n_nonzero_coefs': 10}
674,rf_importance,LassoLarsCV,25,0.4221964811488973,1.3372324185566953,0.8294633722526448,26.0,4.884615384615385,linear coefficients + intercept,{}
675,correlation,LightGBM-tiny,25,0.4221728115769878,1.337259807966515,0.7942750229751142,616.0,0.20616883116883117,"100 boosting trees, ~616 total nodes (leaf-based estimate)","{'learning_rate': 0.1, 'max_depth': 2, 'n_estimators': 100, 'num_leaves': 7}"
676,f_regression,LightGBM-tiny,25,0.4186043956938982,1.34138262754691,0.7887660183736548,972.0,0.13065843621399176,"100 boosting trees, ~972 total nodes (leaf-based estimate)","{'learning_rate': 0.1, 'max_depth': 3, 'n_estimators': 100, 'num_leaves': 7}"
677,rfe_ridge,SVR-RBF,25,0.41581387427553107,1.3445978876630205,0.6223304597586115,99.0,1.2828282828282829,99 support vectors (of 127 training points),"{'C': 10, 'epsilon': 0.1, 'gamma': 'scale'}"
678,rfe_ridge,GaussianProcess,25,0.4128694159507328,1.3479821996565808,0.6780284358637981,54.76887024592172,2.3188354886589404,gp_effective_dof: trace(K(K+sigma^2*I)^-1),"{'kernel': 1**2 * RationalQuadratic(alpha=1, length_scale=1) + WhiteKernel(noise_level=0.5)}"
679,mutual_info,GradientBoosting-tiny,25,0.41090598634944187,1.350234219248931,0.6620179932460656,692.0,0.18352601156069365,"100 stages, 692 total nodes","{'learning_rate': 0.1, 'max_depth': 2, 'n_estimators': 100}"
680,correlation,GradientBoosting-tiny,25,0.40959930906950437,1.3517308760252298,0.749278843069827,678.0,0.1873156342182891,"100 stages, 678 total nodes","{'learning_rate': 0.1, 'max_depth': 2, 'n_estimators': 100}"
681,f_regression,GradientBoosting-tiny,25,0.4004533029594336,1.3621605953655127,0.7449507589046308,678.0,0.1873156342182891,"100 stages, 678 total nodes","{'learning_rate': 0.1, 'max_depth': 2, 'n_estimators': 100}"
682,rfe_ridge,GradientBoosting-tiny,25,0.39006073592815205,1.3739157469645524,0.6847509765107889,1318.0,0.09635811836115327,"100 stages, 1318 total nodes","{'learning_rate': 0.1, 'max_depth': 3, 'n_estimators': 100}"
683,rfe_ridge,LinearSVR,25,0.38661073908259425,1.3777959047474233,0.7432527523147746,26.0,4.884615384615385,linear coefficients + intercept,"{'C': 10, 'epsilon': 0.1}"
684,rfe_ridge,KernelRidge,25,0.38092747886654965,1.3841640619072728,0.7632560796927103,35.105358330999586,3.6176813466066626,krr_effective_dof: trace(K(K+alpha*I)^-1),"{'alpha': 0.1, 'gamma': 0.01}"
685,rfe_ridge,NuSVR,25,0.37341631870502134,1.3925357243122125,0.6307158308601215,107.0,1.1869158878504673,107 support vectors (of 127 training points),"{'C': 10, 'nu': 0.5}"
686,rf_importance,SVR-RBF,25,0.3642303384765806,1.402706163829474,0.6648626915314554,111.0,1.1441441441441442,111 support vectors (of 127 training points),"{'C': 1, 'epsilon': 0.05, 'gamma': 'scale'}"
687,rf_importance,Bagging-tiny,25,0.36402521285327805,1.402932431131013,0.8261190839476255,236.0,0.538135593220339,"20 trees, 236 total nodes","{'max_samples': 0.7, 'n_estimators': 20}"
688,rf_importance,RandomForest-tiny,25,0.34997951302900054,1.4183399241726318,0.8051875332168792,956.0,0.13284518828451883,"100 trees, 956 total nodes","{'max_depth': 3, 'min_samples_leaf': 5, 'n_estimators': 100}"
689,rf_importance,OrthogonalMatchingPursuitCV,25,0.3488830925486708,1.419535610893714,0.9830009537423454,26.0,4.884615384615385,linear coefficients + intercept,{}
690,rf_importance,GaussianProcess,25,0.34674991910817354,1.4218590335563701,0.6911692299244085,57.39285496933613,2.2128190010386066,gp_effective_dof: trace(K(K+sigma^2*I)^-1),{'kernel': 1**2 * RBF(length_scale=1) + WhiteKernel(noise_level=0.5)}
691,correlation,HistGradientBoosting-tiny,25,0.3457920746966051,1.4229010700578086,0.8262516474318601,864.0,0.14699074074074073,"100 stages, 864 total nodes","{'learning_rate': 0.1, 'max_depth': 3, 'min_samples_leaf': 10}"
692,mutual_info,RandomForest-tiny,25,0.34519521991072777,1.4235500011284945,0.7977954442793358,964.0,0.13174273858921162,"100 trees, 964 total nodes","{'max_depth': 3, 'min_samples_leaf': 5, 'n_estimators': 100}"
693,rf_importance,HistGradientBoosting-tiny,25,0.3435167508245994,1.4253733349805455,0.8418150421286141,584.0,0.21746575342465754,"100 stages, 584 total nodes","{'learning_rate': 0.05, 'max_depth': 2, 'min_samples_leaf': 20}"
694,f_regression,NuSVR,25,0.3417656052434592,1.4272731351008558,0.7051210776028014,127.0,1.0,127 support vectors (of 127 training points),"{'C': 10, 'nu': 0.7}"
695,correlation,NuSVR,25,0.341765605243459,1.4272731351008563,0.7051210776028016,127.0,1.0,127 support vectors (of 127 training points),"{'C': 10, 'nu': 0.7}"
696,f_regression,SVR-RBF,25,0.3403896441579568,1.4287641290906634,0.700815191556313,104.0,1.2211538461538463,104 support vectors (of 127 training points),"{'C': 10, 'epsilon': 0.05, 'gamma': 'scale'}"
697,correlation,SVR-RBF,25,0.3403896441579567,1.4287641290906636,0.7008151915563133,104.0,1.2211538461538463,104 support vectors (of 127 training points),"{'C': 10, 'epsilon': 0.05, 'gamma': 'scale'}"
698,f_regression,RandomForest-tiny,25,0.3379868788025624,1.4313640460447885,0.8489687040527846,940.0,0.1351063829787234,"100 trees, 940 total nodes","{'max_depth': 3, 'min_samples_leaf': 5, 'n_estimators': 100}"
699,mutual_info,LightGBM-tiny,25,0.3358069358160354,1.433718778475084,0.7626349831287207,956.0,0.13284518828451883,"100 boosting trees, ~956 total nodes (leaf-based estimate)","{'learning_rate': 0.1, 'max_depth': 3, 'n_estimators': 100, 'num_leaves': 15}"
700,correlation,RandomForest-tiny,25,0.33545122273296923,1.4341026459755375,0.8517779996158739,940.0,0.1351063829787234,"100 trees, 940 total nodes","{'max_depth': 3, 'min_samples_leaf': 5, 'n_estimators': 100}"
701,rfe_ridge,HuberRegressor,25,0.3271531911510971,1.443028484753723,0.7862316318889483,26.0,4.884615384615385,linear coefficients + intercept,"{'alpha': 0.001, 'epsilon': 1.5}"
702,f_regression,Bagging-tiny,25,0.3257065846053435,1.4445788923736422,0.875532236263919,226.0,0.5619469026548672,"20 trees, 226 total nodes","{'max_samples': 0.7, 'n_estimators': 20}"
703,mutual_info,Bagging-tiny,25,0.32444125511531274,1.4459336524263735,0.8177506451982309,236.0,0.538135593220339,"20 trees, 236 total nodes","{'max_samples': 0.7, 'n_estimators': 20}"
704,lasso,Bagging-tiny,25,0.32319613353396426,1.4472655383735287,0.9134746577321929,212.0,0.5990566037735849,"20 trees, 212 total nodes","{'max_samples': 1.0, 'n_estimators': 20}"
705,rfe_ridge,BayesianRidge,25,0.3199040477148247,1.450781137783985,0.8015167494121685,26.0,4.884615384615385,linear coefficients + intercept,{}
706,mutual_info,GaussianProcess,25,0.31956877596703637,1.4511386946802667,0.7053396954475503,64.62256138892384,1.9652579110206472,gp_effective_dof: trace(K(K+sigma^2*I)^-1),"{'kernel': 1**2 * Matern(length_scale=1, nu=1.5) + WhiteKernel(noise_level=0.5)}"
707,f_regression,HistGradientBoosting-tiny,25,0.31341459718947673,1.4576863546495533,0.8341398717667696,864.0,0.14699074074074073,"100 stages, 864 total nodes","{'learning_rate': 0.1, 'max_depth': 3, 'min_samples_leaf': 10}"
708,rf_importance,ExtraTrees-tiny,25,0.311350266544832,1.4598760954463326,0.88146313404843,996.0,0.12751004016064257,"100 trees, 996 total nodes","{'max_depth': 3, 'min_samples_leaf': 10, 'n_estimators': 100}"
709,lasso,GaussianProcess,25,0.31101199192233253,1.4602346074596113,0.7560022819972663,64.20284292453363,1.978105551327072,gp_effective_dof: trace(K(K+sigma^2*I)^-1),"{'kernel': 1**2 * RationalQuadratic(alpha=1, length_scale=1) + WhiteKernel(noise_level=0.5)}"
710,rfe_ridge,Bagging-tiny,25,0.3108638331840171,1.460391602127957,0.8397794024997054,588.0,0.21598639455782312,"50 trees, 588 total nodes","{'max_samples': 0.7, 'n_estimators': 50}"
711,mutual_info,NuSVR,25,0.30898084937864634,1.4623854155352227,0.7119975916927122,106.0,1.1981132075471699,106 support vectors (of 127 training points),"{'C': 1, 'nu': 0.7}"
712,mutual_info,SVR-RBF,25,0.30808192537425294,1.4633362908540144,0.733083794655629,105.0,1.2095238095238094,105 support vectors (of 127 training points),"{'C': 1, 'epsilon': 0.05, 'gamma': 'scale'}"
713,rf_importance,NuSVR,25,0.30579278444957747,1.465754942051226,0.7170062590265392,109.0,1.165137614678899,109 support vectors (of 127 training points),"{'C': 1, 'nu': 0.7}"
714,rfe_ridge,LassoLarsIC,25,0.30557601018005165,1.4659837736949197,0.8022971709421303,26.0,4.884615384615385,linear coefficients + intercept,{}
715,correlation,ExtraTrees-tiny,25,0.30237095819813253,1.4693629377962505,0.9031256981438379,982.0,0.12932790224032586,"100 trees, 982 total nodes","{'max_depth': 3, 'min_samples_leaf': 10, 'n_estimators': 100}"
716,lasso,RandomForest-tiny,25,0.3022503403774527,1.4694899563725317,0.876896548383816,1026.0,0.12378167641325535,"100 trees, 1026 total nodes","{'max_depth': 3, 'min_samples_leaf': 5, 'n_estimators': 100}"
717,f_regression,ExtraTrees-tiny,25,0.30113793154369217,1.4706608796203937,0.8853971997880872,1934.0,0.0656670113753878,"200 trees, 1934 total nodes","{'max_depth': 3, 'min_samples_leaf': 10, 'n_estimators': 200}"
718,rfe_ridge,HistGradientBoosting-tiny,25,0.3004020571107733,1.4714349501095745,0.8215157799378381,832.0,0.15264423076923078,"100 stages, 832 total nodes","{'learning_rate': 0.05, 'max_depth': 3, 'min_samples_leaf': 20}"
719,correlation,Bagging-tiny,25,0.30039820564931285,1.471439000412509,0.8888251385551562,226.0,0.5619469026548672,"20 trees, 226 total nodes","{'max_samples': 0.7, 'n_estimators': 20}"
720,mutual_info,ExtraTrees-tiny,25,0.2969404541826105,1.4750707801236538,0.879908154127842,992.0,0.1280241935483871,"100 trees, 992 total nodes","{'max_depth': 3, 'min_samples_leaf': 10, 'n_estimators': 100}"
721,rf_importance,KNN,25,0.2935585122717338,1.4786143056417274,0.7401828680689705,127.0,1.0,non-parametric: stores all 127 training points,"{'n_neighbors': 3, 'weights': 'distance'}"
722,rfe_ridge,ElasticNetCV,25,0.290686385746178,1.4816170027885234,0.8056066931140207,26.0,4.884615384615385,linear coefficients + intercept,{}
723,rfe_ridge,ExtraTrees-tiny,25,0.2904545469968912,1.4818591158416536,0.8888930546865264,1814.0,0.07001102535832414,"200 trees, 1814 total nodes","{'max_depth': 3, 'min_samples_leaf': 10, 'n_estimators': 200}"
724,rfe_ridge,SGDRegressor,25,0.28990449867545287,1.4824333822324058,0.8493163977433209,26.0,4.884615384615385,linear coefficients + intercept,"{'alpha': 0.01, 'penalty': 'l2'}"
725,mutual_info,HistGradientBoosting-tiny,25,0.2882034272220845,1.4842079440187952,0.8518516611988198,790.0,0.16075949367088607,"100 stages, 790 total nodes","{'learning_rate': 0.05, 'max_depth': 3, 'min_samples_leaf': 20}"
726,rfe_ridge,ElasticNet,25,0.28706320006752084,1.485396244911286,0.820680976688048,26.0,4.884615384615385,linear coefficients + intercept,"{'alpha': 0.001, 'l1_ratio': 0.2}"
727,rfe_ridge,TweedieRegressor,25,0.28637953632734214,1.4861082773210958,0.8217810272691168,26.0,4.884615384615385,linear coefficients + intercept,{'alpha': 0.001}
728,rfe_ridge,Ridge,25,0.2820103228919627,1.4906507590664615,0.8243075116639489,26.0,4.884615384615385,linear coefficients + intercept,{'alpha': 0.1}
729,rfe_ridge,LassoCV,25,0.28066550600465,1.492046123485951,0.8132199799700228,26.0,4.884615384615385,linear coefficients + intercept,{}
730,rfe_ridge,LassoLars,25,0.2800484751077512,1.4926859101385557,0.8491208615687821,26.0,4.884615384615385,linear coefficients + intercept,{'alpha': 0.001}
731,rfe_ridge,Lasso,25,0.28004508925143645,1.4926894201068646,0.8491317159336617,26.0,4.884615384615385,linear coefficients + intercept,{'alpha': 0.001}
732,rfe_ridge,RandomForest-tiny,25,0.277089882120683,1.4957498124569877,0.8565364437354017,1112.0,0.11420863309352518,"100 trees, 1112 total nodes","{'max_depth': 3, 'min_samples_leaf': 3, 'n_estimators': 100}"
733,rfe_ridge,LassoLarsCV,25,0.2738270805929244,1.499121490544677,0.8171868011494317,26.0,4.884615384615385,linear coefficients + intercept,{}
734,rfe_ridge,RidgeCV,25,0.2729335165922252,1.5000435499660187,0.8262167486051737,26.0,4.884615384615385,linear coefficients + intercept,{}
735,lasso,SVR-RBF,25,0.2661791538660595,1.5069950573197533,0.7777734731608877,108.0,1.1759259259259258,108 support vectors (of 127 training points),"{'C': 10, 'epsilon': 0.05, 'gamma': 'scale'}"
736,correlation,GaussianProcess,25,0.2620960617581759,1.5111818176512348,0.7095255333167255,68.83888617090389,1.8448874911296727,gp_effective_dof: trace(K(K+sigma^2*I)^-1),"{'kernel': 1**2 * RationalQuadratic(alpha=1, length_scale=1) + WhiteKernel(noise_level=0.5)}"
737,f_regression,GaussianProcess,25,0.2620960451952016,1.5111818346112105,0.7095255400673965,68.83888617090314,1.8448874911296929,gp_effective_dof: trace(K(K+sigma^2*I)^-1),"{'kernel': 1**2 * RationalQuadratic(alpha=1, length_scale=1) + WhiteKernel(noise_level=0.5)}"
738,rfe_ridge,PLS,25,0.26203380919308183,1.5112455610164244,0.9240676022052093,6.0,21.166666666666668,5 latent components (true PLS dimensionality),{'n_components': 5}
739,lasso,HistGradientBoosting-tiny,25,0.25299644939037236,1.5204709904087588,0.9619800103969178,584.0,0.21746575342465754,"100 stages, 584 total nodes","{'learning_rate': 0.05, 'max_depth': 2, 'min_samples_leaf': 20}"
740,correlation,KNN,25,0.2529910837709932,1.5204764510614925,0.715822174954123,127.0,1.0,non-parametric: stores all 127 training points,"{'n_neighbors': 3, 'weights': 'distance'}"
741,f_regression,KNN,25,0.2529910837709929,1.520476451061493,0.7158221749541231,127.0,1.0,non-parametric: stores all 127 training points,"{'n_neighbors': 3, 'weights': 'distance'}"
742,rf_importance,AdaBoost-tiny,25,0.2513683077196447,1.5221270700513947,1.007714097653423,200.0,0.635,"30 trees, 200 total nodes","{'learning_rate': 0.5, 'n_estimators': 30}"
743,rfe_ridge,KNN,25,0.24334083266208062,1.530266089834234,0.761005354791211,127.0,1.0,non-parametric: stores all 127 training points,"{'n_neighbors': 7, 'weights': 'distance'}"
744,rfe_ridge,LinearRegression,25,0.23515744595750054,1.5385188690787497,0.8550630289261824,26.0,4.884615384615385,linear coefficients + intercept,{}
745,lasso,NuSVR,25,0.23401707717258002,1.5396653961617979,0.7870947594758259,127.0,1.0,127 support vectors (of 127 training points),"{'C': 10, 'nu': 0.7}"
746,f_regression,OrthogonalMatchingPursuit,25,0.23337282300976858,1.540312752208633,1.0048718593504025,26.0,4.884615384615385,linear coefficients + intercept,{'n_nonzero_coefs': 8}
747,correlation,OrthogonalMatchingPursuit,25,0.23337282300976858,1.540312752208633,1.0048718593504025,26.0,4.884615384615385,linear coefficients + intercept,{'n_nonzero_coefs': 8}
748,rfe_ridge,AdaBoost-tiny,25,0.2221368266157666,1.5515594149583594,1.0278511502235448,180.0,0.7055555555555556,"30 trees, 180 total nodes","{'learning_rate': 0.05, 'n_estimators': 30}"
749,lasso,ExtraTrees-tiny,25,0.21193398259735374,1.5617017814466414,0.9730501768067354,2040.0,0.062254901960784315,"200 trees, 2040 total nodes","{'max_depth': 3, 'min_samples_leaf': 10, 'n_estimators': 200}"
750,mutual_info,AdaBoost-tiny,25,0.21022377994699915,1.5633954080142631,0.9881703641727306,162.0,0.7839506172839507,"24 trees, 162 total nodes","{'learning_rate': 0.5, 'n_estimators': 50}"
751,f_regression,AdaBoost-tiny,25,0.2096896212827437,1.5639240134761125,1.0619791011661706,101.0,1.2574257425742574,"15 trees, 101 total nodes","{'learning_rate': 0.5, 'n_estimators': 50}"
752,mutual_info,DecisionTree-tiny,25,0.20949305378411165,1.5641184924597642,0.8418509506595016,13.0,9.76923076923077,"single tree, 13 nodes","{'max_depth': 4, 'min_samples_leaf': 10}"
753,mutual_info,KNN,25,0.20572540893589253,1.5678414438934516,0.7747232514506573,127.0,1.0,non-parametric: stores all 127 training points,"{'n_neighbors': 9, 'weights': 'distance'}"
754,rfe_ridge,PassiveAggressiveRegressor,25,0.2007890613717489,1.5727058967296093,0.9271823865485209,26.0,4.884615384615385,linear coefficients + intercept,{'C': 1}
755,mutual_info,ElasticNetCV,25,0.2001638945756108,1.5733208853775063,1.0147390800240743,26.0,4.884615384615385,linear coefficients + intercept,{}
756,rf_importance,LarsCV,25,0.1980132938529735,1.575434639442495,0.9833680460294842,26.0,4.884615384615385,linear coefficients + intercept,{}
757,rf_importance,ExtraTree-tiny,25,0.1933846763736834,1.5799743612679633,1.0669544898743197,17.0,7.470588235294118,"single tree, 17 nodes","{'max_depth': 4, 'min_samples_leaf': 10}"
758,f_regression,DecisionTree-tiny,25,0.18221654103156448,1.5908746678841656,0.9772184511075481,7.0,18.142857142857142,"single tree, 7 nodes","{'max_depth': 2, 'min_samples_leaf': 10}"
759,correlation,DecisionTree-tiny,25,0.18221654103156448,1.5908746678841656,0.977218451107548,7.0,18.142857142857142,"single tree, 7 nodes","{'max_depth': 2, 'min_samples_leaf': 10}"
760,rf_importance,DecisionTree-tiny,25,0.17920083901543482,1.5938052658633852,0.8945987738513913,19.0,6.684210526315789,"single tree, 19 nodes","{'max_depth': 4, 'min_samples_leaf': 5}"
761,correlation,AdaBoost-tiny,25,0.17086408587266289,1.6018788561808674,1.05693708110898,232.0,0.5474137931034483,"34 trees, 232 total nodes","{'learning_rate': 0.5, 'n_estimators': 50}"
762,lasso,ExtraTree-tiny,25,0.156782613265259,1.6154241900912936,0.9747311004244009,5.0,25.4,"single tree, 5 nodes","{'max_depth': 2, 'min_samples_leaf': 10}"
763,mutual_info,LassoCV,25,0.15465524339845627,1.6174606992753826,1.0037622278504514,26.0,4.884615384615385,linear coefficients + intercept,{}
764,mutual_info,LassoLarsCV,25,0.15362929535803949,1.6184419128202034,1.0056309713158476,26.0,4.884615384615385,linear coefficients + intercept,{}
765,rfe_ridge,OrthogonalMatchingPursuit,25,0.1528487816587787,1.6191879954650308,1.0613647457769908,26.0,4.884615384615385,linear coefficients + intercept,{'n_nonzero_coefs': 3}
766,rfe_ridge,DecisionTree-tiny,25,0.15126952516508918,1.6206965351861953,0.8927813066047224,19.0,6.684210526315789,"single tree, 19 nodes","{'max_depth': 4, 'min_samples_leaf': 5}"
767,rfe_ridge,LarsCV,25,0.13477313891034315,1.636371105701054,1.0545364256073144,26.0,4.884615384615385,linear coefficients + intercept,{}
768,lasso,LassoLars,25,0.13258629596472804,1.6384377476911787,1.085821491447126,26.0,4.884615384615385,linear coefficients + intercept,{'alpha': 1}
769,lasso,Lasso,25,0.1325566104365623,1.6384657836061947,1.0858241976924548,26.0,4.884615384615385,linear coefficients + intercept,{'alpha': 1}
770,lasso,ElasticNetCV,25,0.13123334992213154,1.6397150241223006,1.0793075596140775,26.0,4.884615384615385,linear coefficients + intercept,{}
771,rfe_ridge,ExtraTree-tiny,25,0.12513326688993454,1.645461619655271,1.0508698248407502,15.0,8.466666666666667,"single tree, 15 nodes","{'max_depth': 4, 'min_samples_leaf': 10}"
772,lasso,LassoCV,25,0.12491850060963283,1.6456635749776036,1.0805248769680125,26.0,4.884615384615385,linear coefficients + intercept,{}
773,lasso,LassoLarsCV,25,0.12372450456045125,1.646785896734319,1.0813993934043888,26.0,4.884615384615385,linear coefficients + intercept,{}
774,lasso,KNN,25,0.12015523871977507,1.6501363518267211,0.7623033453983966,127.0,1.0,non-parametric: stores all 127 training points,"{'n_neighbors': 3, 'weights': 'distance'}"
775,lasso,ElasticNet,25,0.11725498023724235,1.6528538110520121,1.082284206005247,26.0,4.884615384615385,linear coefficients + intercept,"{'alpha': 1, 'l1_ratio': 0.8}"
776,lasso,LassoLarsIC,25,0.10861239670384171,1.6609252997099155,1.0300891198439157,26.0,4.884615384615385,linear coefficients + intercept,{}
777,correlation,ExtraTree-tiny,25,0.10742926230553329,1.6620272031995076,1.1156629617196119,11.0,11.545454545454545,"single tree, 11 nodes","{'max_depth': 3, 'min_samples_leaf': 10}"
778,rf_importance,LassoLars,25,0.09308146872644152,1.6753322298314812,1.089163709136605,26.0,4.884615384615385,linear coefficients + intercept,{'alpha': 1}
779,rf_importance,Lasso,25,0.0930228293609584,1.6753863906119657,1.089201448490591,26.0,4.884615384615385,linear coefficients + intercept,{'alpha': 1}
780,rfe_ridge,OrthogonalMatchingPursuitCV,25,0.09234923047862953,1.676008417812419,1.0882006903931305,26.0,4.884615384615385,linear coefficients + intercept,{}
781,mutual_info,ExtraTree-tiny,25,0.09191451473273382,1.676409728567794,1.1086440893189828,17.0,7.470588235294118,"single tree, 17 nodes","{'max_depth': 4, 'min_samples_leaf': 10}"
782,lasso,OrthogonalMatchingPursuit,25,0.08519670626701192,1.6825991503137705,1.1082590459423263,26.0,4.884615384615385,linear coefficients + intercept,{'n_nonzero_coefs': 5}
783,f_regression,ExtraTree-tiny,25,0.08046005835991166,1.6869495881918795,1.095956500737674,5.0,25.4,"single tree, 5 nodes","{'max_depth': 2, 'min_samples_leaf': 10}"
784,lasso,AdaBoost-tiny,25,0.07930723830671238,1.6880067147388005,1.111344093860044,192.0,0.6614583333333334,"30 trees, 192 total nodes","{'learning_rate': 0.05, 'n_estimators': 30}"
785,f_regression,Lasso,25,0.06198836056330037,1.7038090438971045,1.1220312903789584,26.0,4.884615384615385,linear coefficients + intercept,{'alpha': 0.01}
786,f_regression,LassoLars,25,0.06186488349200958,1.7039211823924578,1.1220610017250865,26.0,4.884615384615385,linear coefficients + intercept,{'alpha': 0.01}
787,correlation,LassoLars,25,0.06186488349200947,1.7039211823924578,1.1220610017250865,26.0,4.884615384615385,linear coefficients + intercept,{'alpha': 0.01}
788,correlation,Lasso,25,0.061849649102695636,1.7039350173362804,1.1220694126604052,26.0,4.884615384615385,linear coefficients + intercept,{'alpha': 0.01}
789,correlation,OrthogonalMatchingPursuitCV,25,0.05126654664725683,1.7135189540576292,1.0997945681183572,26.0,4.884615384615385,linear coefficients + intercept,{}
790,f_regression,OrthogonalMatchingPursuitCV,25,0.05126654664725683,1.7135189540576292,1.0997945681183572,26.0,4.884615384615385,linear coefficients + intercept,{}
791,lasso,DecisionTree-tiny,25,0.042813192072393425,1.7211358776290908,1.0535758881440618,9.0,14.11111111111111,"single tree, 9 nodes","{'max_depth': 3, 'min_samples_leaf': 10}"
792,mutual_info,ElasticNet,25,-0.0010829555470808216,1.760158750464,1.1778261878430818,26.0,4.884615384615385,linear coefficients + intercept,"{'alpha': 1, 'l1_ratio': 0.8}"
793,mutual_info,Lasso,25,-0.009509002879007689,1.7675507968734137,1.1772461168497756,26.0,4.884615384615385,linear coefficients + intercept,{'alpha': 1}
794,mutual_info,LassoLars,25,-0.009517382772367133,1.7675581330419892,1.1772524933726047,26.0,4.884615384615385,linear coefficients + intercept,{'alpha': 1}
795,mutual_info,LarsCV,25,-0.015070497993888932,1.7724129245585498,1.0438365741015687,26.0,4.884615384615385,linear coefficients + intercept,{}
796,lasso,OrthogonalMatchingPursuitCV,25,-0.020922232880880243,1.7775144350802248,1.2164358613332384,26.0,4.884615384615385,linear coefficients + intercept,{}
797,f_regression,Dummy-baseline,25,-0.032840624280813024,1.78785980755922,1.207399200034971,1.0,127.0,constant baseline,{}
798,correlation,Dummy-baseline,25,-0.032840624280813024,1.78785980755922,1.207399200034971,1.0,127.0,constant baseline,{}
799,rfe_ridge,Dummy-baseline,25,-0.032840624280813024,1.78785980755922,1.207399200034971,1.0,127.0,constant baseline,{}
800,mutual_info,Dummy-baseline,25,-0.032840624280813024,1.78785980755922,1.207399200034971,1.0,127.0,constant baseline,{}
801,rf_importance,Dummy-baseline,25,-0.032840624280813024,1.78785980755922,1.207399200034971,1.0,127.0,constant baseline,{}
802,lasso,Dummy-baseline,25,-0.032840624280813024,1.78785980755922,1.207399200034971,1.0,127.0,constant baseline,{}
803,lasso,LarsCV,25,-0.05905795268641367,1.8104088683251234,1.2074885749162465,26.0,4.884615384615385,linear coefficients + intercept,{}
804,rf_importance,KernelRidge,25,-0.26857649103419656,1.9814135787321667,0.9392822691032917,35.282809266902504,3.599486623621379,krr_effective_dof: trace(K(K+alpha*I)^-1),"{'alpha': 0.1, 'gamma': 0.01}"
805,mutual_info,KernelRidge,25,-0.3090165807609002,2.0127478864483863,1.0401217885055012,14.141327811354552,8.980769111230657,krr_effective_dof: trace(K(K+alpha*I)^-1),"{'alpha': 1, 'gamma': 0.01}"
806,correlation,KernelRidge,25,-0.4021978172099372,2.0831543447571303,0.984532831070129,16.08033497362526,7.897845424756612,krr_effective_dof: trace(K(K+alpha*I)^-1),"{'alpha': 1, 'gamma': 0.01}"
807,f_regression,KernelRidge,25,-0.4021978172099381,2.0831543447571312,0.9845328310701315,16.080334973625256,7.897845424756614,krr_effective_dof: trace(K(K+alpha*I)^-1),"{'alpha': 1, 'gamma': 0.01}"
808,lasso,KernelRidge,25,-0.431702307785216,2.10495670657261,1.1065774282205527,37.35988849408128,3.3993677475809356,krr_effective_dof: trace(K(K+alpha*I)^-1),"{'alpha': 0.1, 'gamma': 0.01}"
809,rfe_ridge,SmallMLP,25,-1.1839438950982655,2.599785661046842,1.36146277278781,109.0,1.165137614678899,"layers (4,)","{'alpha': 1.0, 'hidden_layer_sizes': (4,)}"
810,correlation,LassoCV,25,-6.510535595595215,4.821167939296094,1.3275920641445818,26.0,4.884615384615385,linear coefficients + intercept,{}
811,f_regression,LassoLarsCV,25,-6.516678861329812,4.823139280848606,1.3287549355370498,26.0,4.884615384615385,linear coefficients + intercept,{}
812,correlation,LassoLarsCV,25,-6.516678861329877,4.823139280848627,1.3287549355370518,26.0,4.884615384615385,linear coefficients + intercept,{}
813,f_regression,LassoCV,25,-6.53649774264312,4.829493569805796,1.3284401276836786,26.0,4.884615384615385,linear coefficients + intercept,{}
814,f_regression,LarsCV,25,-6.6323964076684225,4.860123046614802,1.5311580643013953,26.0,4.884615384615385,linear coefficients + intercept,{}
815,correlation,LarsCV,25,-6.63239640766846,4.860123046614814,1.5311580643013967,26.0,4.884615384615385,linear coefficients + intercept,{}
816,f_regression,LassoLarsIC,25,-6.720001029816253,4.8879357045006255,1.3266787419589483,26.0,4.884615384615385,linear coefficients + intercept,{}
817,correlation,LassoLarsIC,25,-6.720001029816322,4.887935704500648,1.3266787419589503,26.0,4.884615384615385,linear coefficients + intercept,{}
818,rfe_ridge,RANSACRegressor,25,-11.188301763574076,6.141697251383866,1.6607799215857706,26.0,4.884615384615385,RANSAC inlier-fitted LinearRegression,{}
819,lasso,LinearSVR,25,-15.231278121511497,7.087501522107649,1.5152828397801292,26.0,4.884615384615385,linear coefficients + intercept,"{'C': 10, 'epsilon': 0.01}"
820,correlation,ElasticNet,25,-29.781883957389216,9.760327802550684,1.9542277633624259,26.0,4.884615384615385,linear coefficients + intercept,"{'alpha': 0.01, 'l1_ratio': 0.8}"
821,f_regression,ElasticNet,25,-29.872054456780155,9.774612991414644,1.9556687475699,26.0,4.884615384615385,linear coefficients + intercept,"{'alpha': 0.01, 'l1_ratio': 0.8}"
822,rf_importance,LinearRegression,25,-33.52611038637816,10.336907567257835,1.8831284057319746,26.0,4.884615384615385,linear coefficients + intercept,{}
823,rf_importance,ElasticNetCV,25,-36.51138262615987,10.774530167887445,1.8920986581685768,26.0,4.884615384615385,linear coefficients + intercept,{}
824,correlation,ElasticNetCV,25,-40.343857237730326,11.311554742745194,1.9814675429086017,26.0,4.884615384615385,linear coefficients + intercept,{}
825,f_regression,ElasticNetCV,25,-40.38608908276838,11.317330520928317,1.9819974413077142,26.0,4.884615384615385,linear coefficients + intercept,{}
826,rf_importance,LinearSVR,25,-47.89258834899426,12.300940563927734,2.039200272654721,26.0,4.884615384615385,linear coefficients + intercept,"{'C': 10, 'epsilon': 0.1}"
827,rf_importance,HuberRegressor,25,-48.60546748900692,12.390293068177975,2.0556019896805036,26.0,4.884615384615385,linear coefficients + intercept,"{'alpha': 0.1, 'epsilon': 1.5}"
828,f_regression,TweedieRegressor,25,-60.8748631196378,13.838019270610378,2.280351438513346,26.0,4.884615384615385,linear coefficients + intercept,{'alpha': 0.1}
829,correlation,TweedieRegressor,25,-60.87486311963781,13.838019270610378,2.2803514385133568,26.0,4.884615384615385,linear coefficients + intercept,{'alpha': 0.1}
830,correlation,BayesianRidge,25,-61.43108038462908,13.900077790402996,2.2387900177485256,26.0,4.884615384615385,linear coefficients + intercept,{}
831,f_regression,BayesianRidge,25,-61.43108038462981,13.900077790403078,2.2387900177485345,26.0,4.884615384615385,linear coefficients + intercept,{}
832,correlation,RidgeCV,25,-62.71822898217165,14.04263648464264,2.251405550229369,26.0,4.884615384615385,linear coefficients + intercept,{}
833,f_regression,RidgeCV,25,-62.71822898217384,14.042636484642882,2.2514055502294035,26.0,4.884615384615385,linear coefficients + intercept,{}
834,correlation,PassiveAggressiveRegressor,25,-72.5523315730865,15.087421642224106,2.5637245457244022,26.0,4.884615384615385,linear coefficients + intercept,{'C': 1}
835,f_regression,PassiveAggressiveRegressor,25,-72.5523315730867,15.087421642224125,2.5637245457244044,26.0,4.884615384615385,linear coefficients + intercept,{'C': 1}
836,f_regression,RANSACRegressor,25,-79.06507741305376,15.741219301611446,2.7710869430289877,26.0,4.884615384615385,RANSAC inlier-fitted LinearRegression,{}
837,correlation,RANSACRegressor,25,-79.0650774130577,15.741219301611833,2.771086943029089,26.0,4.884615384615385,RANSAC inlier-fitted LinearRegression,{}
838,correlation,Ridge,25,-82.79507490657363,16.10371412218378,2.4780722665387804,26.0,4.884615384615385,linear coefficients + intercept,{'alpha': 10}
839,f_regression,Ridge,25,-82.79507490657369,16.10371412218379,2.4780722665387813,26.0,4.884615384615385,linear coefficients + intercept,{'alpha': 10}
840,rf_importance,ElasticNet,25,-86.402455935894,16.446694428655583,2.5091379101156233,26.0,4.884615384615385,linear coefficients + intercept,"{'alpha': 1, 'l1_ratio': 0.8}"
841,f_regression,SGDRegressor,25,-90.95725500620424,16.869794989515047,2.5404286324183123,26.0,4.884615384615385,linear coefficients + intercept,"{'alpha': 0.01, 'penalty': 'elasticnet'}"
842,correlation,SGDRegressor,25,-90.95725500620429,16.86979498951505,2.5404286324183123,26.0,4.884615384615385,linear coefficients + intercept,"{'alpha': 0.01, 'penalty': 'elasticnet'}"
843,lasso,TweedieRegressor,25,-103.06092572986326,17.945710110129195,2.718534346071772,26.0,4.884615384615385,linear coefficients + intercept,{'alpha': 1}
844,f_regression,PLS,25,-121.42297524032631,19.46472491474015,2.86944012895036,8.0,15.875,7 latent components (true PLS dimensionality),{'n_components': 7}
845,correlation,PLS,25,-121.42297524032632,19.464724914740152,2.8694401289503606,8.0,15.875,7 latent components (true PLS dimensionality),{'n_components': 7}
846,rf_importance,BayesianRidge,25,-128.074330723643,19.9864999295054,2.771577103141491,26.0,4.884615384615385,linear coefficients + intercept,{}
847,rf_importance,RidgeCV,25,-147.72601160399284,21.45409855119389,2.891631446214574,26.0,4.884615384615385,linear coefficients + intercept,{}
848,rf_importance,Ridge,25,-147.80232608625536,21.45960212259851,2.954576580352729,26.0,4.884615384615385,linear coefficients + intercept,{'alpha': 1}
849,rf_importance,TweedieRegressor,25,-150.78208465843332,21.67340079005218,2.9924260758795858,26.0,4.884615384615385,linear coefficients + intercept,{'alpha': 0.01}
850,lasso,Ridge,25,-164.8739269104748,22.657180714087573,3.1830896685944703,26.0,4.884615384615385,linear coefficients + intercept,{'alpha': 50}
851,mutual_info,TweedieRegressor,25,-168.55134511407218,22.90695830023625,3.1391044940268866,26.0,4.884615384615385,linear coefficients + intercept,{'alpha': 0.01}
852,rf_importance,SGDRegressor,25,-209.1041260903166,25.49964275607371,3.3147028455184158,26.0,4.884615384615385,linear coefficients + intercept,"{'alpha': 0.01, 'penalty': 'elasticnet'}"
853,lasso,BayesianRidge,25,-213.9556447168044,25.792368946862233,3.506607980080052,26.0,4.884615384615385,linear coefficients + intercept,{}
854,rf_importance,PassiveAggressiveRegressor,25,-224.38151696619767,26.410459316593556,3.6802876641531577,26.0,4.884615384615385,linear coefficients + intercept,{'C': 0.1}
855,f_regression,LinearRegression,25,-238.11552994435712,27.20324401194313,3.645096999102296,26.0,4.884615384615385,linear coefficients + intercept,{}
856,correlation,LinearRegression,25,-238.1155299443598,27.20324401194328,3.6450969991023108,26.0,4.884615384615385,linear coefficients + intercept,{}
857,rf_importance,PLS,25,-244.7059008651471,27.575576380746114,3.5748605775202678,4.0,31.75,3 latent components (true PLS dimensionality),{'n_components': 3}
858,lasso,HuberRegressor,25,-248.13844691633182,27.76752565977675,3.559673777827757,26.0,4.884615384615385,linear coefficients + intercept,"{'alpha': 0.1, 'epsilon': 1.2}"
859,lasso,SGDRegressor,25,-264.7863785987802,28.680265367831677,3.830398975211391,26.0,4.884615384615385,linear coefficients + intercept,"{'alpha': 0.01, 'penalty': 'elasticnet'}"
860,mutual_info,Ridge,25,-329.3028692643094,31.9722336893208,4.016887606334543,26.0,4.884615384615385,linear coefficients + intercept,{'alpha': 1}
861,lasso,PassiveAggressiveRegressor,25,-352.78460099688664,33.08920007476889,4.317559148627882,26.0,4.884615384615385,linear coefficients + intercept,{'C': 0.1}
862,lasso,PLS,25,-394.5598079003056,34.988303422362534,4.419194503432241,6.0,21.166666666666668,5 latent components (true PLS dimensionality),{'n_components': 5}
863,correlation,LinearSVR,25,-467.5194747840477,38.07856989417495,4.572819232445375,26.0,4.884615384615385,linear coefficients + intercept,"{'C': 10, 'epsilon': 0.1}"
864,f_regression,LinearSVR,25,-467.51947478404963,38.078569894175025,4.572819232445386,26.0,4.884615384615385,linear coefficients + intercept,"{'C': 10, 'epsilon': 0.1}"
865,mutual_info,PassiveAggressiveRegressor,25,-509.14821002814364,39.734247173112664,5.022984516241823,26.0,4.884615384615385,linear coefficients + intercept,{'C': 0.1}
866,lasso,RidgeCV,25,-509.9719547745667,39.766314006440034,4.943006844789779,26.0,4.884615384615385,linear coefficients + intercept,{}
867,correlation,HuberRegressor,25,-518.5576692236854,40.09901322114544,4.789833546096185,26.0,4.884615384615385,linear coefficients + intercept,"{'alpha': 0.1, 'epsilon': 1.5}"
868,f_regression,HuberRegressor,25,-518.5581147983794,40.09903041567723,4.790995518153383,26.0,4.884615384615385,linear coefficients + intercept,"{'alpha': 0.1, 'epsilon': 1.5}"
869,mutual_info,LinearRegression,25,-532.3482400439092,40.62770016123598,4.889010428228787,26.0,4.884615384615385,linear coefficients + intercept,{}
870,mutual_info,RidgeCV,25,-597.026005559798,43.020637378923986,5.093303463379333,26.0,4.884615384615385,linear coefficients + intercept,{}
871,lasso,LinearRegression,25,-648.2350500305176,44.82474054062409,5.382131291823445,26.0,4.884615384615385,linear coefficients + intercept,{}
872,mutual_info,OrthogonalMatchingPursuit,25,-782.7415806263649,49.24966147824149,5.75877057784956,26.0,4.884615384615385,linear coefficients + intercept,{'n_nonzero_coefs': 5}
873,mutual_info,LassoLarsIC,25,-885.2366867225251,52.37109658068961,6.0309058646173845,26.0,4.884615384615385,linear coefficients + intercept,{}
874,mutual_info,BayesianRidge,25,-906.9102980581372,53.0076165035285,6.0710641892885056,26.0,4.884615384615385,linear coefficients + intercept,{}
875,mutual_info,HuberRegressor,25,-996.2893315117119,55.555542401473865,6.357526647975396,26.0,4.884615384615385,linear coefficients + intercept,"{'alpha': 0.1, 'epsilon': 1.2}"
876,mutual_info,RANSACRegressor,25,-1000.3247811619158,55.667829403617255,7.140464693220098,26.0,4.884615384615385,RANSAC inlier-fitted LinearRegression,{}
877,mutual_info,SGDRegressor,25,-1069.1966841752692,57.55043438500114,6.536050343341232,26.0,4.884615384615385,linear coefficients + intercept,"{'alpha': 0.01, 'penalty': 'l2'}"
878,mutual_info,LinearSVR,25,-1092.8196038176059,58.18213541782379,6.6144650426327445,26.0,4.884615384615385,linear coefficients + intercept,"{'C': 10, 'epsilon': 0.1}"
879,mutual_info,OrthogonalMatchingPursuitCV,25,-1169.6877607303654,60.191801883774616,6.860037969534133,26.0,4.884615384615385,linear coefficients + intercept,{}
880,f_regression,SmallMLP,25,-1372.9931268932621,65.20923203756836,8.013656112915719,217.0,0.5852534562211982,"layers (8,)","{'alpha': 1.0, 'hidden_layer_sizes': (8,)}"
881,mutual_info,PLS,25,-1613.2242588220722,70.68035795647098,7.87045353184596,8.0,15.875,7 latent components (true PLS dimensionality),{'n_components': 7}
882,rf_importance,RANSACRegressor,25,-3474.5336003466336,103.71165178726038,11.957844772115768,26.0,4.884615384615385,RANSAC inlier-fitted LinearRegression,{}
883,rf_importance,SmallMLP,25,-3489.914564573581,103.94088626055556,11.114852109990197,217.0,0.5852534562211982,"layers (8,)","{'alpha': 1.0, 'hidden_layer_sizes': (8,)}"
884,correlation,SmallMLP,25,-3695.5247000117784,106.95808329572024,11.985802418987454,217.0,0.5852534562211982,"layers (8,)","{'alpha': 1.0, 'hidden_layer_sizes': (8,)}"
885,mutual_info,SmallMLP,25,-7861.428356009762,155.98942457250894,16.61258629964596,217.0,0.5852534562211982,"layers (8,)","{'alpha': 1.0, 'hidden_layer_sizes': (8,)}"
886,lasso,SmallMLP,25,-12742.408901919322,198.59102382809695,21.343238421137162,217.0,0.5852534562211982,"layers (8,)","{'alpha': 0.1, 'hidden_layer_sizes': (8,)}"
887,lasso,RANSACRegressor,25,-17317.064369002448,231.5082543349947,23.98828918731842,26.0,4.884615384615385,RANSAC inlier-fitted LinearRegression,{}
888,rf_importance,LightGBM-tiny,30,0.5063867126544302,1.2359765366654665,0.7183610421370693,910.0,0.13956043956043956,"100 boosting trees, ~910 total nodes (leaf-based estimate)","{'learning_rate': 0.1, 'max_depth': 3, 'n_estimators': 100, 'num_leaves': 7}"
889,lasso,LightGBM-tiny,30,0.48514275309644683,1.262293135549755,0.7316058227967682,612.0,0.20751633986928106,"100 boosting trees, ~612 total nodes (leaf-based estimate)","{'learning_rate': 0.1, 'max_depth': 2, 'n_estimators': 100, 'num_leaves': 7}"
890,correlation,GradientBoosting-tiny,30,0.43267220677467233,1.3250547872537366,0.7004059396440423,1366.0,0.09297218155197658,"100 stages, 1366 total nodes","{'learning_rate': 0.1, 'max_depth': 3, 'n_estimators': 100}"
891,correlation,LightGBM-tiny,30,0.4299228159086482,1.3282616549889914,0.779825184351617,964.0,0.13174273858921162,"100 boosting trees, ~964 total nodes (leaf-based estimate)","{'learning_rate': 0.1, 'max_depth': 3, 'n_estimators': 100, 'num_leaves': 15}"
892,f_regression,LightGBM-tiny,30,0.4276099908933202,1.3309533319495714,0.7728850275116034,964.0,0.13174273858921162,"100 boosting trees, ~964 total nodes (leaf-based estimate)","{'learning_rate': 0.1, 'max_depth': 3, 'n_estimators': 100, 'num_leaves': 15}"
893,rf_importance,GaussianProcess,30,0.41714159680006524,1.3430690355161694,0.6631785429366054,62.344222136547884,2.037077304803666,gp_effective_dof: trace(K(K+sigma^2*I)^-1),"{'kernel': 1**2 * RationalQuadratic(alpha=1, length_scale=1) + WhiteKernel(noise_level=0.5)}"
894,rfe_ridge,GaussianProcess,30,0.41487314185620294,1.3456800752984936,0.6780060672448497,57.29300207452703,2.2166756043748195,gp_effective_dof: trace(K(K+sigma^2*I)^-1),"{'kernel': 1**2 * RationalQuadratic(alpha=1, length_scale=1) + WhiteKernel(noise_level=0.5)}"
895,rf_importance,GradientBoosting-tiny,30,0.414401839767938,1.3462219186274698,0.6838162012834607,690.0,0.18405797101449275,"100 stages, 690 total nodes","{'learning_rate': 0.1, 'max_depth': 2, 'n_estimators': 100}"
896,lasso,GradientBoosting-tiny,30,0.3999205946076759,1.362765613469898,0.7265938643309129,1290.0,0.09844961240310078,"100 stages, 1290 total nodes","{'learning_rate': 0.1, 'max_depth': 3, 'n_estimators': 100}"
897,rf_importance,KNN,30,0.39975580906784824,1.362952712586032,0.6667005597730586,127.0,1.0,non-parametric: stores all 127 training points,"{'n_neighbors': 3, 'weights': 'distance'}"
898,rfe_ridge,LightGBM-tiny,30,0.3984456730540775,1.3644393409856894,0.7406481545831975,1014.0,0.1252465483234714,"100 boosting trees, ~1014 total nodes (leaf-based estimate)","{'learning_rate': 0.1, 'max_depth': 3, 'n_estimators': 100, 'num_leaves': 7}"
899,f_regression,ExtraTree-tiny,30,0.38970110915164435,1.3743207250587837,0.937724463475455,13.0,9.76923076923077,"single tree, 13 nodes","{'max_depth': 4, 'min_samples_leaf': 10}"
900,rfe_ridge,Bagging-tiny,30,0.382955262463623,1.3818952749107645,0.8312395535038553,590.0,0.21525423728813559,"50 trees, 590 total nodes","{'max_samples': 0.7, 'n_estimators': 50}"
901,correlation,HistGradientBoosting-tiny,30,0.38225462824812717,1.3826796008826905,0.8222183997912985,844.0,0.1504739336492891,"100 stages, 844 total nodes","{'learning_rate': 0.1, 'max_depth': 3, 'min_samples_leaf': 10}"
902,rf_importance,SVR-RBF,30,0.37909361858989366,1.386212680083839,0.7099856189553782,105.0,1.2095238095238094,105 support vectors (of 127 training points),"{'C': 10, 'epsilon': 0.05, 'gamma': 'scale'}"
903,rf_importance,HistGradientBoosting-tiny,30,0.3729710214192484,1.3930304565123932,0.8399536563945352,800.0,0.15875,"100 stages, 800 total nodes","{'learning_rate': 0.05, 'max_depth': 3, 'min_samples_leaf': 20}"
904,rfe_ridge,HuberRegressor,30,0.36828986617028703,1.3982207000872255,0.7572757124608547,31.0,4.096774193548387,linear coefficients + intercept,"{'alpha': 0.1, 'epsilon': 1.5}"
905,rfe_ridge,SVR-RBF,30,0.367009955380484,1.3996364540096942,0.677835119787066,107.0,1.1869158878504673,107 support vectors (of 127 training points),"{'C': 10, 'epsilon': 0.05, 'gamma': 'scale'}"
906,mutual_info,GaussianProcess,30,0.3659347033284287,1.400824721826429,0.6832101461027739,62.85799681541689,2.0204270965385156,gp_effective_dof: trace(K(K+sigma^2*I)^-1),{'kernel': 1**2 * RBF(length_scale=1) + WhiteKernel(noise_level=0.5)}
907,rf_importance,NuSVR,30,0.3643632949515241,1.4025594844346323,0.6935432383158511,127.0,1.0,127 support vectors (of 127 training points),"{'C': 10, 'nu': 0.5}"
908,f_regression,HistGradientBoosting-tiny,30,0.3588105068960509,1.4086723949595161,0.809900624412917,844.0,0.1504739336492891,"100 stages, 844 total nodes","{'learning_rate': 0.1, 'max_depth': 3, 'min_samples_leaf': 10}"
909,f_regression,GradientBoosting-tiny,30,0.3584810630010664,1.409034237230665,0.7452150257592631,694.0,0.1829971181556196,"100 stages, 694 total nodes","{'learning_rate': 0.1, 'max_depth': 2, 'n_estimators': 100}"
910,rf_importance,RandomForest-tiny,30,0.3549373029953461,1.4129206403691739,0.8082961716214319,958.0,0.1325678496868476,"100 trees, 958 total nodes","{'max_depth': 3, 'min_samples_leaf': 5, 'n_estimators': 100}"
911,mutual_info,Bagging-tiny,30,0.35113426563102856,1.417079533312545,0.8319489904117412,236.0,0.538135593220339,"20 trees, 236 total nodes","{'max_samples': 0.7, 'n_estimators': 20}"
912,rfe_ridge,HistGradientBoosting-tiny,30,0.349648374936552,1.418701148615842,0.8554583989339126,832.0,0.15264423076923078,"100 stages, 832 total nodes","{'learning_rate': 0.05, 'max_depth': 3, 'min_samples_leaf': 20}"
913,correlation,RandomForest-tiny,30,0.34834741593015284,1.4201194198018885,0.8456050323264617,964.0,0.13174273858921162,"100 trees, 964 total nodes","{'max_depth': 3, 'min_samples_leaf': 5, 'n_estimators': 100}"
914,rf_importance,LassoCV,30,0.3481274887767799,1.4203590386432459,0.9563726546090079,31.0,4.096774193548387,linear coefficients + intercept,{}
915,rfe_ridge,NuSVR,30,0.3473397413588494,1.4212169873406983,0.6604733835888649,127.0,1.0,127 support vectors (of 127 training points),"{'C': 10, 'nu': 0.7}"
916,rfe_ridge,GradientBoosting-tiny,30,0.347083020601916,1.4214964742746774,0.7146142196662383,1370.0,0.0927007299270073,"100 stages, 1370 total nodes","{'learning_rate': 0.1, 'max_depth': 3, 'n_estimators': 100}"
917,mutual_info,RandomForest-tiny,30,0.3449252265706597,1.4238434545516307,0.8050181203128998,964.0,0.13174273858921162,"100 trees, 964 total nodes","{'max_depth': 3, 'min_samples_leaf': 5, 'n_estimators': 100}"
918,rfe_ridge,LinearSVR,30,0.34378883846981556,1.4250779225172712,0.7840966371563612,31.0,4.096774193548387,linear coefficients + intercept,"{'C': 10, 'epsilon': 0.1}"
919,mutual_info,GradientBoosting-tiny,30,0.34351542870824037,1.4253747702863646,0.7071224814667044,692.0,0.18352601156069365,"100 stages, 692 total nodes","{'learning_rate': 0.1, 'max_depth': 2, 'n_estimators': 100}"
920,mutual_info,LightGBM-tiny,30,0.3424715153852407,1.4265076047217857,0.7477048472196315,614.0,0.20684039087947884,"100 boosting trees, ~614 total nodes (leaf-based estimate)","{'learning_rate': 0.1, 'max_depth': 2, 'n_estimators': 100, 'num_leaves': 7}"
921,f_regression,RandomForest-tiny,30,0.34170566689382587,1.4273381168531545,0.8554783447846291,964.0,0.13174273858921162,"100 trees, 964 total nodes","{'max_depth': 3, 'min_samples_leaf': 5, 'n_estimators': 100}"
922,rfe_ridge,KernelRidge,30,0.33613986951577,1.4333594001895298,0.8115786233274531,39.56978963581166,3.209519210712755,krr_effective_dof: trace(K(K+alpha*I)^-1),"{'alpha': 0.1, 'gamma': 0.01}"
923,rf_importance,OrthogonalMatchingPursuit,30,0.33222030672584024,1.4375845928501698,0.9239129976429398,31.0,4.096774193548387,linear coefficients + intercept,{'n_nonzero_coefs': 10}
924,mutual_info,ExtraTrees-tiny,30,0.3320372095997908,1.4377816635081695,0.8687279449232691,1966.0,0.06459816887080366,"200 trees, 1966 total nodes","{'max_depth': 3, 'min_samples_leaf': 10, 'n_estimators': 200}"
925,rfe_ridge,BayesianRidge,30,0.3297391621857133,1.4402527992702672,0.8249575062504199,31.0,4.096774193548387,linear coefficients + intercept,{}
926,lasso,GaussianProcess,30,0.323638177873951,1.4467928312369256,0.739919411021374,66.64923349646374,1.9054982831383702,gp_effective_dof: trace(K(K+sigma^2*I)^-1),"{'kernel': 1**2 * RationalQuadratic(alpha=1, length_scale=1) + WhiteKernel(noise_level=0.5)}"
927,lasso,RandomForest-tiny,30,0.32176634005817817,1.4487934545106773,0.836898135758671,1022.0,0.12426614481409001,"100 trees, 1022 total nodes","{'max_depth': 3, 'min_samples_leaf': 5, 'n_estimators': 100}"
928,rfe_ridge,TweedieRegressor,30,0.32089579959138137,1.4497229489851584,0.8073225983662133,31.0,4.096774193548387,linear coefficients + intercept,{'alpha': 0.001}
929,rf_importance,ExtraTrees-tiny,30,0.31964030191954884,1.4510624218686194,0.8711154303679822,1976.0,0.06427125506072874,"200 trees, 1976 total nodes","{'max_depth': 3, 'min_samples_leaf': 10, 'n_estimators': 200}"
930,rfe_ridge,Ridge,30,0.31933529444982833,1.4513876434293644,0.7980214175719895,31.0,4.096774193548387,linear coefficients + intercept,{'alpha': 0.1}
931,f_regression,SVR-RBF,30,0.316931807207536,1.4539478743523724,0.7115301370424894,112.0,1.1339285714285714,112 support vectors (of 127 training points),"{'C': 1, 'epsilon': 0.05, 'gamma': 'scale'}"
932,correlation,SVR-RBF,30,0.31693180720753455,1.453947874352374,0.7115301370424896,112.0,1.1339285714285714,112 support vectors (of 127 training points),"{'C': 1, 'epsilon': 0.05, 'gamma': 'scale'}"
933,f_regression,NuSVR,30,0.31278926745566005,1.458350020930913,0.7085528106524451,108.0,1.1759259259259258,108 support vectors (of 127 training points),"{'C': 1, 'nu': 0.7}"
934,correlation,NuSVR,30,0.3127892674556588,1.4583500209309144,0.708552810652445,108.0,1.1759259259259258,108 support vectors (of 127 training points),"{'C': 1, 'nu': 0.7}"
935,mutual_info,HistGradientBoosting-tiny,30,0.31234955041999335,1.458816514519864,0.8617598507689517,772.0,0.1645077720207254,"100 stages, 772 total nodes","{'learning_rate': 0.05, 'max_depth': 3, 'min_samples_leaf': 20}"
936,mutual_info,SVR-RBF,30,0.30698659853600485,1.46449408520904,0.7574826019701113,107.0,1.1869158878504673,107 support vectors (of 127 training points),"{'C': 1, 'epsilon': 0.05, 'gamma': 'scale'}"
937,correlation,Bagging-tiny,30,0.30274112478176607,1.4689730592248391,0.884058055555743,232.0,0.5474137931034483,"20 trees, 232 total nodes","{'max_samples': 0.7, 'n_estimators': 20}"
938,lasso,HistGradientBoosting-tiny,30,0.3007841271932933,1.4710330992632397,0.8939092292831868,578.0,0.21972318339100347,"100 stages, 578 total nodes","{'learning_rate': 0.05, 'max_depth': 2, 'min_samples_leaf': 20}"
939,rfe_ridge,ElasticNet,30,0.2986352670916649,1.4732917861142345,0.8350948108017757,31.0,4.096774193548387,linear coefficients + intercept,"{'alpha': 0.001, 'l1_ratio': 0.2}"
940,correlation,ExtraTrees-tiny,30,0.29713600448757604,1.4748656263760451,0.8971235323361498,1954.0,0.06499488229273286,"200 trees, 1954 total nodes","{'max_depth': 3, 'min_samples_leaf': 10, 'n_estimators': 200}"
941,correlation,LassoLarsIC,30,0.29675724655808466,1.4752629591588835,0.9225532906799335,31.0,4.096774193548387,linear coefficients + intercept,{}
942,f_regression,LassoLarsIC,30,0.29675724655808444,1.4752629591588837,0.9225532906799334,31.0,4.096774193548387,linear coefficients + intercept,{}
943,rfe_ridge,RidgeCV,30,0.2955642424518937,1.4765137711747955,0.8287327219093069,31.0,4.096774193548387,linear coefficients + intercept,{}
944,lasso,Bagging-tiny,30,0.2937796585744179,1.4783828528696759,0.8909752179871888,212.0,0.5990566037735849,"20 trees, 212 total nodes","{'max_samples': 1.0, 'n_estimators': 20}"
945,f_regression,ExtraTrees-tiny,30,0.2929375551803868,1.4792640086814373,0.8953644509470222,1930.0,0.06580310880829016,"200 trees, 1930 total nodes","{'max_depth': 3, 'min_samples_leaf': 10, 'n_estimators': 200}"
946,mutual_info,KNN,30,0.2925658409198133,1.479652794199705,0.726556677034883,127.0,1.0,non-parametric: stores all 127 training points,"{'n_neighbors': 3, 'weights': 'distance'}"
947,rfe_ridge,ExtraTrees-tiny,30,0.2921648954280528,1.4800720389268327,0.8779986528944593,934.0,0.13597430406852248,"100 trees, 934 total nodes","{'max_depth': 3, 'min_samples_leaf': 10, 'n_estimators': 100}"
948,rfe_ridge,RandomForest-tiny,30,0.2910638107011927,1.4812227669903506,0.8414638994159281,2218.0,0.05725879170423805,"200 trees, 2218 total nodes","{'max_depth': 3, 'min_samples_leaf': 3, 'n_estimators': 200}"
949,rfe_ridge,Lasso,30,0.2909768245065817,1.481313636931625,0.8345430167281888,31.0,4.096774193548387,linear coefficients + intercept,{'alpha': 0.001}
950,rfe_ridge,LassoLars,30,0.2907827027326033,1.481516405727756,0.8346091853672498,31.0,4.096774193548387,linear coefficients + intercept,{'alpha': 0.001}
951,rf_importance,Bagging-tiny,30,0.2897273371184832,1.4826182966747354,0.8735232397410672,236.0,0.538135593220339,"20 trees, 236 total nodes","{'max_samples': 0.7, 'n_estimators': 20}"
952,f_regression,Bagging-tiny,30,0.28843491772051044,1.4839665773213497,0.9082109449003595,254.0,0.5,"20 trees, 254 total nodes","{'max_samples': 1.0, 'n_estimators': 20}"
953,correlation,GaussianProcess,30,0.28748026339937727,1.4849617078421635,0.7311817132801791,64.94746726661599,1.9554265215401245,gp_effective_dof: trace(K(K+sigma^2*I)^-1),"{'kernel': 1**2 * RationalQuadratic(alpha=1, length_scale=1) + WhiteKernel(noise_level=0.5)}"
954,f_regression,GaussianProcess,30,0.2874801634222194,1.4849618120233097,0.7311817495998248,64.94746726661482,1.9554265215401596,gp_effective_dof: trace(K(K+sigma^2*I)^-1),"{'kernel': 1**2 * RationalQuadratic(alpha=1, length_scale=1) + WhiteKernel(noise_level=0.5)}"
955,rfe_ridge,KNN,30,0.27155606515442376,1.5014638185928384,0.7416071696018929,127.0,1.0,non-parametric: stores all 127 training points,"{'n_neighbors': 7, 'weights': 'distance'}"
956,lasso,SVR-RBF,30,0.2684692181583922,1.504641749761053,0.7700423468075821,103.0,1.233009708737864,103 support vectors (of 127 training points),"{'C': 10, 'epsilon': 0.05, 'gamma': 'scale'}"
957,rfe_ridge,ElasticNetCV,30,0.2662022739600417,1.5069713170962507,0.8518854715050087,31.0,4.096774193548387,linear coefficients + intercept,{}
958,lasso,NuSVR,30,0.265327752704716,1.507869034533637,0.76297912825414,127.0,1.0,127 support vectors (of 127 training points),"{'C': 10, 'nu': 0.7}"
959,mutual_info,NuSVR,30,0.2555844507065558,1.5178348616827904,0.787994035603717,112.0,1.1339285714285714,112 support vectors (of 127 training points),"{'C': 1, 'nu': 0.7}"
960,rf_importance,OrthogonalMatchingPursuitCV,30,0.2526715316638388,1.5208016275710339,1.0558903383829839,31.0,4.096774193548387,linear coefficients + intercept,{}
961,rfe_ridge,LassoCV,30,0.2521195149277682,1.52136319655783,0.8532995032528277,31.0,4.096774193548387,linear coefficients + intercept,{}
962,f_regression,KNN,30,0.245694720919703,1.527883986159112,0.7688050399938858,127.0,1.0,non-parametric: stores all 127 training points,"{'n_neighbors': 3, 'weights': 'distance'}"
963,correlation,KNN,30,0.2456947209197029,1.527883986159112,0.7688050399938862,127.0,1.0,non-parametric: stores all 127 training points,"{'n_neighbors': 3, 'weights': 'distance'}"
964,lasso,ExtraTrees-tiny,30,0.24500946994927808,1.5285778340859573,0.9223423830346705,1056.0,0.12026515151515152,"100 trees, 1056 total nodes","{'max_depth': 3, 'min_samples_leaf': 10, 'n_estimators': 100}"
965,rf_importance,LassoLarsCV,30,0.2433796821602241,1.530226804753649,0.9364552641012547,31.0,4.096774193548387,linear coefficients + intercept,{}
966,lasso,OrthogonalMatchingPursuit,30,0.2412013816228531,1.5324279736305138,1.0300327197595138,31.0,4.096774193548387,linear coefficients + intercept,{'n_nonzero_coefs': 8}
967,rfe_ridge,PassiveAggressiveRegressor,30,0.23955068305993543,1.5340938981393288,0.8826656457494355,31.0,4.096774193548387,linear coefficients + intercept,{'C': 1}
968,rfe_ridge,LassoLarsCV,30,0.2386486018587215,1.5350035360820216,0.8580092877967652,31.0,4.096774193548387,linear coefficients + intercept,{}
969,rfe_ridge,LinearRegression,30,0.23789914932147893,1.5357588570340934,0.8582708275099276,31.0,4.096774193548387,linear coefficients + intercept,{}
970,mutual_info,AdaBoost-tiny,30,0.23327015384389038,1.540415890563116,0.9689163519076701,334.0,0.38023952095808383,"50 trees, 334 total nodes","{'learning_rate': 0.5, 'n_estimators': 50}"
971,mutual_info,ExtraTree-tiny,30,0.2274753542500627,1.5462260196735478,0.9844437768781465,15.0,8.466666666666667,"single tree, 15 nodes","{'max_depth': 4, 'min_samples_leaf': 5}"
972,rfe_ridge,AdaBoost-tiny,30,0.22218557409314943,1.5515107972868398,1.0054435002435327,300.0,0.42333333333333334,"44 trees, 300 total nodes","{'learning_rate': 0.5, 'n_estimators': 50}"
973,rfe_ridge,LassoLarsIC,30,0.21131038600840213,1.5623195465211155,0.8298590789582382,31.0,4.096774193548387,linear coefficients + intercept,{}
974,f_regression,OrthogonalMatchingPursuit,30,0.20438070280865073,1.5691680596777595,1.0245589565614672,31.0,4.096774193548387,linear coefficients + intercept,{'n_nonzero_coefs': 10}
975,correlation,OrthogonalMatchingPursuit,30,0.20438070280865073,1.5691680596777595,1.0245589565614672,31.0,4.096774193548387,linear coefficients + intercept,{'n_nonzero_coefs': 10}
976,f_regression,AdaBoost-tiny,30,0.2035563392438623,1.5699807788254059,1.0694143312108084,186.0,0.6827956989247311,"30 trees, 186 total nodes","{'learning_rate': 0.05, 'n_estimators': 30}"
977,rfe_ridge,SGDRegressor,30,0.2015168955790677,1.5719896090619476,0.8772987363310899,31.0,4.096774193548387,linear coefficients + intercept,"{'alpha': 0.01, 'penalty': 'l2'}"
978,correlation,ExtraTree-tiny,30,0.1953185566046004,1.5780792108228043,1.0004290239889784,15.0,8.466666666666667,"single tree, 15 nodes","{'max_depth': 4, 'min_samples_leaf': 10}"
979,rfe_ridge,OrthogonalMatchingPursuit,30,0.1947935511032024,1.578593927038601,1.0391255802322859,31.0,4.096774193548387,linear coefficients + intercept,{'n_nonzero_coefs': 10}
980,rf_importance,AdaBoost-tiny,30,0.1929041834970998,1.5804448788617864,1.015005752781905,328.0,0.3871951219512195,"50 trees, 328 total nodes","{'learning_rate': 0.05, 'n_estimators': 50}"
981,correlation,DecisionTree-tiny,30,0.19051807483655148,1.5827793786859072,0.9884295066445777,13.0,9.76923076923077,"single tree, 13 nodes","{'max_depth': 4, 'min_samples_leaf': 10}"
982,f_regression,DecisionTree-tiny,30,0.18289599025813652,1.5902136474377446,1.0000905327857297,13.0,9.76923076923077,"single tree, 13 nodes","{'max_depth': 4, 'min_samples_leaf': 10}"
983,rfe_ridge,PLS,30,0.18065466514509898,1.5923931404625302,0.910296619787388,8.0,15.875,7 latent components (true PLS dimensionality),{'n_components': 7}
984,mutual_info,DecisionTree-tiny,30,0.17100459733305384,1.6017431173529801,0.9174143765261622,13.0,9.76923076923077,"single tree, 13 nodes","{'max_depth': 4, 'min_samples_leaf': 10}"
985,correlation,AdaBoost-tiny,30,0.1653360369467306,1.607210041028974,1.051743938055537,71.0,1.7887323943661972,"11 trees, 71 total nodes","{'learning_rate': 0.5, 'n_estimators': 30}"
986,rfe_ridge,DecisionTree-tiny,30,0.1448981863853782,1.6267683685316232,0.8994367700259924,9.0,14.11111111111111,"single tree, 9 nodes","{'max_depth': 3, 'min_samples_leaf': 10}"
987,lasso,AdaBoost-tiny,30,0.1292148739390916,1.6416187604055925,1.0706143389129648,198.0,0.6414141414141414,"30 trees, 198 total nodes","{'learning_rate': 0.05, 'n_estimators': 30}"
988,rfe_ridge,ExtraTree-tiny,30,0.1230362547157885,1.6474324842974175,1.0428983254096327,13.0,9.76923076923077,"single tree, 13 nodes","{'max_depth': 4, 'min_samples_leaf': 10}"
989,lasso,LassoCV,30,0.11888557802429578,1.6513265379063593,1.1009497580182084,31.0,4.096774193548387,linear coefficients + intercept,{}
990,lasso,LassoLarsCV,30,0.11751029354339293,1.6526147691547877,1.101087271788832,31.0,4.096774193548387,linear coefficients + intercept,{}
991,mutual_info,LassoCV,30,0.11517571171181407,1.6547992796999895,1.0814866969188106,31.0,4.096774193548387,linear coefficients + intercept,{}
992,mutual_info,LassoLarsCV,30,0.11481131933155841,1.6551399881247968,1.0820522579998586,31.0,4.096774193548387,linear coefficients + intercept,{}
993,lasso,ElasticNetCV,30,0.11333607167958848,1.6565186348106211,1.1109133881600273,31.0,4.096774193548387,linear coefficients + intercept,{}
994,lasso,KNN,30,0.10146476606783883,1.6675711051111222,0.7844472158366242,127.0,1.0,non-parametric: stores all 127 training points,"{'n_neighbors': 5, 'weights': 'distance'}"
995,rfe_ridge,LarsCV,30,0.10002376020934767,1.668907734428301,1.1090560735169506,31.0,4.096774193548387,linear coefficients + intercept,{}
996,rf_importance,DecisionTree-tiny,30,0.09354910759137514,1.6749002442368681,0.9099148221902045,19.0,6.684210526315789,"single tree, 19 nodes","{'max_depth': 4, 'min_samples_leaf': 5}"
997,rf_importance,Lasso,30,0.0919447642164174,1.6763818066640364,1.1094062298744736,31.0,4.096774193548387,linear coefficients + intercept,{'alpha': 0.01}
998,rf_importance,LassoLars,30,0.09186922114343865,1.6764515361223538,1.1094319276401348,31.0,4.096774193548387,linear coefficients + intercept,{'alpha': 0.01}
999,mutual_info,ElasticNetCV,30,0.09062997398956718,1.6775950000195452,1.1062496182108628,31.0,4.096774193548387,linear coefficients + intercept,{}
1000,mutual_info,LarsCV,30,0.08392923617103065,1.6837643767247048,1.107822128522281,31.0,4.096774193548387,linear coefficients + intercept,{}
1001,lasso,LassoLars,30,0.07100556411579984,1.6955998203564637,1.1342801076824482,31.0,4.096774193548387,linear coefficients + intercept,{'alpha': 1}
1002,lasso,Lasso,30,0.07100517709754306,1.6956001735491164,1.134283473954714,31.0,4.096774193548387,linear coefficients + intercept,{'alpha': 1}
1003,lasso,ElasticNet,30,0.065860880388247,1.700288374214195,1.140349167888955,31.0,4.096774193548387,linear coefficients + intercept,"{'alpha': 1, 'l1_ratio': 0.8}"
1004,f_regression,OrthogonalMatchingPursuitCV,30,0.05998341134269791,1.7056289718241149,1.0999624972242728,31.0,4.096774193548387,linear coefficients + intercept,{}
1005,correlation,OrthogonalMatchingPursuitCV,30,0.05998341134269791,1.7056289718241149,1.0999624972242728,31.0,4.096774193548387,linear coefficients + intercept,{}
1006,lasso,OrthogonalMatchingPursuitCV,30,0.05860588301734515,1.7068782540728187,1.116363233783388,31.0,4.096774193548387,linear coefficients + intercept,{}
1007,f_regression,LassoLars,30,0.05624975282814504,1.7090129148452795,1.1305569548607535,31.0,4.096774193548387,linear coefficients + intercept,{'alpha': 1}
1008,correlation,LassoLars,30,0.05624975282814482,1.7090129148452797,1.1305569548607537,31.0,4.096774193548387,linear coefficients + intercept,{'alpha': 1}
1009,correlation,Lasso,30,0.05623054240790726,1.7090303085833551,1.130557109189308,31.0,4.096774193548387,linear coefficients + intercept,{'alpha': 1}
1010,f_regression,Lasso,30,0.05619716077385928,1.7090605329773605,1.1305863166255032,31.0,4.096774193548387,linear coefficients + intercept,{'alpha': 1}
1011,rfe_ridge,OrthogonalMatchingPursuitCV,30,0.03474881298285937,1.7283710274250939,1.132999581228779,31.0,4.096774193548387,linear coefficients + intercept,{}
1012,rf_importance,ExtraTree-tiny,30,0.02348518723732429,1.7384260581026616,1.0921368753635443,9.0,14.11111111111111,"single tree, 9 nodes","{'max_depth': 3, 'min_samples_leaf': 10}"
1013,mutual_info,ElasticNet,30,0.019530421796389974,1.7419427075537668,1.1578686117490147,31.0,4.096774193548387,linear coefficients + intercept,"{'alpha': 1, 'l1_ratio': 0.8}"
1014,mutual_info,LassoLars,30,0.01532919708612146,1.7456707528202724,1.168331902016652,31.0,4.096774193548387,linear coefficients + intercept,{'alpha': 1}
1015,mutual_info,Lasso,30,0.015320502445652195,1.745678459937221,1.1683288786679744,31.0,4.096774193548387,linear coefficients + intercept,{'alpha': 1}
1016,lasso,DecisionTree-tiny,30,-0.005267940555792494,1.7638340480160266,1.1333573034214273,9.0,14.11111111111111,"single tree, 9 nodes","{'max_depth': 3, 'min_samples_leaf': 10}"
1017,lasso,ExtraTree-tiny,30,-0.017585861392894087,1.7746076017310675,1.0974849879581492,13.0,9.76923076923077,"single tree, 13 nodes","{'max_depth': 4, 'min_samples_leaf': 10}"
1018,rf_importance,Dummy-baseline,30,-0.032840624280813024,1.78785980755922,1.207399200034971,1.0,127.0,constant baseline,{}
1019,correlation,Dummy-baseline,30,-0.032840624280813024,1.78785980755922,1.207399200034971,1.0,127.0,constant baseline,{}
1020,rfe_ridge,Dummy-baseline,30,-0.032840624280813024,1.78785980755922,1.207399200034971,1.0,127.0,constant baseline,{}
1021,f_regression,Dummy-baseline,30,-0.032840624280813024,1.78785980755922,1.207399200034971,1.0,127.0,constant baseline,{}
1022,lasso,Dummy-baseline,30,-0.032840624280813024,1.78785980755922,1.207399200034971,1.0,127.0,constant baseline,{}
1023,mutual_info,Dummy-baseline,30,-0.032840624280813024,1.78785980755922,1.207399200034971,1.0,127.0,constant baseline,{}
1024,rf_importance,KernelRidge,30,-0.21963951833226258,1.9428199273756621,0.8758696594387367,41.02701513592514,3.0955213188003277,krr_effective_dof: trace(K(K+alpha*I)^-1),"{'alpha': 0.1, 'gamma': 0.01}"
1025,mutual_info,KernelRidge,30,-0.3061268688984875,2.0105250441290448,0.9776972428363414,15.930860179580272,7.971948693817866,krr_effective_dof: trace(K(K+alpha*I)^-1),"{'alpha': 1, 'gamma': 0.01}"
1026,f_regression,KernelRidge,30,-0.3228216594568667,2.0233334160646206,0.9330423023557606,44.884513075610634,2.829483741665214,krr_effective_dof: trace(K(K+alpha*I)^-1),"{'alpha': 0.1, 'gamma': 0.01}"
1027,correlation,KernelRidge,30,-0.32282165945686714,2.023333416064621,0.9330423023557609,44.88451307561067,2.8294837416652117,krr_effective_dof: trace(K(K+alpha*I)^-1),"{'alpha': 0.1, 'gamma': 0.01}"
1028,lasso,KernelRidge,30,-0.4720189593180135,2.1343886720888277,1.0949621462684611,42.51639869911375,2.9870827230399293,krr_effective_dof: trace(K(K+alpha*I)^-1),"{'alpha': 0.1, 'gamma': 0.01}"
1029,rfe_ridge,SmallMLP,30,-1.7135204666766972,2.897899742351475,1.8281124475991277,129.0,0.9844961240310077,"layers (4,)","{'alpha': 0.1, 'hidden_layer_sizes': (4,)}"
1030,lasso,LarsCV,30,-1.8667645853868455,2.9786043597909573,1.57866815926635,31.0,4.096774193548387,linear coefficients + intercept,{}
1031,correlation,HuberRegressor,30,-3.059398966520158,3.5444403658340495,1.1957430534431204,31.0,4.096774193548387,linear coefficients + intercept,"{'alpha': 0.1, 'epsilon': 1.5}"
1032,f_regression,HuberRegressor,30,-3.0646741176731656,3.5467426017668733,1.1959515984232192,31.0,4.096774193548387,linear coefficients + intercept,"{'alpha': 0.1, 'epsilon': 1.5}"
1033,rf_importance,LarsCV,30,-5.441383377455508,4.464844926992792,1.5046746395809338,31.0,4.096774193548387,linear coefficients + intercept,{}
1034,f_regression,LarsCV,30,-7.244183201232273,5.051154150858036,1.5025963991265794,31.0,4.096774193548387,linear coefficients + intercept,{}
1035,correlation,LarsCV,30,-7.244183201232296,5.051154150858043,1.5025963991265798,31.0,4.096774193548387,linear coefficients + intercept,{}
1036,rf_importance,LassoLarsIC,30,-8.08835409253947,5.3034615566215395,1.3178788414412608,31.0,4.096774193548387,linear coefficients + intercept,{}
1037,f_regression,LinearSVR,30,-14.06760387827168,6.828713663414781,1.5436825092109572,31.0,4.096774193548387,linear coefficients + intercept,"{'C': 10, 'epsilon': 0.01}"
1038,correlation,LinearSVR,30,-14.067603878272461,6.828713663414959,1.5436825092109767,31.0,4.096774193548387,linear coefficients + intercept,"{'C': 10, 'epsilon': 0.01}"
1039,f_regression,ElasticNet,30,-18.02223168421199,7.672688006983912,1.7600915697103632,31.0,4.096774193548387,linear coefficients + intercept,"{'alpha': 1, 'l1_ratio': 0.8}"
1040,correlation,ElasticNet,30,-18.070323907901603,7.682380973167826,1.761054340531504,31.0,4.096774193548387,linear coefficients + intercept,"{'alpha': 1, 'l1_ratio': 0.8}"
1041,rf_importance,RANSACRegressor,30,-18.288530017381866,7.726207560946172,2.10361796693295,31.0,4.096774193548387,RANSAC inlier-fitted LinearRegression,{}
1042,rf_importance,LinearRegression,30,-19.198936165918855,7.906441352369531,1.7533163847786593,31.0,4.096774193548387,linear coefficients + intercept,{}
1043,rf_importance,ElasticNetCV,30,-24.03009039926473,8.801324115712719,1.8011234211900489,31.0,4.096774193548387,linear coefficients + intercept,{}
1044,correlation,RANSACRegressor,30,-28.169968011353053,9.50133830550318,2.038526701224755,31.0,4.096774193548387,RANSAC inlier-fitted LinearRegression,{}
1045,f_regression,RANSACRegressor,30,-28.169968011354037,9.501338305503342,2.0385267012247694,31.0,4.096774193548387,RANSAC inlier-fitted LinearRegression,{}
1046,lasso,LassoLarsIC,30,-41.97866470936088,11.5330258291564,2.0781273270478695,31.0,4.096774193548387,linear coefficients + intercept,{}
1047,rf_importance,LinearSVR,30,-48.11267893269681,12.3285958932788,2.1459934980461317,31.0,4.096774193548387,linear coefficients + intercept,"{'C': 10, 'epsilon': 0.1}"
1048,correlation,TweedieRegressor,30,-62.171671219988035,13.982279803166394,2.2995628455093327,31.0,4.096774193548387,linear coefficients + intercept,{'alpha': 1}
1049,f_regression,TweedieRegressor,30,-62.17167121998803,13.982279803166394,2.299562845509328,31.0,4.096774193548387,linear coefficients + intercept,{'alpha': 1}
1050,rf_importance,ElasticNet,30,-67.10065649023123,14.5175207260536,2.312812815066894,31.0,4.096774193548387,linear coefficients + intercept,"{'alpha': 0.01, 'l1_ratio': 0.8}"
1051,rf_importance,HuberRegressor,30,-72.21885138356159,15.05318022509757,2.4048305861291577,31.0,4.096774193548387,linear coefficients + intercept,"{'alpha': 0.1, 'epsilon': 1.5}"
1052,rf_importance,PassiveAggressiveRegressor,30,-82.19536168402331,16.045984285081847,2.6676259515175373,31.0,4.096774193548387,linear coefficients + intercept,{'C': 1}
1053,lasso,LinearSVR,30,-87.45003510649553,16.544963381090504,2.553880569997399,31.0,4.096774193548387,linear coefficients + intercept,"{'C': 10, 'epsilon': 0.1}"
1054,lasso,TweedieRegressor,30,-88.64154517953214,16.656029158821806,2.592923240825371,31.0,4.096774193548387,linear coefficients + intercept,{'alpha': 1}
1055,correlation,Ridge,30,-89.63631078605799,16.74819140052336,2.5511333548094504,31.0,4.096774193548387,linear coefficients + intercept,{'alpha': 50}
1056,f_regression,Ridge,30,-89.63631078605806,16.748191400523368,2.5511333548094504,31.0,4.096774193548387,linear coefficients + intercept,{'alpha': 50}
1057,lasso,LinearRegression,30,-91.50139265195772,16.919633097088205,2.857305788336315,31.0,4.096774193548387,linear coefficients + intercept,{}
1058,lasso,PassiveAggressiveRegressor,30,-93.82343193669467,17.130681487955354,2.783253366405728,31.0,4.096774193548387,linear coefficients + intercept,{'C': 0.1}
1059,lasso,BayesianRidge,30,-109.09244657090099,18.45846434604069,2.795082759266969,31.0,4.096774193548387,linear coefficients + intercept,{}
1060,correlation,RidgeCV,30,-110.86341846370084,18.606335553647835,2.7312617494875147,31.0,4.096774193548387,linear coefficients + intercept,{}
1061,f_regression,RidgeCV,30,-110.86341846370846,18.606335553648467,2.7312617494875786,31.0,4.096774193548387,linear coefficients + intercept,{}
1062,lasso,SGDRegressor,30,-111.32225326339321,18.64445569109134,2.8619825899898355,31.0,4.096774193548387,linear coefficients + intercept,"{'alpha': 0.01, 'penalty': 'l2'}"
1063,f_regression,BayesianRidge,30,-115.37533867570126,18.977862005253186,2.7742046849520725,31.0,4.096774193548387,linear coefficients + intercept,{}
1064,correlation,BayesianRidge,30,-115.3753386757016,18.977862005253215,2.7742046849520756,31.0,4.096774193548387,linear coefficients + intercept,{}
1065,rf_importance,BayesianRidge,30,-119.84856488798877,19.339157669702363,2.7323483288718884,31.0,4.096774193548387,linear coefficients + intercept,{}
1066,lasso,Ridge,30,-122.86122782509777,19.578729034030967,2.8799969935038185,31.0,4.096774193548387,linear coefficients + intercept,{'alpha': 50}
1067,rf_importance,Ridge,30,-128.53634618757783,20.022238342830875,2.81617433343289,31.0,4.096774193548387,linear coefficients + intercept,{'alpha': 1}
1068,rf_importance,RidgeCV,30,-128.62389315806328,20.029003201843008,2.8049671513565198,31.0,4.096774193548387,linear coefficients + intercept,{}
1069,rf_importance,TweedieRegressor,30,-129.24721042257593,20.077101784681457,2.834743358832857,31.0,4.096774193548387,linear coefficients + intercept,{'alpha': 0.1}
1070,f_regression,SGDRegressor,30,-129.78274430889712,20.118334678766995,2.909815740150522,31.0,4.096774193548387,linear coefficients + intercept,"{'alpha': 0.01, 'penalty': 'l2'}"
1071,correlation,SGDRegressor,30,-129.78274430889712,20.118334678766995,2.909815740150522,31.0,4.096774193548387,linear coefficients + intercept,"{'alpha': 0.01, 'penalty': 'l2'}"
1072,lasso,PLS,30,-153.99945773786735,21.901905201626924,3.154527520326278,6.0,21.166666666666668,5 latent components (true PLS dimensionality),{'n_components': 5}
1073,correlation,PLS,30,-157.75553928247717,22.165689702783126,3.141150542166131,4.0,31.75,3 latent components (true PLS dimensionality),{'n_components': 3}
1074,f_regression,PLS,30,-157.7555392824774,22.165689702783144,3.141150542166132,4.0,31.75,3 latent components (true PLS dimensionality),{'n_components': 3}
1075,rf_importance,SGDRegressor,30,-164.71083168457577,22.64603915957607,3.0856727878376438,31.0,4.096774193548387,linear coefficients + intercept,"{'alpha': 0.01, 'penalty': 'elasticnet'}"
1076,rf_importance,PLS,30,-177.3591441590835,23.494407403582617,3.1740937221219943,8.0,15.875,7 latent components (true PLS dimensionality),{'n_components': 7}
1077,correlation,PassiveAggressiveRegressor,30,-326.46681859222315,31.834677582710075,4.055354006045934,31.0,4.096774193548387,linear coefficients + intercept,{'C': 0.1}
1078,f_regression,PassiveAggressiveRegressor,30,-326.46681859222355,31.834677582710096,4.0553540060459365,31.0,4.096774193548387,linear coefficients + intercept,{'C': 0.1}
1079,mutual_info,TweedieRegressor,30,-367.92004376928344,33.78959070762694,4.195067222560965,31.0,4.096774193548387,linear coefficients + intercept,{'alpha': 0.01}
1080,lasso,RidgeCV,30,-377.22909085244635,34.2132451975449,4.369157464359236,31.0,4.096774193548387,linear coefficients + intercept,{}
1081,mutual_info,Ridge,30,-381.0687111387634,34.38646582295159,4.240144583034117,31.0,4.096774193548387,linear coefficients + intercept,{'alpha': 1}
1082,lasso,HuberRegressor,30,-419.41694093349696,36.07089426182937,4.471678733900036,31.0,4.096774193548387,linear coefficients + intercept,"{'alpha': 0.1, 'epsilon': 1.5}"
1083,mutual_info,BayesianRidge,30,-477.6495270997678,38.488024694978115,4.612724777580986,31.0,4.096774193548387,linear coefficients + intercept,{}
1084,mutual_info,LinearSVR,30,-482.8945928324158,38.698326999720386,4.603477610089417,31.0,4.096774193548387,linear coefficients + intercept,"{'C': 10, 'epsilon': 0.1}"
1085,mutual_info,SGDRegressor,30,-492.55716686360444,39.08278799050756,4.683466254432168,31.0,4.096774193548387,linear coefficients + intercept,"{'alpha': 0.01, 'penalty': 'l2'}"
1086,correlation,ElasticNetCV,30,-559.1301691309079,41.63526065391595,4.965817852563373,31.0,4.096774193548387,linear coefficients + intercept,{}
1087,f_regression,ElasticNetCV,30,-561.4908691148646,41.722905474510334,4.9744859648867275,31.0,4.096774193548387,linear coefficients + intercept,{}
1088,mutual_info,PLS,30,-564.2767258030314,41.82609868033483,4.985377622890227,8.0,15.875,7 latent components (true PLS dimensionality),{'n_components': 7}
1089,correlation,LassoCV,30,-611.4834271966461,43.537549016199144,5.14342546238242,31.0,4.096774193548387,linear coefficients + intercept,{}
1090,f_regression,LassoCV,30,-614.1081020767583,43.630735007398705,5.152484579386598,31.0,4.096774193548387,linear coefficients + intercept,{}
1091,mutual_info,HuberRegressor,30,-617.6039787889664,43.75454378705303,5.127980821230549,31.0,4.096774193548387,linear coefficients + intercept,"{'alpha': 0.1, 'epsilon': 1.2}"
1092,mutual_info,RANSACRegressor,30,-644.8598429229025,44.708072525873035,6.581157528832126,31.0,4.096774193548387,RANSAC inlier-fitted LinearRegression,{}
1093,correlation,LassoLarsCV,30,-651.1387968482939,44.924869519551905,5.280553893406019,31.0,4.096774193548387,linear coefficients + intercept,{}
1094,f_regression,LassoLarsCV,30,-651.1387968482971,44.92486951955202,5.280553893406029,31.0,4.096774193548387,linear coefficients + intercept,{}
1095,lasso,SmallMLP,30,-660.8453840672922,45.25797076998532,6.0441412497697895,65.0,1.9538461538461538,"layers (2,)","{'alpha': 1.0, 'hidden_layer_sizes': (2,)}"
1096,correlation,LinearRegression,30,-705.7317797548626,46.76749579278284,5.633651537251712,31.0,4.096774193548387,linear coefficients + intercept,{}
1097,f_regression,LinearRegression,30,-705.7317797548667,46.767495792782974,5.633651537251724,31.0,4.096774193548387,linear coefficients + intercept,{}
1098,mutual_info,PassiveAggressiveRegressor,30,-946.612308478936,54.1542009320446,6.4731998920406335,31.0,4.096774193548387,linear coefficients + intercept,{'C': 0.1}
1099,mutual_info,RidgeCV,30,-1107.14654593579,58.56193308508305,6.629805892578793,31.0,4.096774193548387,linear coefficients + intercept,{}
1100,mutual_info,OrthogonalMatchingPursuitCV,30,-1169.650738493375,60.19085011300898,6.830448841697505,31.0,4.096774193548387,linear coefficients + intercept,{}
1101,mutual_info,LinearRegression,30,-1174.5283125836406,60.316113843396685,6.830614113713855,31.0,4.096774193548387,linear coefficients + intercept,{}
1102,mutual_info,LassoLarsIC,30,-1245.6903426175336,62.114944726334194,6.9638858498237575,31.0,4.096774193548387,linear coefficients + intercept,{}
1103,correlation,SmallMLP,30,-1570.3415237882543,69.73520775001607,8.469564244267211,257.0,0.49416342412451364,"layers (8,)","{'alpha': 1.0, 'hidden_layer_sizes': (8,)}"
1104,rfe_ridge,RANSACRegressor,30,-2040.2665889052164,79.48161244168286,11.900038156981418,31.0,4.096774193548387,RANSAC inlier-fitted LinearRegression,{}
1105,rf_importance,SmallMLP,30,-2311.492430215162,84.59739018871129,10.092558681345931,257.0,0.49416342412451364,"layers (8,)","{'alpha': 0.1, 'hidden_layer_sizes': (8,)}"
1106,mutual_info,OrthogonalMatchingPursuit,30,-2510.212345303025,88.15734948515984,9.547824779491782,31.0,4.096774193548387,linear coefficients + intercept,{'n_nonzero_coefs': 10}
1107,mutual_info,SmallMLP,30,-2763.616487729613,92.49840677043575,10.341189199332447,129.0,0.9844961240310077,"layers (4,)","{'alpha': 0.1, 'hidden_layer_sizes': (4,)}"
1108,f_regression,SmallMLP,30,-6122.869658625218,137.6669766174181,15.026552419663078,129.0,0.9844961240310077,"layers (4,)","{'alpha': 1.0, 'hidden_layer_sizes': (4,)}"
1109,lasso,RANSACRegressor,30,-14083.049561806829,208.7760025243686,22.399647337174223,31.0,4.096774193548387,RANSAC inlier-fitted LinearRegression,{}
