,feature_method,model,n_features,R2,RMSE,MAE,n_params,samples_per_param,param_note,best_params
0,rf_importance,LightGBM-tiny,10,0.9184258888211985,0.4899717793684333,0.2681284998201283,674.0,0.1884272997032641,"100 boosting trees, ~674 total nodes (leaf-based estimate)","{'learning_rate': 0.1, 'max_depth': 2, 'n_estimators': 100, 'num_leaves': 7}"
1,rf_importance,KNN,10,0.9140170877168946,0.5030382012586486,0.2425628402434199,127.0,1.0,non-parametric: stores all 127 training points,"{'n_neighbors': 3, 'weights': 'distance'}"
2,f_regression,LightGBM-tiny,10,0.909636682815247,0.5156926888577178,0.3056919536929419,1116.0,0.11379928315412187,"100 boosting trees, ~1116 total nodes (leaf-based estimate)","{'learning_rate': 0.1, 'max_depth': 3, 'n_estimators': 100, 'num_leaves': 7}"
3,f_regression,GradientBoosting-tiny,10,0.9093342445863917,0.5165549574515105,0.2702854856838255,694.0,0.1829971181556196,"100 stages, 694 total nodes","{'learning_rate': 0.1, 'max_depth': 2, 'n_estimators': 100}"
4,rf_importance,NuSVR,10,0.9055496024994167,0.527225960525975,0.2238931216924096,100.0,1.27,100 support vectors (of 127 training points),"{'C': 50, 'nu': 0.5}"
5,rf_importance,SVR-RBF,10,0.904845599412653,0.529187199630846,0.22989381918083568,60.0,2.1166666666666667,60 support vectors (of 127 training points),"{'C': 50, 'epsilon': 0.1, 'gamma': 0.1}"
6,correlation,KNN,10,0.9034778502192391,0.532976897897511,0.3228143461132124,127.0,1.0,non-parametric: stores all 127 training points,"{'n_neighbors': 7, 'weights': 'uniform'}"
7,f_regression,KNN,10,0.9034778502192391,0.532976897897511,0.3228143461132124,127.0,1.0,non-parametric: stores all 127 training points,"{'n_neighbors': 7, 'weights': 'uniform'}"
8,correlation,SVR-RBF,10,0.9018724378571877,0.5373910094764384,0.29461617668928036,101.0,1.2574257425742574,101 support vectors (of 127 training points),"{'C': 50, 'epsilon': 0.05, 'gamma': 0.1}"
9,f_regression,SVR-RBF,10,0.9018724378571873,0.5373910094764396,0.29461617668928186,101.0,1.2574257425742574,101 support vectors (of 127 training points),"{'C': 50, 'epsilon': 0.05, 'gamma': 0.1}"
10,correlation,NuSVR,10,0.9006114381042771,0.540832890316695,0.29500968994710136,125.0,1.016,125 support vectors (of 127 training points),"{'C': 50, 'nu': 0.7}"
11,f_regression,NuSVR,10,0.9006114381042764,0.5408328903166971,0.2950096899471035,125.0,1.016,125 support vectors (of 127 training points),"{'C': 50, 'nu': 0.7}"
12,rf_importance,GaussianProcess,10,0.9003548861675731,0.5415304670706816,0.26694074230616227,30.779056239081875,4.126182395376407,gp_effective_dof: trace(K(K+sigma^2*I)^-1),"{'kernel': 1**2 * Matern(length_scale=1, nu=1.5) + WhiteKernel(noise_level=0.5)}"
13,correlation,GaussianProcess,10,0.8977410007402431,0.5485871882382307,0.327485324194911,34.530934654990844,3.677861641131233,gp_effective_dof: trace(K(K+sigma^2*I)^-1),"{'kernel': 1**2 * Matern(length_scale=1, nu=1.5) + WhiteKernel(noise_level=0.5)}"
14,f_regression,GaussianProcess,10,0.8977410007399904,0.5485871882389085,0.3274853241975829,34.53093465499086,3.6778616411312317,gp_effective_dof: trace(K(K+sigma^2*I)^-1),"{'kernel': 1**2 * Matern(length_scale=1, nu=1.5) + WhiteKernel(noise_level=0.5)}"
15,rf_importance,Bagging-tiny,10,0.8956689143127066,0.5541173582677575,0.3035042807761954,750.0,0.16933333333333334,"50 trees, 750 total nodes","{'max_samples': 1.0, 'n_estimators': 50}"
16,rf_importance,GradientBoosting-tiny,10,0.8947053236418481,0.5566703611223989,0.2647994635859922,688.0,0.18459302325581395,"100 stages, 688 total nodes","{'learning_rate': 0.1, 'max_depth': 2, 'n_estimators': 100}"
17,correlation,GradientBoosting-tiny,10,0.8928721061154407,0.5614953643490802,0.2856124059050572,694.0,0.1829971181556196,"100 stages, 694 total nodes","{'learning_rate': 0.1, 'max_depth': 2, 'n_estimators': 100}"
18,correlation,HistGradientBoosting-tiny,10,0.8915470691558555,0.5649571874569095,0.3341987960523426,578.0,0.21972318339100347,"100 stages, 578 total nodes","{'learning_rate': 0.05, 'max_depth': 2, 'min_samples_leaf': 20}"
19,rfe_ridge,NuSVR,10,0.891432262661787,0.565256135569389,0.2947650229056599,120.0,1.0583333333333333,120 support vectors (of 127 training points),"{'C': 10, 'nu': 0.7}"
20,f_regression,Bagging-tiny,10,0.8911223106882831,0.5660624404174819,0.3483007848271881,750.0,0.16933333333333334,"50 trees, 750 total nodes","{'max_samples': 1.0, 'n_estimators': 50}"
21,rfe_ridge,SVR-RBF,10,0.8904878607598976,0.5677093186944477,0.2955086524722528,100.0,1.27,100 support vectors (of 127 training points),"{'C': 10, 'epsilon': 0.05, 'gamma': 'scale'}"
22,rf_importance,DecisionTree-tiny,10,0.8897631856268966,0.5695845741399003,0.3116155737876238,23.0,5.521739130434782,"single tree, 23 nodes","{'max_depth': 4, 'min_samples_leaf': 5}"
23,correlation,RandomForest-tiny,10,0.8851303128434153,0.5814302337092072,0.3445959977812658,1342.0,0.09463487332339791,"100 trees, 1342 total nodes","{'max_depth': 3, 'min_samples_leaf': 3, 'n_estimators': 100}"
24,f_regression,HistGradientBoosting-tiny,10,0.8839853743346567,0.5843206884821934,0.33612554820162943,578.0,0.21972318339100347,"100 stages, 578 total nodes","{'learning_rate': 0.05, 'max_depth': 2, 'min_samples_leaf': 20}"
25,correlation,AdaBoost-tiny,10,0.8827726163889266,0.5873668442195823,0.4371545320949802,210.0,0.6047619047619047,"30 trees, 210 total nodes","{'learning_rate': 0.5, 'n_estimators': 30}"
26,rf_importance,AdaBoost-tiny,10,0.8824959546581496,0.5880595414281389,0.4306562699783618,350.0,0.3628571428571429,"50 trees, 350 total nodes","{'learning_rate': 0.5, 'n_estimators': 50}"
27,rf_importance,HistGradientBoosting-tiny,10,0.8807450596666181,0.5924245965057048,0.30448304800933645,800.0,0.15875,"100 stages, 800 total nodes","{'learning_rate': 0.05, 'max_depth': 3, 'min_samples_leaf': 20}"
28,rfe_ridge,GradientBoosting-tiny,10,0.8801214560647144,0.5939715194539342,0.32769699283665804,1262.0,0.10063391442155309,"100 stages, 1262 total nodes","{'learning_rate': 0.1, 'max_depth': 3, 'n_estimators': 100}"
29,rf_importance,RandomForest-tiny,10,0.879521402801054,0.5954562290637572,0.31170569788090496,2686.0,0.047282204020848845,"200 trees, 2686 total nodes","{'max_depth': 3, 'min_samples_leaf': 3, 'n_estimators': 200}"
30,correlation,Bagging-tiny,10,0.8793761698940664,0.5958150222216344,0.36019359906970305,750.0,0.16933333333333334,"50 trees, 750 total nodes","{'max_samples': 1.0, 'n_estimators': 50}"
31,f_regression,RandomForest-tiny,10,0.8791162383691684,0.5964566357578215,0.34856819157275676,2686.0,0.047282204020848845,"200 trees, 2686 total nodes","{'max_depth': 3, 'min_samples_leaf': 3, 'n_estimators': 200}"
32,rfe_ridge,LightGBM-tiny,10,0.8771107403118938,0.601383981010782,0.36946415099424657,1026.0,0.12378167641325535,"100 boosting trees, ~1026 total nodes (leaf-based estimate)","{'learning_rate': 0.1, 'max_depth': 3, 'n_estimators': 100, 'num_leaves': 15}"
33,mutual_info,HistGradientBoosting-tiny,10,0.8749992530582933,0.6065284764577664,0.2787430332980135,620.0,0.20483870967741935,"100 stages, 620 total nodes","{'learning_rate': 0.1, 'max_depth': 2, 'min_samples_leaf': 10}"
34,rf_importance,ExtraTrees-tiny,10,0.874079239398218,0.6087564291005962,0.3779172627636281,2664.0,0.047672672672672674,"200 trees, 2664 total nodes","{'max_depth': 3, 'min_samples_leaf': 5, 'n_estimators': 200}"
35,correlation,LightGBM-tiny,10,0.8700395350767588,0.6184441985214143,0.3244968503113665,1116.0,0.11379928315412187,"100 boosting trees, ~1116 total nodes (leaf-based estimate)","{'learning_rate': 0.1, 'max_depth': 3, 'n_estimators': 100, 'num_leaves': 7}"
36,rfe_ridge,GaussianProcess,10,0.8696676222056714,0.6193284791271435,0.35477464106889395,30.19303984471342,4.206267426306754,gp_effective_dof: trace(K(K+sigma^2*I)^-1),"{'kernel': 1**2 * Matern(length_scale=1, nu=1.5) + WhiteKernel(noise_level=0.5)}"
37,correlation,ExtraTrees-tiny,10,0.8655850325988735,0.6289537447436495,0.43151709630520985,2546.0,0.04988216810683425,"200 trees, 2546 total nodes","{'max_depth': 3, 'min_samples_leaf': 5, 'n_estimators': 200}"
38,lasso,SVR-RBF,10,0.8649187070059767,0.6305107509673669,0.31032673405648065,75.0,1.6933333333333334,75 support vectors (of 127 training points),"{'C': 50, 'epsilon': 0.05, 'gamma': 0.1}"
39,f_regression,ExtraTrees-tiny,10,0.8642559919865815,0.632055515945952,0.43563725953971383,1284.0,0.09890965732087227,"100 trees, 1284 total nodes","{'max_depth': 3, 'min_samples_leaf': 5, 'n_estimators': 100}"
40,mutual_info,GradientBoosting-tiny,10,0.8619964488529662,0.6372942831613234,0.28253347503715553,332.0,0.3825301204819277,"50 stages, 332 total nodes","{'learning_rate': 0.1, 'max_depth': 2, 'n_estimators': 50}"
41,lasso,NuSVR,10,0.8605267629183286,0.6406787684075119,0.3025930229465808,119.0,1.0672268907563025,119 support vectors (of 127 training points),"{'C': 50, 'nu': 0.5}"
42,lasso,GradientBoosting-tiny,10,0.8563729275112288,0.6501492201152417,0.32909552460228286,1348.0,0.09421364985163205,"100 stages, 1348 total nodes","{'learning_rate': 0.1, 'max_depth': 3, 'n_estimators': 100}"
43,rf_importance,KernelRidge,10,0.8539129078277332,0.6556934027156455,0.44758527869740994,12.4253265254179,10.221059361313534,krr_effective_dof: trace(K(K+alpha*I)^-1),"{'alpha': 0.1, 'gamma': 0.01}"
44,rfe_ridge,HistGradientBoosting-tiny,10,0.8533958881878111,0.656852666499825,0.40696387838471126,520.0,0.24423076923076922,"100 stages, 520 total nodes","{'learning_rate': 0.1, 'max_depth': 2, 'min_samples_leaf': 20}"
45,lasso,Bagging-tiny,10,0.8526826330190087,0.6584485804798709,0.35989139183111235,296.0,0.42905405405405406,"20 trees, 296 total nodes","{'max_samples': 1.0, 'n_estimators': 20}"
46,mutual_info,LightGBM-tiny,10,0.851268105920596,0.6616022081265605,0.30547983621817726,654.0,0.19418960244648317,"100 boosting trees, ~654 total nodes (leaf-based estimate)","{'learning_rate': 0.1, 'max_depth': 2, 'n_estimators': 100, 'num_leaves': 7}"
47,f_regression,AdaBoost-tiny,10,0.849936445588238,0.6645574119940582,0.4646862384180371,210.0,0.6047619047619047,"30 trees, 210 total nodes","{'learning_rate': 0.5, 'n_estimators': 30}"
48,lasso,HistGradientBoosting-tiny,10,0.8494553569256036,0.6656218116992181,0.36239611463616717,1052.0,0.12072243346007605,"100 stages, 1052 total nodes","{'learning_rate': 0.1, 'max_depth': 3, 'min_samples_leaf': 10}"
49,rf_importance,OrthogonalMatchingPursuit,10,0.8446589997964395,0.6761420410548151,0.5108538285882538,11.0,11.545454545454545,linear coefficients + intercept,{'n_nonzero_coefs': 5}
50,rf_importance,LinearRegression,10,0.8438815787175706,0.6778318430075213,0.5104110618121187,11.0,11.545454545454545,linear coefficients + intercept,{}
51,rf_importance,Lasso,10,0.8435632518273187,0.6785225437672282,0.5103995339818911,11.0,11.545454545454545,linear coefficients + intercept,{'alpha': 0.01}
52,rf_importance,LassoLars,10,0.8435555655939102,0.6785392125443729,0.5104266694985022,11.0,11.545454545454545,linear coefficients + intercept,{'alpha': 0.01}
53,mutual_info,GaussianProcess,10,0.842859940207029,0.6800460912448214,0.3526029567925323,41.48137137954991,3.0616152691280187,gp_effective_dof: trace(K(K+sigma^2*I)^-1),"{'kernel': 1**2 * Matern(length_scale=1, nu=1.5) + WhiteKernel(noise_level=0.5)}"
54,rf_importance,LassoLarsIC,10,0.8423174838734779,0.6812188586990996,0.5175551599365701,11.0,11.545454545454545,linear coefficients + intercept,{}
55,rf_importance,RidgeCV,10,0.8416464995901067,0.6826667107869188,0.5126144833599772,11.0,11.545454545454545,linear coefficients + intercept,{}
56,rf_importance,ElasticNetCV,10,0.8413219993789052,0.6833658179083416,0.5179990995988554,11.0,11.545454545454545,linear coefficients + intercept,{}
57,rf_importance,BayesianRidge,10,0.8411451209008758,0.6837465860043423,0.5133726302999801,11.0,11.545454545454545,linear coefficients + intercept,{}
58,mutual_info,Bagging-tiny,10,0.8409433981488067,0.6841805779745255,0.3544185957577181,750.0,0.16933333333333334,"50 trees, 750 total nodes","{'max_samples': 1.0, 'n_estimators': 50}"
59,rf_importance,TweedieRegressor,10,0.8401255552950286,0.6859372946145946,0.5125734882420241,11.0,11.545454545454545,linear coefficients + intercept,{'alpha': 0.01}
60,rf_importance,ElasticNet,10,0.8399943751960413,0.6862186493742126,0.512929923521851,11.0,11.545454545454545,linear coefficients + intercept,"{'alpha': 0.01, 'l1_ratio': 0.2}"
61,rf_importance,Ridge,10,0.8398796414829381,0.6864646354288335,0.5117941613457007,11.0,11.545454545454545,linear coefficients + intercept,{'alpha': 1}
62,rf_importance,LassoCV,10,0.8388653352971589,0.6886354590847311,0.5258525568924285,11.0,11.545454545454545,linear coefficients + intercept,{}
63,rf_importance,LassoLarsCV,10,0.8383675072530866,0.6896984136763094,0.5266847644033141,11.0,11.545454545454545,linear coefficients + intercept,{}
64,mutual_info,RandomForest-tiny,10,0.830324393735796,0.7066503794788509,0.3603434921088077,2754.0,0.04611474219317357,"200 trees, 2754 total nodes","{'max_depth': 3, 'min_samples_leaf': 3, 'n_estimators': 200}"
65,mutual_info,SVR-RBF,10,0.8298543764988806,0.7076284463057835,0.34512460436673903,66.0,1.9242424242424243,66 support vectors (of 127 training points),"{'C': 50, 'epsilon': 0.1, 'gamma': 0.1}"
66,rfe_ridge,Bagging-tiny,10,0.8292900095781969,0.7088010637957137,0.40894640282666006,740.0,0.17162162162162162,"50 trees, 740 total nodes","{'max_samples': 0.7, 'n_estimators': 50}"
67,rfe_ridge,RandomForest-tiny,10,0.8262389251370006,0.7151071805336827,0.4113310382192556,1322.0,0.09606656580937972,"100 trees, 1322 total nodes","{'max_depth': 3, 'min_samples_leaf': 3, 'n_estimators': 100}"
68,mutual_info,KNN,10,0.8244094379650961,0.7188619161306267,0.3440775417251905,127.0,1.0,non-parametric: stores all 127 training points,"{'n_neighbors': 5, 'weights': 'distance'}"
69,rf_importance,PLS,10,0.8225188823173782,0.7227214910332856,0.553020791623489,8.0,15.875,7 latent components (true PLS dimensionality),{'n_components': 7}
70,lasso,ExtraTrees-tiny,10,0.8218888340817824,0.7240031654039187,0.4213870891793184,1316.0,0.09650455927051672,"100 trees, 1316 total nodes","{'max_depth': 3, 'min_samples_leaf': 5, 'n_estimators': 100}"
71,rf_importance,HuberRegressor,10,0.8218356682407069,0.7241112141188756,0.5013568844580989,11.0,11.545454545454545,linear coefficients + intercept,"{'alpha': 0.1, 'epsilon': 1.5}"
72,f_regression,DecisionTree-tiny,10,0.8180567012383106,0.7317503249346813,0.40786394394925374,23.0,5.521739130434782,"single tree, 23 nodes","{'max_depth': 4, 'min_samples_leaf': 5}"
73,rf_importance,SGDRegressor,10,0.8179816310647043,0.7319012701993433,0.5434826953104407,11.0,11.545454545454545,linear coefficients + intercept,"{'alpha': 0.01, 'penalty': 'l2'}"
74,rfe_ridge,AdaBoost-tiny,10,0.8162790199980515,0.7353164272375522,0.49949659862729096,245.0,0.5183673469387755,"35 trees, 245 total nodes","{'learning_rate': 0.5, 'n_estimators': 50}"
75,lasso,RandomForest-tiny,10,0.8154264424909166,0.7370206109758288,0.3868305581536519,1342.0,0.09463487332339791,"100 trees, 1342 total nodes","{'max_depth': 3, 'min_samples_leaf': 3, 'n_estimators': 100}"
76,lasso,LightGBM-tiny,10,0.8149939366410434,0.7378836251851212,0.3538727178200474,1104.0,0.11503623188405797,"100 boosting trees, ~1104 total nodes (leaf-based estimate)","{'learning_rate': 0.1, 'max_depth': 3, 'n_estimators': 100, 'num_leaves': 7}"
77,lasso,KernelRidge,10,0.8149428831738744,0.7379854297373357,0.42798970728665026,15.41582987121661,8.23828500061004,krr_effective_dof: trace(K(K+alpha*I)^-1),"{'alpha': 0.1, 'gamma': 0.01}"
78,rfe_ridge,KNN,10,0.8129044003206742,0.7420389093092401,0.3384386106029152,127.0,1.0,non-parametric: stores all 127 training points,"{'n_neighbors': 3, 'weights': 'distance'}"
79,mutual_info,NuSVR,10,0.811972256650828,0.743885097797626,0.3624307135481721,67.0,1.8955223880597014,67 support vectors (of 127 training points),"{'C': 10, 'nu': 0.3}"
80,lasso,KNN,10,0.8107663509727515,0.7462667185558216,0.3391342770503844,127.0,1.0,non-parametric: stores all 127 training points,"{'n_neighbors': 5, 'weights': 'distance'}"
81,rfe_ridge,KernelRidge,10,0.8104825470893865,0.7468261170661972,0.47536586426769817,14.114476752829955,8.997853921473673,krr_effective_dof: trace(K(K+alpha*I)^-1),"{'alpha': 0.1, 'gamma': 0.01}"
82,mutual_info,ExtraTrees-tiny,10,0.8092311985117702,0.7492876376511194,0.48924071914882045,2752.0,0.04614825581395349,"200 trees, 2752 total nodes","{'max_depth': 3, 'min_samples_leaf': 5, 'n_estimators': 200}"
83,f_regression,ExtraTree-tiny,10,0.8087772306980955,0.7501786385520413,0.4515856262727021,23.0,5.521739130434782,"single tree, 23 nodes","{'max_depth': 4, 'min_samples_leaf': 5}"
84,rf_importance,OrthogonalMatchingPursuitCV,10,0.8082605891074923,0.7511913632790138,0.58630353183292,11.0,11.545454545454545,linear coefficients + intercept,{}
85,rfe_ridge,ExtraTrees-tiny,10,0.8030332064950086,0.761362354162716,0.48159715247859175,1280.0,0.09921875,"100 trees, 1280 total nodes","{'max_depth': 3, 'min_samples_leaf': 5, 'n_estimators': 100}"
86,correlation,DecisionTree-tiny,10,0.8020629275877066,0.7632353254487464,0.41306101301535125,23.0,5.521739130434782,"single tree, 23 nodes","{'max_depth': 4, 'min_samples_leaf': 5}"
87,mutual_info,KernelRidge,10,0.7923366865926458,0.7817624048967494,0.5242925901245357,13.214665695030007,9.61053445701349,krr_effective_dof: trace(K(K+alpha*I)^-1),"{'alpha': 0.1, 'gamma': 0.01}"
88,rf_importance,LinearSVR,10,0.7890818588965561,0.7878650931860519,0.5150476344183097,11.0,11.545454545454545,linear coefficients + intercept,"{'C': 10, 'epsilon': 0.1}"
89,rfe_ridge,PLS,10,0.7886476469931183,0.7886756553135928,0.5399496030899026,8.0,15.875,7 latent components (true PLS dimensionality),{'n_components': 7}
90,lasso,AdaBoost-tiny,10,0.7877511915681983,0.7903464776234629,0.5157912286318718,210.0,0.6047619047619047,"30 trees, 210 total nodes","{'learning_rate': 0.5, 'n_estimators': 30}"
91,rfe_ridge,SGDRegressor,10,0.7857682687221151,0.7940297791615561,0.5513749153201098,11.0,11.545454545454545,linear coefficients + intercept,"{'alpha': 0.0001, 'penalty': 'l2'}"
92,rfe_ridge,OrthogonalMatchingPursuitCV,10,0.7797257345032516,0.8051499542320237,0.6143812597294349,11.0,11.545454545454545,linear coefficients + intercept,{}
93,mutual_info,BayesianRidge,10,0.779554982486107,0.8054619615055555,0.5940533409494008,11.0,11.545454545454545,linear coefficients + intercept,{}
94,lasso,DecisionTree-tiny,10,0.7725806930301569,0.8181040781447324,0.43915079887667235,15.0,8.466666666666667,"single tree, 15 nodes","{'max_depth': 4, 'min_samples_leaf': 10}"
95,rfe_ridge,RidgeCV,10,0.7707683341615054,0.8213574428641256,0.5373020975087067,11.0,11.545454545454545,linear coefficients + intercept,{}
96,mutual_info,LassoLarsIC,10,0.7686340599660544,0.8251722311021162,0.6217110690472449,11.0,11.545454545454545,linear coefficients + intercept,{}
97,lasso,GaussianProcess,10,0.7685138601677313,0.8253865510163031,0.41058786325259905,26.78833745083689,4.740869052925582,gp_effective_dof: trace(K(K+sigma^2*I)^-1),"{'kernel': 1**2 * Matern(length_scale=1, nu=2.5) + WhiteKernel(noise_level=0.5)}"
98,f_regression,SmallMLP,10,0.7683510650873202,0.8256767309256935,0.5364865077502696,97.0,1.309278350515464,"layers (8,)","{'alpha': 1.0, 'hidden_layer_sizes': (8,)}"
99,rfe_ridge,BayesianRidge,10,0.7659469391499157,0.8299502387655987,0.5388582709327343,11.0,11.545454545454545,linear coefficients + intercept,{}
100,rfe_ridge,ElasticNetCV,10,0.7622091194602851,0.8365511281735172,0.5389621613282372,11.0,11.545454545454545,linear coefficients + intercept,{}
101,rf_importance,ExtraTree-tiny,10,0.762148574573107,0.836657620209692,0.44845204407225897,15.0,8.466666666666667,"single tree, 15 nodes","{'max_depth': 3, 'min_samples_leaf': 5}"
102,rfe_ridge,ElasticNet,10,0.7615707828363374,0.8376732135277666,0.5411671180391411,11.0,11.545454545454545,linear coefficients + intercept,"{'alpha': 0.01, 'l1_ratio': 0.2}"
103,rfe_ridge,TweedieRegressor,10,0.7611689661465224,0.8383787675487675,0.5425053718694197,11.0,11.545454545454545,linear coefficients + intercept,{'alpha': 0.01}
104,rfe_ridge,Ridge,10,0.760944592152585,0.8387724898999082,0.5422418301697842,11.0,11.545454545454545,linear coefficients + intercept,{'alpha': 1}
105,correlation,ExtraTree-tiny,10,0.760787151513484,0.8390486500215811,0.5354008107491327,5.0,25.4,"single tree, 5 nodes","{'max_depth': 2, 'min_samples_leaf': 10}"
106,rfe_ridge,LassoLars,10,0.7602590635739739,0.8399742842468029,0.5385781273052195,11.0,11.545454545454545,linear coefficients + intercept,{'alpha': 0.001}
107,rfe_ridge,LassoCV,10,0.7601925971607137,0.8400907145270325,0.5395276477499586,11.0,11.545454545454545,linear coefficients + intercept,{}
108,rfe_ridge,Lasso,10,0.7601836161404738,0.8401064454865065,0.5386127856916991,11.0,11.545454545454545,linear coefficients + intercept,{'alpha': 0.001}
109,rfe_ridge,LassoLarsIC,10,0.7592891863214397,0.841671636568508,0.5400599548725404,11.0,11.545454545454545,linear coefficients + intercept,{}
110,rfe_ridge,LassoLarsCV,10,0.7591728068265167,0.8418750787854103,0.5400386039566204,11.0,11.545454545454545,linear coefficients + intercept,{}
111,rfe_ridge,LinearRegression,10,0.7590558445110114,0.842079490306618,0.5401146737449705,11.0,11.545454545454545,linear coefficients + intercept,{}
112,mutual_info,SmallMLP,10,0.7583722773107011,0.8432731491326605,0.5926943480180571,97.0,1.309278350515464,"layers (8,)","{'alpha': 1.0, 'hidden_layer_sizes': (8,)}"
113,mutual_info,PassiveAggressiveRegressor,10,0.7572884978791499,0.8451622112940513,0.5586420826720538,11.0,11.545454545454545,linear coefficients + intercept,{'C': 0.01}
114,mutual_info,LinearRegression,10,0.757214146460351,0.8452916534450012,0.6044058016825904,11.0,11.545454545454545,linear coefficients + intercept,{}
115,mutual_info,RidgeCV,10,0.754327857428055,0.8503013105028566,0.6491003708730065,11.0,11.545454545454545,linear coefficients + intercept,{}
116,mutual_info,ElasticNetCV,10,0.7530226726217002,0.8525570205528968,0.6015110729149644,11.0,11.545454545454545,linear coefficients + intercept,{}
117,rfe_ridge,OrthogonalMatchingPursuit,10,0.7521520049154918,0.8540584555690598,0.5520488508201368,11.0,11.545454545454545,linear coefficients + intercept,{'n_nonzero_coefs': 10}
118,lasso,ExtraTree-tiny,10,0.7510081210856605,0.856027039251394,0.4878487670484676,19.0,6.684210526315789,"single tree, 19 nodes","{'max_depth': 4, 'min_samples_leaf': 10}"
119,mutual_info,LassoCV,10,0.7464368566986794,0.863849239272382,0.6146650330910488,11.0,11.545454545454545,linear coefficients + intercept,{}
120,mutual_info,LassoLarsCV,10,0.7460405733493165,0.8645240128551246,0.6143111425647645,11.0,11.545454545454545,linear coefficients + intercept,{}
121,mutual_info,HuberRegressor,10,0.7454647859552351,0.8655035004181599,0.5431116844978124,11.0,11.545454545454545,linear coefficients + intercept,"{'alpha': 0.1, 'epsilon': 1.2}"
122,mutual_info,AdaBoost-tiny,10,0.7439572147910961,0.8680628354454961,0.5328409629198912,210.0,0.6047619047619047,"30 trees, 210 total nodes","{'learning_rate': 0.5, 'n_estimators': 30}"
123,rfe_ridge,HuberRegressor,10,0.7408958203070259,0.8732369439718549,0.5270527505306141,11.0,11.545454545454545,linear coefficients + intercept,"{'alpha': 0.1, 'epsilon': 1.2}"
124,mutual_info,Ridge,10,0.7376670980993456,0.8786608442970005,0.6284041859228687,11.0,11.545454545454545,linear coefficients + intercept,{'alpha': 1}
125,mutual_info,LinearSVR,10,0.7373833489722367,0.8791359121667898,0.5493316620785829,11.0,11.545454545454545,linear coefficients + intercept,"{'C': 1, 'epsilon': 0.01}"
126,correlation,KernelRidge,10,0.7360550911193966,0.8813563471226888,0.6185440327907251,6.00205007823971,21.159436916468838,krr_effective_dof: trace(K(K+alpha*I)^-1),"{'alpha': 1, 'gamma': 0.01}"
127,f_regression,KernelRidge,10,0.7360550911193958,0.8813563471226902,0.618544032790727,6.00205007823971,21.159436916468838,krr_effective_dof: trace(K(K+alpha*I)^-1),"{'alpha': 1, 'gamma': 0.01}"
128,mutual_info,TweedieRegressor,10,0.7325551170131599,0.8871806034029309,0.6400745640125102,11.0,11.545454545454545,linear coefficients + intercept,{'alpha': 0.01}
129,mutual_info,DecisionTree-tiny,10,0.7309719669233371,0.8898025784594518,0.41941150594824067,23.0,5.521739130434782,"single tree, 23 nodes","{'max_depth': 4, 'min_samples_leaf': 5}"
130,mutual_info,SGDRegressor,10,0.7309501098390908,0.8898387235679972,0.6370248352224666,11.0,11.545454545454545,linear coefficients + intercept,"{'alpha': 0.0001, 'penalty': 'l2'}"
131,rfe_ridge,SmallMLP,10,0.7295896204575096,0.8920856852330757,0.615464110411895,49.0,2.5918367346938775,"layers (4,)","{'alpha': 1.0, 'hidden_layer_sizes': (4,)}"
132,rfe_ridge,LinearSVR,10,0.7280022544244362,0.8947002195617128,0.5219036834488595,11.0,11.545454545454545,linear coefficients + intercept,"{'C': 1, 'epsilon': 0.1}"
133,mutual_info,ElasticNet,10,0.723706827726122,0.9017371622167943,0.6356311336163117,11.0,11.545454545454545,linear coefficients + intercept,"{'alpha': 0.01, 'l1_ratio': 0.2}"
134,rfe_ridge,DecisionTree-tiny,10,0.7159151393587397,0.9143636165728668,0.5331409878218407,21.0,6.0476190476190474,"single tree, 21 nodes","{'max_depth': 4, 'min_samples_leaf': 5}"
135,correlation,LinearRegression,10,0.7108058610318112,0.9225494094378669,0.6479077192901539,11.0,11.545454545454545,linear coefficients + intercept,{}
136,f_regression,LinearRegression,10,0.7108058610318109,0.9225494094378673,0.647907719290154,11.0,11.545454545454545,linear coefficients + intercept,{}
137,mutual_info,PLS,10,0.706041678175099,0.9301174052487808,0.6676983470592825,4.0,31.75,3 latent components (true PLS dimensionality),{'n_components': 3}
138,rfe_ridge,PassiveAggressiveRegressor,10,0.6995682577481048,0.9403029527040547,0.6606319286587674,11.0,11.545454545454545,linear coefficients + intercept,{'C': 0.01}
139,rf_importance,SmallMLP,10,0.694751115714545,0.9478114138594225,0.5632145923519634,97.0,1.309278350515464,"layers (8,)","{'alpha': 0.1, 'hidden_layer_sizes': (8,)}"
140,f_regression,LassoLarsIC,10,0.6911676376051931,0.9533586107511812,0.6672021331977895,11.0,11.545454545454545,linear coefficients + intercept,{}
141,correlation,LassoLarsIC,10,0.6911676376051927,0.9533586107511818,0.6672021331977894,11.0,11.545454545454545,linear coefficients + intercept,{}
142,f_regression,BayesianRidge,10,0.6895928764620695,0.9557861463890341,0.6732117234619978,11.0,11.545454545454545,linear coefficients + intercept,{}
143,correlation,BayesianRidge,10,0.6895928764620686,0.9557861463890355,0.6732117234619992,11.0,11.545454545454545,linear coefficients + intercept,{}
144,f_regression,RidgeCV,10,0.6884985914542681,0.957469391081178,0.6683398233786072,11.0,11.545454545454545,linear coefficients + intercept,{}
145,correlation,RidgeCV,10,0.688498591453989,0.957469391081607,0.6683398233785841,11.0,11.545454545454545,linear coefficients + intercept,{}
146,rf_importance,PassiveAggressiveRegressor,10,0.6858696883023724,0.9615011639646515,0.7224123537674538,11.0,11.545454545454545,linear coefficients + intercept,{'C': 1}
147,correlation,HuberRegressor,10,0.6849107773381007,0.9629675800163673,0.6433222040662373,11.0,11.545454545454545,linear coefficients + intercept,"{'alpha': 0.1, 'epsilon': 1.5}"
148,f_regression,HuberRegressor,10,0.6849107773380083,0.9629675800165085,0.6433222040663858,11.0,11.545454545454545,linear coefficients + intercept,"{'alpha': 0.1, 'epsilon': 1.5}"
149,correlation,SGDRegressor,10,0.6837453719812814,0.9647467773188931,0.6959535763166302,11.0,11.545454545454545,linear coefficients + intercept,"{'alpha': 0.01, 'penalty': 'elasticnet'}"
150,f_regression,SGDRegressor,10,0.6837453719812812,0.9647467773188934,0.6959535763166302,11.0,11.545454545454545,linear coefficients + intercept,"{'alpha': 0.01, 'penalty': 'elasticnet'}"
151,f_regression,LassoLarsCV,10,0.6827455004631626,0.9662706468590916,0.6847106416724055,11.0,11.545454545454545,linear coefficients + intercept,{}
152,correlation,LassoLarsCV,10,0.6827455004631617,0.9662706468590931,0.6847106416724059,11.0,11.545454545454545,linear coefficients + intercept,{}
153,f_regression,LassoCV,10,0.6825216912278683,0.9666114177035848,0.6855917770919794,11.0,11.545454545454545,linear coefficients + intercept,{}
154,f_regression,ElasticNetCV,10,0.6823867057178216,0.9668168879126577,0.6947065565342635,11.0,11.545454545454545,linear coefficients + intercept,{}
155,correlation,LassoCV,10,0.6823258633831779,0.9669094857051531,0.6856337271423071,11.0,11.545454545454545,linear coefficients + intercept,{}
156,correlation,ElasticNetCV,10,0.6823128769816514,0.9669292489547356,0.6947669033067408,11.0,11.545454545454545,linear coefficients + intercept,{}
157,mutual_info,ExtraTree-tiny,10,0.6759115270090189,0.9766224064028092,0.5885772826057253,15.0,8.466666666666667,"single tree, 15 nodes","{'max_depth': 3, 'min_samples_leaf': 5}"
158,correlation,ElasticNet,10,0.6759024524000645,0.9766360792192398,0.7133754894342879,11.0,11.545454545454545,linear coefficients + intercept,"{'alpha': 0.1, 'l1_ratio': 0.2}"
159,f_regression,ElasticNet,10,0.6758981763985807,0.9766425218529166,0.7133665135547492,11.0,11.545454545454545,linear coefficients + intercept,"{'alpha': 0.1, 'l1_ratio': 0.2}"
160,f_regression,Ridge,10,0.6626548651283529,0.9963963255647634,0.7413723035140176,11.0,11.545454545454545,linear coefficients + intercept,{'alpha': 50}
161,correlation,Ridge,10,0.6626548651283527,0.9963963255647638,0.7413723035140177,11.0,11.545454545454545,linear coefficients + intercept,{'alpha': 50}
162,rfe_ridge,ExtraTree-tiny,10,0.6624888896278335,0.9966414114206653,0.6629237998511184,21.0,6.0476190476190474,"single tree, 21 nodes","{'max_depth': 4, 'min_samples_leaf': 5}"
163,mutual_info,Lasso,10,0.6590552949880606,1.0016981385851942,0.6389403158392816,11.0,11.545454545454545,linear coefficients + intercept,{'alpha': 0.01}
164,mutual_info,LassoLars,10,0.659028744255674,1.0017371409528188,0.6389851715956821,11.0,11.545454545454545,linear coefficients + intercept,{'alpha': 0.01}
165,f_regression,PLS,10,0.6536289902443251,1.0096379341641413,0.7421482112620668,4.0,31.75,3 latent components (true PLS dimensionality),{'n_components': 3}
166,correlation,PLS,10,0.6536289902443251,1.0096379341641413,0.7421482112620669,4.0,31.75,3 latent components (true PLS dimensionality),{'n_components': 3}
167,f_regression,Lasso,10,0.6484820293831701,1.017111718161367,0.7198085227164954,11.0,11.545454545454545,linear coefficients + intercept,{'alpha': 0.1}
168,correlation,Lasso,10,0.6484788136242837,1.0171163705246016,0.7198060381937725,11.0,11.545454545454545,linear coefficients + intercept,{'alpha': 0.1}
169,f_regression,LassoLars,10,0.6484275327353056,1.0171905577024636,0.7198337553152855,11.0,11.545454545454545,linear coefficients + intercept,{'alpha': 0.1}
170,correlation,LassoLars,10,0.6484275327353055,1.0171905577024638,0.7198337553152852,11.0,11.545454545454545,linear coefficients + intercept,{'alpha': 0.1}
171,f_regression,TweedieRegressor,10,0.643118035712492,1.0248426528953043,0.7802863787376343,11.0,11.545454545454545,linear coefficients + intercept,{'alpha': 1}
172,correlation,TweedieRegressor,10,0.643118035712492,1.0248426528953043,0.7802863787376343,11.0,11.545454545454545,linear coefficients + intercept,{'alpha': 1}
173,rf_importance,RANSACRegressor,10,0.6211138926913815,1.0559642914059326,0.6342483674616453,11.0,11.545454545454545,RANSAC inlier-fitted LinearRegression,{}
174,mutual_info,OrthogonalMatchingPursuit,10,0.6050077829274552,1.0781747601907454,0.6655662317797205,11.0,11.545454545454545,linear coefficients + intercept,{'n_nonzero_coefs': 8}
175,f_regression,OrthogonalMatchingPursuit,10,0.6013364476918914,1.083173827786212,0.7048227657110931,11.0,11.545454545454545,linear coefficients + intercept,{'n_nonzero_coefs': 3}
176,correlation,OrthogonalMatchingPursuit,10,0.6013364476918912,1.0831738277862122,0.7048227657110929,11.0,11.545454545454545,linear coefficients + intercept,{'n_nonzero_coefs': 3}
177,correlation,LinearSVR,10,0.5959807572174571,1.0904252935867458,0.7055904660829188,11.0,11.545454545454545,linear coefficients + intercept,"{'C': 0.1, 'epsilon': 0.01}"
178,f_regression,LinearSVR,10,0.5959807572174569,1.0904252935867462,0.7055904660829191,11.0,11.545454545454545,linear coefficients + intercept,"{'C': 0.1, 'epsilon': 0.01}"
179,rfe_ridge,RANSACRegressor,10,0.5959571691569507,1.0904571245488257,0.5935223285700145,11.0,11.545454545454545,RANSAC inlier-fitted LinearRegression,{}
180,f_regression,LarsCV,10,0.5958975324643221,1.0905375972758762,0.8172428308776979,11.0,11.545454545454545,linear coefficients + intercept,{}
181,correlation,LarsCV,10,0.5958975324643214,1.0905375972758773,0.8172428308776988,11.0,11.545454545454545,linear coefficients + intercept,{}
182,rf_importance,LarsCV,10,0.5909274740610877,1.097223366881318,0.8169678812246947,11.0,11.545454545454545,linear coefficients + intercept,{}
183,correlation,SmallMLP,10,0.5874822764789083,1.1018340719630637,0.7097592787174091,49.0,2.5918367346938775,"layers (4,)","{'alpha': 0.1, 'hidden_layer_sizes': (4,)}"
184,correlation,OrthogonalMatchingPursuitCV,10,0.5806547546611793,1.1109148017288242,0.7550215503650953,11.0,11.545454545454545,linear coefficients + intercept,{}
185,f_regression,OrthogonalMatchingPursuitCV,10,0.5806547546611791,1.1109148017288244,0.7550215503650953,11.0,11.545454545454545,linear coefficients + intercept,{}
186,mutual_info,OrthogonalMatchingPursuitCV,10,0.5708203866352123,1.1238657437160753,0.7221541730415677,11.0,11.545454545454545,linear coefficients + intercept,{}
187,mutual_info,LarsCV,10,0.5595058435992171,1.1385837138083836,0.7533877720507735,11.0,11.545454545454545,linear coefficients + intercept,{}
188,correlation,PassiveAggressiveRegressor,10,0.4588150110995999,1.2620244319191174,0.8740308045686697,11.0,11.545454545454545,linear coefficients + intercept,{'C': 0.1}
189,f_regression,PassiveAggressiveRegressor,10,0.4588150110995999,1.2620244319191176,0.8740308045686697,11.0,11.545454545454545,linear coefficients + intercept,{'C': 0.1}
190,mutual_info,RANSACRegressor,10,0.33014899497037564,1.4040546053640122,0.7730012464352981,11.0,11.545454545454545,RANSAC inlier-fitted LinearRegression,{}
191,lasso,Dummy-baseline,10,-0.015208038089242315,1.728512066148198,1.3294208821327171,1.0,127.0,constant baseline,{}
192,rf_importance,Dummy-baseline,10,-0.015208038089242315,1.728512066148198,1.3294208821327171,1.0,127.0,constant baseline,{}
193,rfe_ridge,Dummy-baseline,10,-0.015208038089242315,1.728512066148198,1.3294208821327171,1.0,127.0,constant baseline,{}
194,correlation,Dummy-baseline,10,-0.015208038089242315,1.728512066148198,1.3294208821327171,1.0,127.0,constant baseline,{}
195,mutual_info,Dummy-baseline,10,-0.015208038089242315,1.728512066148198,1.3294208821327171,1.0,127.0,constant baseline,{}
196,f_regression,Dummy-baseline,10,-0.015208038089242315,1.728512066148198,1.3294208821327171,1.0,127.0,constant baseline,{}
197,f_regression,RANSACRegressor,10,-0.47854594630809566,2.0859903939535203,1.033773159220408,11.0,11.545454545454545,RANSAC inlier-fitted LinearRegression,{}
198,correlation,RANSACRegressor,10,-0.47854594630809566,2.0859903939535203,1.0337731592204082,11.0,11.545454545454545,RANSAC inlier-fitted LinearRegression,{}
199,rfe_ridge,LarsCV,10,-1.4118525832450346,2.66422114858705,1.0950969737518652,11.0,11.545454545454545,linear coefficients + intercept,{}
200,lasso,SGDRegressor,10,-381.0717999141192,33.53261200276856,3.799998771265954,11.0,11.545454545454545,linear coefficients + intercept,"{'alpha': 0.0001, 'penalty': 'l2'}"
201,lasso,OrthogonalMatchingPursuitCV,10,-438.86790665341135,35.979575072180815,4.1818196019436815,11.0,11.545454545454545,linear coefficients + intercept,{}
202,lasso,PLS,10,-512.4019189886211,38.87081401433591,4.345500370578242,6.0,21.166666666666668,5 latent components (true PLS dimensionality),{'n_components': 5}
203,lasso,ElasticNetCV,10,-672.112686647123,44.50807177651579,4.8737252286550445,11.0,11.545454545454545,linear coefficients + intercept,{}
204,lasso,OrthogonalMatchingPursuit,10,-700.0827267057678,45.423388143365806,4.968414721492204,11.0,11.545454545454545,linear coefficients + intercept,{'n_nonzero_coefs': 10}
205,lasso,LassoLarsCV,10,-748.721227906146,46.972621192297396,5.117191425352818,11.0,11.545454545454545,linear coefficients + intercept,{}
206,lasso,LassoCV,10,-749.9660977586899,47.01160271265825,5.1202328156400965,11.0,11.545454545454545,linear coefficients + intercept,{}
207,lasso,TweedieRegressor,10,-797.6338409786731,48.48068484745031,5.263784605550589,11.0,11.545454545454545,linear coefficients + intercept,{'alpha': 0.001}
208,lasso,BayesianRidge,10,-809.4438972333197,48.837831243044334,5.300596290730691,11.0,11.545454545454545,linear coefficients + intercept,{}
209,lasso,Ridge,10,-810.2254048506751,48.86137262610198,5.301480319871444,11.0,11.545454545454545,linear coefficients + intercept,{'alpha': 0.1}
210,lasso,RidgeCV,10,-810.2331364237187,48.8616054679047,5.309824565952693,11.0,11.545454545454545,linear coefficients + intercept,{}
211,lasso,ElasticNet,10,-817.7821947279306,49.088423716816955,5.322312218570398,11.0,11.545454545454545,linear coefficients + intercept,"{'alpha': 0.001, 'l1_ratio': 0.2}"
212,lasso,LassoLarsIC,10,-873.6423835749183,50.73529045517715,5.488815927760449,11.0,11.545454545454545,linear coefficients + intercept,{}
213,lasso,Lasso,10,-896.2746446857288,51.38751179618007,5.550962420974634,11.0,11.545454545454545,linear coefficients + intercept,{'alpha': 0.001}
214,lasso,LassoLars,10,-896.6324081850557,51.39775545119165,5.551961991459516,11.0,11.545454545454545,linear coefficients + intercept,{'alpha': 0.001}
215,lasso,LinearRegression,10,-920.0327608390603,52.063388550610426,5.618222581420369,11.0,11.545454545454545,linear coefficients + intercept,{}
216,lasso,LinearSVR,10,-997.7372943811388,54.21513273540067,5.826965769644852,11.0,11.545454545454545,linear coefficients + intercept,"{'C': 10, 'epsilon': 0.1}"
217,lasso,PassiveAggressiveRegressor,10,-1086.98635162954,56.58568991786111,6.109676344175366,11.0,11.545454545454545,linear coefficients + intercept,{'C': 0.1}
218,lasso,HuberRegressor,10,-1128.119963789879,57.6454368587239,6.164807604307219,11.0,11.545454545454545,linear coefficients + intercept,"{'alpha': 0.001, 'epsilon': 1.5}"
219,lasso,RANSACRegressor,10,-1206.0599127242454,59.60179030460608,6.390186048531368,11.0,11.545454545454545,RANSAC inlier-fitted LinearRegression,{}
220,lasso,LarsCV,10,-1254.1335587347849,60.77708442970177,6.4779013357115796,11.0,11.545454545454545,linear coefficients + intercept,{}
221,lasso,SmallMLP,10,-1622.3599038099865,69.11977235803258,7.405409091870663,97.0,1.309278350515464,"layers (8,)","{'alpha': 0.1, 'hidden_layer_sizes': (8,)}"
222,f_regression,KNN,15,0.9297757813909474,0.4546093351033377,0.2502970858686266,127.0,1.0,non-parametric: stores all 127 training points,"{'n_neighbors': 3, 'weights': 'distance'}"
223,correlation,KNN,15,0.9297757813909474,0.4546093351033377,0.2502970858686266,127.0,1.0,non-parametric: stores all 127 training points,"{'n_neighbors': 3, 'weights': 'distance'}"
224,correlation,SVR-RBF,15,0.9106595170843513,0.5127657861103299,0.24778530236059687,88.0,1.4431818181818181,88 support vectors (of 127 training points),"{'C': 10, 'epsilon': 0.05, 'gamma': 'scale'}"
225,f_regression,SVR-RBF,15,0.910659517084351,0.5127657861103307,0.24778530236059754,88.0,1.4431818181818181,88 support vectors (of 127 training points),"{'C': 10, 'epsilon': 0.05, 'gamma': 'scale'}"
226,rf_importance,KNN,15,0.9095642259201148,0.5158993988643824,0.23200884182393983,127.0,1.0,non-parametric: stores all 127 training points,"{'n_neighbors': 5, 'weights': 'distance'}"
227,f_regression,NuSVR,15,0.9094332590248291,0.5162728202187366,0.2541218518457807,127.0,1.0,127 support vectors (of 127 training points),"{'C': 50, 'nu': 0.7}"
228,correlation,NuSVR,15,0.909433259024829,0.5162728202187368,0.25412185184578107,127.0,1.0,127 support vectors (of 127 training points),"{'C': 50, 'nu': 0.7}"
229,f_regression,GaussianProcess,15,0.9074983869716645,0.52175851413509,0.2907710675883142,43.825222905932115,2.8978745931902488,gp_effective_dof: trace(K(K+sigma^2*I)^-1),"{'kernel': 1**2 * Matern(length_scale=1, nu=1.5) + WhiteKernel(noise_level=0.5)}"
230,correlation,GaussianProcess,15,0.907498386971664,0.5217585141350916,0.2907710675883156,43.825222905932144,2.897874593190247,gp_effective_dof: trace(K(K+sigma^2*I)^-1),"{'kernel': 1**2 * Matern(length_scale=1, nu=1.5) + WhiteKernel(noise_level=0.5)}"
231,f_regression,GradientBoosting-tiny,15,0.907250953913026,0.5224558754204717,0.26946307311801754,692.0,0.18352601156069365,"100 stages, 692 total nodes","{'learning_rate': 0.1, 'max_depth': 2, 'n_estimators': 100}"
232,rf_importance,NuSVR,15,0.9069750624286036,0.5232323475331494,0.21500087093059486,127.0,1.0,127 support vectors (of 127 training points),"{'C': 50, 'nu': 0.7}"
233,rf_importance,SVR-RBF,15,0.906001529729704,0.525963109999007,0.22498447051338158,80.0,1.5875,80 support vectors (of 127 training points),"{'C': 50, 'epsilon': 0.05, 'gamma': 'scale'}"
234,correlation,GradientBoosting-tiny,15,0.9057256986229979,0.526734243363846,0.26883492785620877,692.0,0.18352601156069365,"100 stages, 692 total nodes","{'learning_rate': 0.1, 'max_depth': 2, 'n_estimators': 100}"
235,f_regression,LightGBM-tiny,15,0.9047980976381281,0.5293192702155011,0.2783692695497671,680.0,0.18676470588235294,"100 boosting trees, ~680 total nodes (leaf-based estimate)","{'learning_rate': 0.1, 'max_depth': 2, 'n_estimators': 100, 'num_leaves': 7}"
236,rf_importance,LightGBM-tiny,15,0.9030253627346527,0.5342247119815294,0.25875806684947494,1120.0,0.11339285714285714,"100 boosting trees, ~1120 total nodes (leaf-based estimate)","{'learning_rate': 0.1, 'max_depth': 3, 'n_estimators': 100, 'num_leaves': 15}"
237,correlation,Bagging-tiny,15,0.9009616341461206,0.5398792359715096,0.31917561652721343,750.0,0.16933333333333334,"50 trees, 750 total nodes","{'max_samples': 1.0, 'n_estimators': 50}"
238,f_regression,HistGradientBoosting-tiny,15,0.8999272110254356,0.5426913425896412,0.30790145786559014,758.0,0.16754617414248021,"100 stages, 758 total nodes","{'learning_rate': 0.1, 'max_depth': 3, 'min_samples_leaf': 20}"
239,rf_importance,Bagging-tiny,15,0.896808691230973,0.551082286923243,0.296636887310838,750.0,0.16933333333333334,"50 trees, 750 total nodes","{'max_samples': 1.0, 'n_estimators': 50}"
240,f_regression,Bagging-tiny,15,0.8963343839137932,0.552347329002672,0.3257243191085501,750.0,0.16933333333333334,"50 trees, 750 total nodes","{'max_samples': 1.0, 'n_estimators': 50}"
241,rf_importance,GaussianProcess,15,0.894047886228265,0.5584055221141959,0.28084833987480534,37.65528842791158,3.3727002315526713,gp_effective_dof: trace(K(K+sigma^2*I)^-1),"{'kernel': 1**2 * Matern(length_scale=1, nu=1.5) + WhiteKernel(noise_level=0.5)}"
242,correlation,HistGradientBoosting-tiny,15,0.8933911805329439,0.5601333857739977,0.3143714700583939,758.0,0.16754617414248021,"100 stages, 758 total nodes","{'learning_rate': 0.1, 'max_depth': 3, 'min_samples_leaf': 20}"
243,rf_importance,DecisionTree-tiny,15,0.8899189288721515,0.5691820756423804,0.30465640254256804,23.0,5.521739130434782,"single tree, 23 nodes","{'max_depth': 4, 'min_samples_leaf': 5}"
244,rfe_ridge,GradientBoosting-tiny,15,0.8888789255489582,0.5718644608987475,0.313985055901513,1254.0,0.10127591706539076,"100 stages, 1254 total nodes","{'learning_rate': 0.1, 'max_depth': 3, 'n_estimators': 100}"
245,rf_importance,ExtraTrees-tiny,15,0.8851900304871435,0.5812790791344307,0.3521899456811234,2678.0,0.0474234503360717,"200 trees, 2678 total nodes","{'max_depth': 3, 'min_samples_leaf': 5, 'n_estimators': 200}"
246,rf_importance,GradientBoosting-tiny,15,0.8851532778680985,0.5813721103372588,0.2588020078216938,688.0,0.18459302325581395,"100 stages, 688 total nodes","{'learning_rate': 0.1, 'max_depth': 2, 'n_estimators': 100}"
247,correlation,RandomForest-tiny,15,0.8838207716941769,0.5847350613955649,0.3323977902380951,2718.0,0.04672553348050037,"200 trees, 2718 total nodes","{'max_depth': 3, 'min_samples_leaf': 3, 'n_estimators': 200}"
248,f_regression,ExtraTrees-tiny,15,0.8833179245516729,0.585999120762529,0.3855163790013903,1324.0,0.09592145015105741,"100 trees, 1324 total nodes","{'max_depth': 3, 'min_samples_leaf': 5, 'n_estimators': 100}"
249,lasso,GradientBoosting-tiny,15,0.8822068960331176,0.5887824070575245,0.2692995025604229,682.0,0.18621700879765396,"100 stages, 682 total nodes","{'learning_rate': 0.1, 'max_depth': 2, 'n_estimators': 100}"
250,f_regression,RandomForest-tiny,15,0.8809670254232004,0.5918730083754197,0.3352564025779865,2718.0,0.04672553348050037,"200 trees, 2718 total nodes","{'max_depth': 3, 'min_samples_leaf': 3, 'n_estimators': 200}"
251,rf_importance,LassoLars,15,0.880684816895553,0.5925742120821389,0.43529432768890236,16.0,7.9375,linear coefficients + intercept,{'alpha': 0.01}
252,rf_importance,Lasso,15,0.880635219949479,0.5926973599369022,0.4353541718764304,16.0,7.9375,linear coefficients + intercept,{'alpha': 0.01}
253,rf_importance,ElasticNet,15,0.8804099409002747,0.5932563998704015,0.43627279451919293,16.0,7.9375,linear coefficients + intercept,"{'alpha': 0.01, 'l1_ratio': 0.8}"
254,rf_importance,Ridge,15,0.8802275027988492,0.5937087423374076,0.4363114744717543,16.0,7.9375,linear coefficients + intercept,{'alpha': 1}
255,rfe_ridge,LightGBM-tiny,15,0.8799902531548216,0.5942964711830409,0.3344243686797024,994.0,0.12776659959758552,"100 boosting trees, ~994 total nodes (leaf-based estimate)","{'learning_rate': 0.1, 'max_depth': 3, 'n_estimators': 100, 'num_leaves': 7}"
256,rf_importance,KernelRidge,15,0.8799146642006523,0.5944836025556375,0.37598701427332154,19.298691578182336,6.580757015857839,krr_effective_dof: trace(K(K+alpha*I)^-1),"{'alpha': 0.1, 'gamma': 0.01}"
257,correlation,ExtraTrees-tiny,15,0.8790159689376786,0.5967039558701993,0.39715514254640827,1310.0,0.09694656488549619,"100 trees, 1310 total nodes","{'max_depth': 3, 'min_samples_leaf': 5, 'n_estimators': 100}"
258,mutual_info,HistGradientBoosting-tiny,15,0.8787209924480213,0.5974309381035764,0.2814586465559098,762.0,0.16666666666666666,"100 stages, 762 total nodes","{'learning_rate': 0.1, 'max_depth': 3, 'min_samples_leaf': 20}"
259,rf_importance,RidgeCV,15,0.8783636364476692,0.5983104740459699,0.43721449750039537,16.0,7.9375,linear coefficients + intercept,{}
260,rf_importance,TweedieRegressor,15,0.8780704019767773,0.5990312274412012,0.43729787614962584,16.0,7.9375,linear coefficients + intercept,{'alpha': 0.01}
261,rf_importance,BayesianRidge,15,0.8763488681899497,0.6032452899109854,0.44219205038426873,16.0,7.9375,linear coefficients + intercept,{}
262,rf_importance,RandomForest-tiny,15,0.8751588010848692,0.606141273491198,0.31184606031489914,2724.0,0.046622613803230545,"200 trees, 2724 total nodes","{'max_depth': 3, 'min_samples_leaf': 3, 'n_estimators': 200}"
263,rf_importance,HistGradientBoosting-tiny,15,0.8727159210641318,0.6120429980042242,0.3081587344954831,790.0,0.16075949367088607,"100 stages, 790 total nodes","{'learning_rate': 0.1, 'max_depth': 3, 'min_samples_leaf': 20}"
264,rf_importance,LassoLarsIC,15,0.8727134659803756,0.612048900586815,0.44420750640633694,16.0,7.9375,linear coefficients + intercept,{}
265,f_regression,ExtraTree-tiny,15,0.8716444928752869,0.6146135705385275,0.3667596314362282,21.0,6.0476190476190474,"single tree, 21 nodes","{'max_depth': 4, 'min_samples_leaf': 5}"
266,mutual_info,Bagging-tiny,15,0.8715778653411397,0.6147730684626457,0.32831485664363347,750.0,0.16933333333333334,"50 trees, 750 total nodes","{'max_samples': 1.0, 'n_estimators': 50}"
267,rf_importance,ElasticNetCV,15,0.8711188655108272,0.6158707337734253,0.44878896496661513,16.0,7.9375,linear coefficients + intercept,{}
268,rf_importance,LassoLarsCV,15,0.870370351911287,0.6176565662355813,0.44965771531903287,16.0,7.9375,linear coefficients + intercept,{}
269,rf_importance,OrthogonalMatchingPursuit,15,0.870291421406879,0.6178445808068204,0.4645794849163069,16.0,7.9375,linear coefficients + intercept,{'n_nonzero_coefs': 8}
270,rfe_ridge,Bagging-tiny,15,0.8701834782633922,0.6181016116735791,0.3699911646774889,296.0,0.42905405405405406,"20 trees, 296 total nodes","{'max_samples': 0.7, 'n_estimators': 20}"
271,correlation,LightGBM-tiny,15,0.8701368599536752,0.6182125847050882,0.2958342036719022,680.0,0.18676470588235294,"100 boosting trees, ~680 total nodes (leaf-based estimate)","{'learning_rate': 0.1, 'max_depth': 2, 'n_estimators': 100, 'num_leaves': 7}"
272,rf_importance,LinearRegression,15,0.8690951699734756,0.6206871112890059,0.454570398236638,16.0,7.9375,linear coefficients + intercept,{}
273,rf_importance,LassoCV,15,0.868660288420401,0.6217172549642307,0.4521329651282714,16.0,7.9375,linear coefficients + intercept,{}
274,f_regression,AdaBoost-tiny,15,0.8641713773280644,0.6322524779731863,0.46810797596895803,350.0,0.3628571428571429,"50 trees, 350 total nodes","{'learning_rate': 0.5, 'n_estimators': 50}"
275,correlation,AdaBoost-tiny,15,0.8620986191125893,0.6370583306161757,0.466931681562488,350.0,0.3628571428571429,"50 trees, 350 total nodes","{'learning_rate': 0.5, 'n_estimators': 50}"
276,rfe_ridge,HistGradientBoosting-tiny,15,0.8614162537941226,0.6386325355994339,0.3931279045262966,520.0,0.24423076923076922,"100 stages, 520 total nodes","{'learning_rate': 0.1, 'max_depth': 2, 'min_samples_leaf': 20}"
277,rf_importance,SGDRegressor,15,0.8605951678142624,0.6405216381210981,0.45623531942423623,16.0,7.9375,linear coefficients + intercept,"{'alpha': 0.01, 'penalty': 'l2'}"
278,rf_importance,AdaBoost-tiny,15,0.8599742979595429,0.6419464049823069,0.448114810851465,210.0,0.6047619047619047,"30 trees, 210 total nodes","{'learning_rate': 0.5, 'n_estimators': 30}"
279,mutual_info,RandomForest-tiny,15,0.8566561105918777,0.6495079687954081,0.3274494191511788,2760.0,0.04601449275362319,"200 trees, 2760 total nodes","{'max_depth': 3, 'min_samples_leaf': 3, 'n_estimators': 200}"
280,lasso,HistGradientBoosting-tiny,15,0.8560790295097529,0.6508140665976823,0.3415443298973432,766.0,0.16579634464751958,"100 stages, 766 total nodes","{'learning_rate': 0.1, 'max_depth': 3, 'min_samples_leaf': 20}"
281,rfe_ridge,GaussianProcess,15,0.8553153486327143,0.6525384736743114,0.3507114105958426,32.62628969811563,3.8925664295604854,gp_effective_dof: trace(K(K+sigma^2*I)^-1),"{'kernel': 1**2 * Matern(length_scale=1, nu=2.5) + WhiteKernel(noise_level=0.5)}"
282,mutual_info,LightGBM-tiny,15,0.8536222948297155,0.6563452684946055,0.29929569473712586,664.0,0.19126506024096385,"100 boosting trees, ~664 total nodes (leaf-based estimate)","{'learning_rate': 0.1, 'max_depth': 2, 'n_estimators': 100, 'num_leaves': 7}"
283,rf_importance,PLS,15,0.8497505573330006,0.6649688882710176,0.48937624146381864,6.0,21.166666666666668,5 latent components (true PLS dimensionality),{'n_components': 5}
284,mutual_info,GaussianProcess,15,0.8495585438570817,0.6653936559700141,0.3619062840310988,45.778000694141696,2.7742583353198396,gp_effective_dof: trace(K(K+sigma^2*I)^-1),"{'kernel': 1**2 * Matern(length_scale=1, nu=1.5) + WhiteKernel(noise_level=0.5)}"
285,mutual_info,GradientBoosting-tiny,15,0.8490565035297555,0.6665029785828962,0.29390393926686276,676.0,0.1878698224852071,"100 stages, 676 total nodes","{'learning_rate': 0.1, 'max_depth': 2, 'n_estimators': 100}"
286,lasso,Bagging-tiny,15,0.8475432549263873,0.6698355814606249,0.3324745465842825,748.0,0.1697860962566845,"50 trees, 748 total nodes","{'max_samples': 1.0, 'n_estimators': 50}"
287,rfe_ridge,NuSVR,15,0.8475226917788843,0.6698807531696138,0.34091326094085345,124.0,1.0241935483870968,124 support vectors (of 127 training points),"{'C': 10, 'nu': 0.7}"
288,rfe_ridge,SVR-RBF,15,0.8461862264815518,0.672810104339792,0.33786604670723763,98.0,1.2959183673469388,98 support vectors (of 127 training points),"{'C': 10, 'epsilon': 0.05, 'gamma': 'scale'}"
289,lasso,SVR-RBF,15,0.8406967003490755,0.6847109566100802,0.3110946338079258,81.0,1.5679012345679013,81 support vectors (of 127 training points),"{'C': 50, 'epsilon': 0.05, 'gamma': 'scale'}"
290,lasso,NuSVR,15,0.839419268518486,0.6874507777545972,0.30398282556138795,127.0,1.0,127 support vectors (of 127 training points),"{'C': 50, 'nu': 0.7}"
291,rfe_ridge,RandomForest-tiny,15,0.8369480850927646,0.6927201863962974,0.39371552911098445,1322.0,0.09606656580937972,"100 trees, 1322 total nodes","{'max_depth': 3, 'min_samples_leaf': 3, 'n_estimators': 100}"
292,lasso,KNN,15,0.8323623048866909,0.702393901533454,0.30744792387608233,127.0,1.0,non-parametric: stores all 127 training points,"{'n_neighbors': 3, 'weights': 'distance'}"
293,rfe_ridge,KernelRidge,15,0.8320172412397546,0.7031164299779621,0.42174173695888795,19.81167303479129,6.410362202978781,krr_effective_dof: trace(K(K+alpha*I)^-1),"{'alpha': 0.1, 'gamma': 0.01}"
294,mutual_info,KNN,15,0.8315549780991738,0.7040832003592534,0.3523084210062363,127.0,1.0,non-parametric: stores all 127 training points,"{'n_neighbors': 5, 'weights': 'distance'}"
295,lasso,LightGBM-tiny,15,0.8310260499081537,0.7051877671787055,0.3386056068397365,628.0,0.20222929936305734,"100 boosting trees, ~628 total nodes (leaf-based estimate)","{'learning_rate': 0.1, 'max_depth': 2, 'n_estimators': 100, 'num_leaves': 7}"
296,mutual_info,KernelRidge,15,0.8306290396155709,0.7060157129849737,0.4649185225203561,19.03751739896026,6.671037895252883,krr_effective_dof: trace(K(K+alpha*I)^-1),"{'alpha': 0.1, 'gamma': 0.01}"
297,rf_importance,LinearSVR,15,0.8299241003491166,0.7074834421780293,0.4647094557134275,16.0,7.9375,linear coefficients + intercept,"{'C': 10, 'epsilon': 0.1}"
298,lasso,ExtraTrees-tiny,15,0.8292095776092832,0.7089680240049842,0.4033585220622514,1316.0,0.09650455927051672,"100 trees, 1316 total nodes","{'max_depth': 3, 'min_samples_leaf': 5, 'n_estimators': 100}"
299,rfe_ridge,PLS,15,0.8282742392101748,0.7109067146510316,0.48073989916935245,6.0,21.166666666666668,5 latent components (true PLS dimensionality),{'n_components': 5}
300,rf_importance,HuberRegressor,15,0.8264244879220276,0.7147252401982552,0.4611852910720226,16.0,7.9375,linear coefficients + intercept,"{'alpha': 0.1, 'epsilon': 1.5}"
301,rfe_ridge,DecisionTree-tiny,15,0.8263393852309124,0.7149004307736407,0.43905110231872035,21.0,6.0476190476190474,"single tree, 21 nodes","{'max_depth': 4, 'min_samples_leaf': 5}"
302,lasso,RandomForest-tiny,15,0.8240837032019026,0.7195283808262255,0.3731248069126344,1342.0,0.09463487332339791,"100 trees, 1342 total nodes","{'max_depth': 3, 'min_samples_leaf': 3, 'n_estimators': 100}"
303,rfe_ridge,OrthogonalMatchingPursuit,15,0.8238146191688559,0.72007847089798,0.5302481968172942,16.0,7.9375,linear coefficients + intercept,{'n_nonzero_coefs': 8}
304,lasso,KernelRidge,15,0.8235864793109342,0.7205445295834004,0.3992619083247279,20.400753860908438,6.225260148025958,krr_effective_dof: trace(K(K+alpha*I)^-1),"{'alpha': 0.1, 'gamma': 0.01}"
305,mutual_info,SVR-RBF,15,0.821396652169891,0.725002809156613,0.3489188933580339,84.0,1.5119047619047619,84 support vectors (of 127 training points),"{'C': 50, 'epsilon': 0.05, 'gamma': 'scale'}"
306,f_regression,KernelRidge,15,0.8199425799831727,0.7279480771411966,0.47558169698832975,20.435850428922873,6.214568874523412,krr_effective_dof: trace(K(K+alpha*I)^-1),"{'alpha': 0.1, 'gamma': 0.01}"
307,correlation,KernelRidge,15,0.8199425799831722,0.7279480771411976,0.47558169698833463,20.43585042892288,6.21456887452341,krr_effective_dof: trace(K(K+alpha*I)^-1),"{'alpha': 0.1, 'gamma': 0.01}"
308,lasso,ExtraTree-tiny,15,0.817640835148814,0.7325861250353807,0.44475344916693715,15.0,8.466666666666667,"single tree, 15 nodes","{'max_depth': 3, 'min_samples_leaf': 10}"
309,mutual_info,NuSVR,15,0.8175337322323359,0.7328012241598085,0.3421658899641188,126.0,1.007936507936508,126 support vectors (of 127 training points),"{'C': 50, 'nu': 0.7}"
310,mutual_info,AdaBoost-tiny,15,0.8157008711341618,0.7364724967005517,0.48190475856411774,350.0,0.3628571428571429,"50 trees, 350 total nodes","{'learning_rate': 0.5, 'n_estimators': 50}"
311,rfe_ridge,ExtraTrees-tiny,15,0.8127983802546622,0.7422491223566363,0.44454263422620177,1274.0,0.09968602825745683,"100 trees, 1274 total nodes","{'max_depth': 3, 'min_samples_leaf': 5, 'n_estimators': 100}"
312,rf_importance,ExtraTree-tiny,15,0.8119940270351146,0.7438420319900254,0.4594858564036874,7.0,18.142857142857142,"single tree, 7 nodes","{'max_depth': 2, 'min_samples_leaf': 5}"
313,mutual_info,ExtraTrees-tiny,15,0.8113146000320578,0.7451848898233403,0.46342305363923075,2866.0,0.04431263084438242,"200 trees, 2866 total nodes","{'max_depth': 3, 'min_samples_leaf': 5, 'n_estimators': 200}"
314,mutual_info,BayesianRidge,15,0.8107269916391375,0.74634432376432,0.512125611082186,16.0,7.9375,linear coefficients + intercept,{}
315,rfe_ridge,BayesianRidge,15,0.8072531083404655,0.7531623177603443,0.48388671984724074,16.0,7.9375,linear coefficients + intercept,{}
316,rfe_ridge,SGDRegressor,15,0.8067391803245132,0.7541657413181325,0.515026905615646,16.0,7.9375,linear coefficients + intercept,"{'alpha': 0.0001, 'penalty': 'l2'}"
317,rfe_ridge,ElasticNet,15,0.806313369669257,0.7549961090992733,0.47683354623083263,16.0,7.9375,linear coefficients + intercept,"{'alpha': 0.01, 'l1_ratio': 0.2}"
318,rfe_ridge,RidgeCV,15,0.8062606776146244,0.7550987996950436,0.4813264990196818,16.0,7.9375,linear coefficients + intercept,{}
319,f_regression,DecisionTree-tiny,15,0.8050802675551343,0.7573956299562283,0.45012670792357373,23.0,5.521739130434782,"single tree, 23 nodes","{'max_depth': 4, 'min_samples_leaf': 5}"
320,rfe_ridge,ElasticNetCV,15,0.8044733357134518,0.7585738848115005,0.4837557943901266,16.0,7.9375,linear coefficients + intercept,{}
321,rfe_ridge,LassoLarsIC,15,0.8040634835628062,0.7593685088728822,0.4881490045520249,16.0,7.9375,linear coefficients + intercept,{}
322,rfe_ridge,Ridge,15,0.802525804423126,0.7623423882926624,0.4831190879922795,16.0,7.9375,linear coefficients + intercept,{'alpha': 1}
323,rfe_ridge,TweedieRegressor,15,0.8023103945486838,0.7627580661975767,0.4877147755903546,16.0,7.9375,linear coefficients + intercept,{'alpha': 0.01}
324,rfe_ridge,LassoLars,15,0.8003272545309522,0.7665743552901167,0.4883777038856542,16.0,7.9375,linear coefficients + intercept,{'alpha': 0.01}
325,rfe_ridge,LassoCV,15,0.8002781227876403,0.7666686616457233,0.4883079823068901,16.0,7.9375,linear coefficients + intercept,{}
326,rfe_ridge,Lasso,15,0.800246156435985,0.7667300135111896,0.4884198948698754,16.0,7.9375,linear coefficients + intercept,{'alpha': 0.01}
327,rfe_ridge,LassoLarsCV,15,0.799776325205567,0.7676311779792971,0.4880037405003448,16.0,7.9375,linear coefficients + intercept,{}
328,rfe_ridge,LinearRegression,15,0.7982363581724197,0.7705775388556763,0.48956097206631694,16.0,7.9375,linear coefficients + intercept,{}
329,rfe_ridge,AdaBoost-tiny,15,0.791756237348297,0.7828542124515415,0.503473832279512,343.0,0.37026239067055394,"49 trees, 343 total nodes","{'learning_rate': 0.5, 'n_estimators': 50}"
330,rfe_ridge,LinearSVR,15,0.7911551222961354,0.7839832891086725,0.44268096271992613,16.0,7.9375,linear coefficients + intercept,"{'C': 1, 'epsilon': 0.1}"
331,lasso,AdaBoost-tiny,15,0.7879454755482853,0.7899846691985009,0.49213433843324583,350.0,0.3628571428571429,"50 trees, 350 total nodes","{'learning_rate': 0.5, 'n_estimators': 50}"
332,lasso,DecisionTree-tiny,15,0.7878624161021799,0.7901393682440541,0.3918313789713658,23.0,5.521739130434782,"single tree, 23 nodes","{'max_depth': 4, 'min_samples_leaf': 5}"
333,rfe_ridge,HuberRegressor,15,0.7877116540920223,0.7904200866349133,0.45620082647649735,16.0,7.9375,linear coefficients + intercept,"{'alpha': 0.1, 'epsilon': 1.5}"
334,mutual_info,Ridge,15,0.7855530999573919,0.7944284304907114,0.5465488542544864,16.0,7.9375,linear coefficients + intercept,{'alpha': 10}
335,mutual_info,LassoLarsIC,15,0.7848635749406916,0.7957045940921192,0.5364208753526847,16.0,7.9375,linear coefficients + intercept,{}
336,rfe_ridge,OrthogonalMatchingPursuitCV,15,0.7826646576147391,0.7997607189756324,0.6082881662415465,16.0,7.9375,linear coefficients + intercept,{}
337,mutual_info,DecisionTree-tiny,15,0.7816015892128804,0.8017142972871057,0.36484412889237233,23.0,5.521739130434782,"single tree, 23 nodes","{'max_depth': 4, 'min_samples_leaf': 5}"
338,mutual_info,RidgeCV,15,0.7808102372794941,0.8031654628078909,0.5546846658208405,16.0,7.9375,linear coefficients + intercept,{}
339,rfe_ridge,KNN,15,0.7807890014101541,0.8032043686024081,0.3691328749304999,127.0,1.0,non-parametric: stores all 127 training points,"{'n_neighbors': 3, 'weights': 'distance'}"
340,mutual_info,TweedieRegressor,15,0.7795180229192932,0.8055294801046173,0.5608494186309299,16.0,7.9375,linear coefficients + intercept,{'alpha': 0.1}
341,rf_importance,PassiveAggressiveRegressor,15,0.7787393063619148,0.8069507442340381,0.6128748984638677,16.0,7.9375,linear coefficients + intercept,{'C': 0.1}
342,mutual_info,SGDRegressor,15,0.7765573596200697,0.8109198269884685,0.5514733602145084,16.0,7.9375,linear coefficients + intercept,"{'alpha': 0.01, 'penalty': 'elasticnet'}"
343,mutual_info,PassiveAggressiveRegressor,15,0.7755305628249806,0.8127809209375457,0.4976577896613466,16.0,7.9375,linear coefficients + intercept,{'C': 0.01}
344,mutual_info,ElasticNet,15,0.7741289104391897,0.815314591961034,0.5636900701756812,16.0,7.9375,linear coefficients + intercept,"{'alpha': 0.1, 'l1_ratio': 0.2}"
345,mutual_info,PLS,15,0.765542833370356,0.8306664076664125,0.5599140407538009,4.0,31.75,3 latent components (true PLS dimensionality),{'n_components': 3}
346,lasso,GaussianProcess,15,0.7649987189898563,0.8316297299172016,0.40351112921473237,31.03166135505848,4.092594287714399,gp_effective_dof: trace(K(K+sigma^2*I)^-1),"{'kernel': 1**2 * Matern(length_scale=1, nu=1.5) + WhiteKernel(noise_level=0.5)}"
347,mutual_info,ElasticNetCV,15,0.764869876260988,0.8318576749752679,0.5554039673473842,16.0,7.9375,linear coefficients + intercept,{}
348,correlation,DecisionTree-tiny,15,0.761697977055975,0.8374497480363539,0.48029958154765984,23.0,5.521739130434782,"single tree, 23 nodes","{'max_depth': 4, 'min_samples_leaf': 5}"
349,rfe_ridge,LarsCV,15,0.7616216197215631,0.8375839061691838,0.5803387845197518,16.0,7.9375,linear coefficients + intercept,{}
350,correlation,ExtraTree-tiny,15,0.7601112730229156,0.8402331493747848,0.5052647115287975,15.0,8.466666666666667,"single tree, 15 nodes","{'max_depth': 3, 'min_samples_leaf': 5}"
351,mutual_info,LinearSVR,15,0.7581613106722888,0.8436412022777207,0.5005741331599495,16.0,7.9375,linear coefficients + intercept,"{'C': 1, 'epsilon': 0.01}"
352,mutual_info,ExtraTree-tiny,15,0.7539052578408472,0.8510323306767721,0.5014804711965398,13.0,9.76923076923077,"single tree, 13 nodes","{'max_depth': 3, 'min_samples_leaf': 5}"
353,mutual_info,HuberRegressor,15,0.7530751237384685,0.852466486043605,0.5159437820550025,16.0,7.9375,linear coefficients + intercept,"{'alpha': 0.1, 'epsilon': 1.2}"
354,rfe_ridge,PassiveAggressiveRegressor,15,0.7391194904451073,0.8762251384995862,0.5852282175473316,16.0,7.9375,linear coefficients + intercept,{'C': 0.01}
355,rf_importance,OrthogonalMatchingPursuitCV,15,0.7296359408317694,0.8920092763455885,0.6410472173241535,16.0,7.9375,linear coefficients + intercept,{}
356,f_regression,SGDRegressor,15,0.7295052634387623,0.8922248215726182,0.6215962718907594,16.0,7.9375,linear coefficients + intercept,"{'alpha': 0.01, 'penalty': 'elasticnet'}"
357,correlation,SGDRegressor,15,0.7295052634387623,0.8922248215726182,0.6215962718907593,16.0,7.9375,linear coefficients + intercept,"{'alpha': 0.01, 'penalty': 'elasticnet'}"
358,f_regression,SmallMLP,15,0.7274388552811877,0.8956263533051732,0.5894651744561853,35.0,3.6285714285714286,"layers (2,)","{'alpha': 1.0, 'hidden_layer_sizes': (2,)}"
359,rfe_ridge,RANSACRegressor,15,0.7271365451701255,0.8961229058621936,0.5396413542755807,16.0,7.9375,RANSAC inlier-fitted LinearRegression,{}
360,f_regression,TweedieRegressor,15,0.7217456525230295,0.9049318438333125,0.6440679833908408,16.0,7.9375,linear coefficients + intercept,{'alpha': 0.1}
361,correlation,TweedieRegressor,15,0.7217456525229751,0.904931843833401,0.6440679833909305,16.0,7.9375,linear coefficients + intercept,{'alpha': 0.1}
362,f_regression,ElasticNetCV,15,0.72164745015004,0.9050915153997987,0.6175821687617021,16.0,7.9375,linear coefficients + intercept,{}
363,correlation,ElasticNetCV,15,0.721513928268199,0.9053085693363475,0.6177095596394045,16.0,7.9375,linear coefficients + intercept,{}
364,correlation,Ridge,15,0.7184871377833526,0.910215051672951,0.6397616414910553,16.0,7.9375,linear coefficients + intercept,{'alpha': 10}
365,f_regression,Ridge,15,0.7184871377833525,0.910215051672951,0.6397616414910553,16.0,7.9375,linear coefficients + intercept,{'alpha': 10}
366,mutual_info,LassoLarsCV,15,0.717338516812636,0.9120700784932871,0.5761118449475076,16.0,7.9375,linear coefficients + intercept,{}
367,mutual_info,LassoCV,15,0.7166881926484496,0.9131186834077688,0.576527317322316,16.0,7.9375,linear coefficients + intercept,{}
368,f_regression,BayesianRidge,15,0.7090008894448687,0.9254239236043685,0.6144691269737534,16.0,7.9375,linear coefficients + intercept,{}
369,correlation,BayesianRidge,15,0.709000889444867,0.9254239236043713,0.6144691269737549,16.0,7.9375,linear coefficients + intercept,{}
370,correlation,LassoLarsCV,15,0.702399511075223,0.9358617811977784,0.6055985053867439,16.0,7.9375,linear coefficients + intercept,{}
371,f_regression,LassoLarsCV,15,0.7023995110752229,0.9358617811977785,0.6055985053867439,16.0,7.9375,linear coefficients + intercept,{}
372,correlation,LassoCV,15,0.7022640521173154,0.936074745295684,0.6058902761223102,16.0,7.9375,linear coefficients + intercept,{}
373,f_regression,LassoCV,15,0.7022104479265447,0.9361590066542801,0.6058966214796456,16.0,7.9375,linear coefficients + intercept,{}
374,rf_importance,SmallMLP,15,0.7002980073036922,0.9391602591087082,0.6035232641884228,69.0,1.8405797101449275,"layers (4,)","{'alpha': 0.1, 'hidden_layer_sizes': (4,)}"
375,correlation,LinearRegression,15,0.6922958050459573,0.9516157037244412,0.6262146841854147,16.0,7.9375,linear coefficients + intercept,{}
376,f_regression,LinearRegression,15,0.6922958050459573,0.9516157037244413,0.6262146841854147,16.0,7.9375,linear coefficients + intercept,{}
377,mutual_info,LassoLars,15,0.6895318051381931,0.9558801652598804,0.5899172593818017,16.0,7.9375,linear coefficients + intercept,{'alpha': 0.1}
378,mutual_info,Lasso,15,0.6895265192103626,0.9558883024735236,0.5899145676246362,16.0,7.9375,linear coefficients + intercept,{'alpha': 0.1}
379,rfe_ridge,ExtraTree-tiny,15,0.6875105042704535,0.9589867424704213,0.6014680627533104,9.0,14.11111111111111,"single tree, 9 nodes","{'max_depth': 3, 'min_samples_leaf': 5}"
380,f_regression,LinearSVR,15,0.687425406774625,0.9591173097636186,0.5715206826032652,16.0,7.9375,linear coefficients + intercept,"{'C': 0.1, 'epsilon': 0.01}"
381,correlation,LinearSVR,15,0.6874254067746244,0.9591173097636198,0.5715206826032654,16.0,7.9375,linear coefficients + intercept,"{'C': 0.1, 'epsilon': 0.01}"
382,correlation,HuberRegressor,15,0.6862231584997214,0.9609600546647185,0.5772285102149268,16.0,7.9375,linear coefficients + intercept,"{'alpha': 0.1, 'epsilon': 1.5}"
383,f_regression,HuberRegressor,15,0.6862231584177028,0.9609600547903118,0.5772285102519664,16.0,7.9375,linear coefficients + intercept,"{'alpha': 0.1, 'epsilon': 1.5}"
384,f_regression,RidgeCV,15,0.6783250968702373,0.9729790318480304,0.6527222346160405,16.0,7.9375,linear coefficients + intercept,{}
385,correlation,RidgeCV,15,0.6783250968699845,0.9729790318484126,0.652722234616098,16.0,7.9375,linear coefficients + intercept,{}
386,f_regression,ElasticNet,15,0.6776976708085238,0.9739274661288791,0.6534212040995458,16.0,7.9375,linear coefficients + intercept,"{'alpha': 0.1, 'l1_ratio': 0.2}"
387,correlation,ElasticNet,15,0.677305084158107,0.9745204413037561,0.6534915030980423,16.0,7.9375,linear coefficients + intercept,"{'alpha': 0.1, 'l1_ratio': 0.2}"
388,f_regression,LassoLarsIC,15,0.6747688549773483,0.9783425804749878,0.6221171854772597,16.0,7.9375,linear coefficients + intercept,{}
389,correlation,LassoLarsIC,15,0.6747688549773471,0.9783425804749896,0.6221171854772608,16.0,7.9375,linear coefficients + intercept,{}
390,lasso,OrthogonalMatchingPursuitCV,15,0.6717594639387806,0.982858500922015,0.641326951962816,16.0,7.9375,linear coefficients + intercept,{}
391,correlation,SmallMLP,15,0.651705284704722,1.0124377596997736,0.7035024632979492,35.0,3.6285714285714286,"layers (2,)","{'alpha': 1.0, 'hidden_layer_sizes': (2,)}"
392,correlation,OrthogonalMatchingPursuitCV,15,0.6456914965796868,1.0211409188792164,0.6916965134267505,16.0,7.9375,linear coefficients + intercept,{}
393,f_regression,OrthogonalMatchingPursuitCV,15,0.6456914965796865,1.0211409188792169,0.6916965134267506,16.0,7.9375,linear coefficients + intercept,{}
394,correlation,PLS,15,0.6446751795718171,1.0226044170972357,0.7379460767726356,3.0,42.333333333333336,2 latent components (true PLS dimensionality),{'n_components': 2}
395,f_regression,PLS,15,0.6446751795718166,1.0226044170972364,0.7379460767726362,3.0,42.333333333333336,2 latent components (true PLS dimensionality),{'n_components': 2}
396,mutual_info,OrthogonalMatchingPursuit,15,0.6297679287222744,1.043835132939447,0.5891540217488683,16.0,7.9375,linear coefficients + intercept,{'n_nonzero_coefs': 8}
397,mutual_info,LinearRegression,15,0.6267023070607202,1.0481478423218578,0.5755311412123311,16.0,7.9375,linear coefficients + intercept,{}
398,correlation,OrthogonalMatchingPursuit,15,0.6250150602294483,1.0505139034372972,0.6957883130717004,16.0,7.9375,linear coefficients + intercept,{'n_nonzero_coefs': 3}
399,f_regression,OrthogonalMatchingPursuit,15,0.625015060229448,1.0505139034372977,0.6957883130717005,16.0,7.9375,linear coefficients + intercept,{'n_nonzero_coefs': 3}
400,mutual_info,LarsCV,15,0.6207965830288733,1.0564063735286062,0.7654117362055514,16.0,7.9375,linear coefficients + intercept,{}
401,f_regression,Lasso,15,0.6123729982324848,1.068075375974002,0.7266057339680564,16.0,7.9375,linear coefficients + intercept,{'alpha': 0.1}
402,correlation,Lasso,15,0.6122010790406414,1.0683122045478581,0.726663731208695,16.0,7.9375,linear coefficients + intercept,{'alpha': 0.1}
403,f_regression,LassoLars,15,0.6118431218264428,1.0688051428142074,0.7267253670075706,16.0,7.9375,linear coefficients + intercept,{'alpha': 0.1}
404,correlation,LassoLars,15,0.6118431218264422,1.0688051428142085,0.7267253670075707,16.0,7.9375,linear coefficients + intercept,{'alpha': 0.1}
405,rfe_ridge,SmallMLP,15,0.600605924167958,1.084165794314778,0.7407911875019989,69.0,1.8405797101449275,"layers (4,)","{'alpha': 1.0, 'hidden_layer_sizes': (4,)}"
406,correlation,LarsCV,15,0.5890419639736815,1.0997491381679394,0.8713112616232833,16.0,7.9375,linear coefficients + intercept,{}
407,f_regression,LarsCV,15,0.5890419639736811,1.0997491381679396,0.8713112616232833,16.0,7.9375,linear coefficients + intercept,{}
408,mutual_info,OrthogonalMatchingPursuitCV,15,0.5795623932230558,1.1123607835900329,0.8136171555651396,16.0,7.9375,linear coefficients + intercept,{}
409,lasso,LarsCV,15,0.5554409721186303,1.143825063954645,0.7314296378102869,16.0,7.9375,linear coefficients + intercept,{}
410,mutual_info,SmallMLP,15,0.5464018685174781,1.1553950967122477,0.729425350450312,137.0,0.927007299270073,"layers (8,)","{'alpha': 1.0, 'hidden_layer_sizes': (8,)}"
411,f_regression,PassiveAggressiveRegressor,15,0.5429757983136659,1.1597502933832557,0.7825140655449295,16.0,7.9375,linear coefficients + intercept,{'C': 1}
412,correlation,PassiveAggressiveRegressor,15,0.5429757983136659,1.1597502933832557,0.7825140655449295,16.0,7.9375,linear coefficients + intercept,{'C': 1}
413,rf_importance,LarsCV,15,0.5417339290048687,1.1613249159256789,0.9121592428652248,16.0,7.9375,linear coefficients + intercept,{}
414,mutual_info,RANSACRegressor,15,0.16183213942250596,1.5705811964718772,0.7343568782696253,16.0,7.9375,RANSAC inlier-fitted LinearRegression,{}
415,rf_importance,RANSACRegressor,15,0.09501979635331981,1.6319784936169452,0.8024582122045388,16.0,7.9375,RANSAC inlier-fitted LinearRegression,{}
416,f_regression,Dummy-baseline,15,-0.015208038089242315,1.728512066148198,1.3294208821327171,1.0,127.0,constant baseline,{}
417,rf_importance,Dummy-baseline,15,-0.015208038089242315,1.728512066148198,1.3294208821327171,1.0,127.0,constant baseline,{}
418,correlation,Dummy-baseline,15,-0.015208038089242315,1.728512066148198,1.3294208821327171,1.0,127.0,constant baseline,{}
419,lasso,Dummy-baseline,15,-0.015208038089242315,1.728512066148198,1.3294208821327171,1.0,127.0,constant baseline,{}
420,rfe_ridge,Dummy-baseline,15,-0.015208038089242315,1.728512066148198,1.3294208821327171,1.0,127.0,constant baseline,{}
421,mutual_info,Dummy-baseline,15,-0.015208038089242315,1.728512066148198,1.3294208821327171,1.0,127.0,constant baseline,{}
422,correlation,RANSACRegressor,15,-0.6240280749635667,2.1862089004401484,1.0856088097001517,16.0,7.9375,RANSAC inlier-fitted LinearRegression,{}
423,f_regression,RANSACRegressor,15,-0.6240280749635696,2.18620890044015,1.0856088097001522,16.0,7.9375,RANSAC inlier-fitted LinearRegression,{}
424,lasso,SGDRegressor,15,-218.97812370581084,25.443956148165476,2.9900175294653466,16.0,7.9375,linear coefficients + intercept,"{'alpha': 0.01, 'penalty': 'l2'}"
425,lasso,OrthogonalMatchingPursuit,15,-340.57709625241625,31.705839938634735,3.6190088940810465,16.0,7.9375,linear coefficients + intercept,{'n_nonzero_coefs': 10}
426,lasso,LinearSVR,15,-467.7257243437969,37.14105930401544,4.118811984715532,16.0,7.9375,linear coefficients + intercept,"{'C': 1, 'epsilon': 0.1}"
427,lasso,PassiveAggressiveRegressor,15,-513.8490712867925,38.92555904102255,4.320636388613196,16.0,7.9375,linear coefficients + intercept,{'C': 0.01}
428,lasso,PLS,15,-523.2240086128905,39.27835990459733,4.377223601719118,4.0,31.75,3 latent components (true PLS dimensionality),{'n_components': 3}
429,lasso,BayesianRidge,15,-569.8468891465935,40.98780968731817,4.5082653949729155,16.0,7.9375,linear coefficients + intercept,{}
430,lasso,TweedieRegressor,15,-570.0802697566388,40.99618740007543,4.507950421583858,16.0,7.9375,linear coefficients + intercept,{'alpha': 0.1}
431,lasso,ElasticNet,15,-572.6810973692451,41.08943426927496,4.517076196975741,16.0,7.9375,linear coefficients + intercept,"{'alpha': 0.01, 'l1_ratio': 0.8}"
432,lasso,RANSACRegressor,15,-573.0903522822051,41.1040879287001,4.5161397455256065,16.0,7.9375,RANSAC inlier-fitted LinearRegression,{}
433,lasso,LassoLarsIC,15,-578.5226468639395,41.29810249614746,4.539432965065453,16.0,7.9375,linear coefficients + intercept,{}
434,lasso,RidgeCV,15,-581.9859887863553,41.42132148815496,4.5461376129137445,16.0,7.9375,linear coefficients + intercept,{}
435,lasso,Ridge,15,-581.9875312139229,41.421376283078956,4.550190964231215,16.0,7.9375,linear coefficients + intercept,{'alpha': 1}
436,lasso,HuberRegressor,15,-595.1788277231888,41.88737704869302,4.579508097105368,16.0,7.9375,linear coefficients + intercept,"{'alpha': 0.1, 'epsilon': 1.5}"
437,lasso,ElasticNetCV,15,-634.8126008652064,43.25730483752591,4.7301200573598425,16.0,7.9375,linear coefficients + intercept,{}
438,lasso,LassoCV,15,-664.4166180727093,44.252897627325915,4.828303077033905,16.0,7.9375,linear coefficients + intercept,{}
439,lasso,LassoLarsCV,15,-665.0018437938227,44.2723532897607,4.830753666734085,16.0,7.9375,linear coefficients + intercept,{}
440,lasso,LassoLars,15,-681.2212867426782,44.80820275124772,4.8848487109863115,16.0,7.9375,linear coefficients + intercept,{'alpha': 0.01}
441,lasso,Lasso,15,-682.2796285910899,44.84294515777927,4.888253993108876,16.0,7.9375,linear coefficients + intercept,{'alpha': 0.01}
442,lasso,LinearRegression,15,-690.066130774527,45.09773144062223,4.916428386024197,16.0,7.9375,linear coefficients + intercept,{}
443,lasso,SmallMLP,15,-1625.2394194711524,69.18104752080639,7.39259388453773,137.0,0.927007299270073,"layers (8,)","{'alpha': 1.0, 'hidden_layer_sizes': (8,)}"
444,rf_importance,KNN,20,0.9322670696306951,0.4464726132195768,0.2221016922480984,127.0,1.0,non-parametric: stores all 127 training points,"{'n_neighbors': 3, 'weights': 'distance'}"
445,correlation,KNN,20,0.9218945029265128,0.4794415757081505,0.2529792802405337,127.0,1.0,non-parametric: stores all 127 training points,"{'n_neighbors': 5, 'weights': 'distance'}"
446,f_regression,KNN,20,0.9218945029265126,0.47944157570815066,0.2529792802405338,127.0,1.0,non-parametric: stores all 127 training points,"{'n_neighbors': 5, 'weights': 'distance'}"
447,f_regression,GaussianProcess,20,0.9139369775045495,0.5032724868504092,0.2953521475429285,47.844773841538526,2.6544173961532955,gp_effective_dof: trace(K(K+sigma^2*I)^-1),"{'kernel': 1**2 * Matern(length_scale=1, nu=1.5) + WhiteKernel(noise_level=0.5)}"
448,correlation,GaussianProcess,20,0.9139369775045495,0.5032724868504092,0.29535214754293,47.844773841538476,2.654417396153298,gp_effective_dof: trace(K(K+sigma^2*I)^-1),"{'kernel': 1**2 * Matern(length_scale=1, nu=1.5) + WhiteKernel(noise_level=0.5)}"
449,rf_importance,LightGBM-tiny,20,0.9060620464951542,0.5257937736750223,0.24907103014487936,660.0,0.19242424242424241,"100 boosting trees, ~660 total nodes (leaf-based estimate)","{'learning_rate': 0.1, 'max_depth': 2, 'n_estimators': 100, 'num_leaves': 7}"
450,f_regression,NuSVR,20,0.9048288664898636,0.5292337264296613,0.24013042086857692,115.0,1.1043478260869566,115 support vectors (of 127 training points),"{'C': 10, 'nu': 0.3}"
451,correlation,NuSVR,20,0.9048288664898636,0.5292337264296614,0.24013042086857786,115.0,1.1043478260869566,115 support vectors (of 127 training points),"{'C': 10, 'nu': 0.3}"
452,f_regression,SVR-RBF,20,0.9035854231407205,0.532679816525363,0.25021486484620253,92.0,1.3804347826086956,92 support vectors (of 127 training points),"{'C': 50, 'epsilon': 0.05, 'gamma': 'scale'}"
453,correlation,SVR-RBF,20,0.9035854231407205,0.5326798165253632,0.25021486484620303,92.0,1.3804347826086956,92 support vectors (of 127 training points),"{'C': 50, 'epsilon': 0.05, 'gamma': 'scale'}"
454,f_regression,Bagging-tiny,20,0.9006292998991323,0.540784289753312,0.3143646390528205,750.0,0.16933333333333334,"50 trees, 750 total nodes","{'max_samples': 1.0, 'n_estimators': 50}"
455,rf_importance,NuSVR,20,0.8999765184733398,0.5425576298076692,0.25361524636512445,103.0,1.233009708737864,103 support vectors (of 127 training points),"{'C': 50, 'nu': 0.3}"
456,f_regression,GradientBoosting-tiny,20,0.899774229407611,0.543105991245486,0.2856409215078574,686.0,0.18513119533527697,"100 stages, 686 total nodes","{'learning_rate': 0.1, 'max_depth': 2, 'n_estimators': 100}"
457,rf_importance,GaussianProcess,20,0.8993064210328633,0.5443720017194864,0.28923273120092446,37.66883248414575,3.371487556813777,gp_effective_dof: trace(K(K+sigma^2*I)^-1),"{'kernel': 1**2 * Matern(length_scale=1, nu=1.5) + WhiteKernel(noise_level=0.5)}"
458,mutual_info,Bagging-tiny,20,0.8975312298791629,0.5491495771306779,0.2963705471913071,750.0,0.16933333333333334,"50 trees, 750 total nodes","{'max_samples': 1.0, 'n_estimators': 50}"
459,rf_importance,KernelRidge,20,0.895885712729138,0.5535413351298729,0.3406879080132327,24.979874214175254,5.084092854556157,krr_effective_dof: trace(K(K+alpha*I)^-1),"{'alpha': 0.1, 'gamma': 0.01}"
460,rf_importance,SVR-RBF,20,0.8951467269209187,0.5555023335088018,0.2642788426897331,77.0,1.6493506493506493,77 support vectors (of 127 training points),"{'C': 50, 'epsilon': 0.05, 'gamma': 'scale'}"
461,correlation,GradientBoosting-tiny,20,0.8943150100032147,0.5577011589771758,0.2908861471376079,686.0,0.18513119533527697,"100 stages, 686 total nodes","{'learning_rate': 0.1, 'max_depth': 2, 'n_estimators': 100}"
462,correlation,Bagging-tiny,20,0.8920666014116653,0.5636023792672511,0.33141689224299303,750.0,0.16933333333333334,"50 trees, 750 total nodes","{'max_samples': 1.0, 'n_estimators': 50}"
463,rfe_ridge,NuSVR,20,0.8912321999764625,0.565776707396794,0.2876609803867939,126.0,1.007936507936508,126 support vectors (of 127 training points),"{'C': 10, 'nu': 0.7}"
464,rf_importance,Bagging-tiny,20,0.8899374676527823,0.5691341455766918,0.30831091715148967,750.0,0.16933333333333334,"50 trees, 750 total nodes","{'max_samples': 1.0, 'n_estimators': 50}"
465,rfe_ridge,SVR-RBF,20,0.8896798120593676,0.5697999256203093,0.2887403386567886,93.0,1.3655913978494623,93 support vectors (of 127 training points),"{'C': 10, 'epsilon': 0.05, 'gamma': 'scale'}"
466,mutual_info,GaussianProcess,20,0.8871637749963324,0.5762609167309048,0.3021590123007955,45.586841527248026,2.7858916245401635,gp_effective_dof: trace(K(K+sigma^2*I)^-1),"{'kernel': 1**2 * Matern(length_scale=1, nu=1.5) + WhiteKernel(noise_level=0.5)}"
467,f_regression,ExtraTrees-tiny,20,0.8870487701251816,0.5765545100979356,0.3807544991831463,1338.0,0.09491778774289986,"100 trees, 1338 total nodes","{'max_depth': 3, 'min_samples_leaf': 5, 'n_estimators': 100}"
468,f_regression,LightGBM-tiny,20,0.885507044159882,0.580476009520528,0.30215672279086503,676.0,0.1878698224852071,"100 boosting trees, ~676 total nodes (leaf-based estimate)","{'learning_rate': 0.1, 'max_depth': 2, 'n_estimators': 100, 'num_leaves': 7}"
469,rf_importance,GradientBoosting-tiny,20,0.8850705897828699,0.5815813627039556,0.2719446588809211,698.0,0.1819484240687679,"100 stages, 698 total nodes","{'learning_rate': 0.1, 'max_depth': 2, 'n_estimators': 100}"
470,lasso,GradientBoosting-tiny,20,0.8840307322858195,0.5842064521084742,0.26479479996515887,690.0,0.18405797101449275,"100 stages, 690 total nodes","{'learning_rate': 0.1, 'max_depth': 2, 'n_estimators': 100}"
471,f_regression,KernelRidge,20,0.8838434684661124,0.5846779416902061,0.41822158515364827,28.59054991271719,4.4420271868751255,krr_effective_dof: trace(K(K+alpha*I)^-1),"{'alpha': 0.1, 'gamma': 0.01}"
472,correlation,KernelRidge,20,0.883843468466112,0.5846779416902071,0.4182215851536477,28.590549912717186,4.4420271868751255,krr_effective_dof: trace(K(K+alpha*I)^-1),"{'alpha': 0.1, 'gamma': 0.01}"
473,mutual_info,HistGradientBoosting-tiny,20,0.8835458665431872,0.5854264573734785,0.29828706723196163,1040.0,0.12211538461538461,"100 stages, 1040 total nodes","{'learning_rate': 0.1, 'max_depth': 3, 'min_samples_leaf': 10}"
474,rfe_ridge,GaussianProcess,20,0.882325184784464,0.5884867028650369,0.29612764230239796,35.01769040200591,3.626738329742189,gp_effective_dof: trace(K(K+sigma^2*I)^-1),{'kernel': 1**2 * RBF(length_scale=1) + WhiteKernel(noise_level=0.5)}
475,correlation,ExtraTrees-tiny,20,0.8818787828622536,0.5896018647001762,0.3877876794955103,1344.0,0.09449404761904762,"100 trees, 1344 total nodes","{'max_depth': 3, 'min_samples_leaf': 5, 'n_estimators': 100}"
476,f_regression,RandomForest-tiny,20,0.8801898090089906,0.5938021584914822,0.33265951619397177,2720.0,0.046691176470588236,"200 trees, 2720 total nodes","{'max_depth': 3, 'min_samples_leaf': 3, 'n_estimators': 200}"
477,mutual_info,AdaBoost-tiny,20,0.8798209776113486,0.5947154555213241,0.4207896888583976,350.0,0.3628571428571429,"50 trees, 350 total nodes","{'learning_rate': 0.5, 'n_estimators': 50}"
478,correlation,HistGradientBoosting-tiny,20,0.878987962135946,0.5967730178868605,0.3451323713041178,748.0,0.1697860962566845,"100 stages, 748 total nodes","{'learning_rate': 0.1, 'max_depth': 3, 'min_samples_leaf': 20}"
479,mutual_info,KernelRidge,20,0.87847055121471,0.5980474676315732,0.3781998151274038,26.846235888495823,4.730644568850793,krr_effective_dof: trace(K(K+alpha*I)^-1),"{'alpha': 0.1, 'gamma': 0.01}"
480,f_regression,HistGradientBoosting-tiny,20,0.8782575143076108,0.5985714163464966,0.34108039437959875,748.0,0.1697860962566845,"100 stages, 748 total nodes","{'learning_rate': 0.1, 'max_depth': 3, 'min_samples_leaf': 20}"
481,mutual_info,SVR-RBF,20,0.8781475707024509,0.5988416352762941,0.2886567257471288,86.0,1.4767441860465116,86 support vectors (of 127 training points),"{'C': 50, 'epsilon': 0.05, 'gamma': 'scale'}"
482,mutual_info,LightGBM-tiny,20,0.8778162329626481,0.5996552593230419,0.2640140334614931,680.0,0.18676470588235294,"100 boosting trees, ~680 total nodes (leaf-based estimate)","{'learning_rate': 0.1, 'max_depth': 2, 'n_estimators': 100, 'num_leaves': 7}"
483,correlation,RandomForest-tiny,20,0.8776951922481195,0.5999522084833036,0.33548313217076375,2720.0,0.046691176470588236,"200 trees, 2720 total nodes","{'max_depth': 3, 'min_samples_leaf': 3, 'n_estimators': 200}"
484,rf_importance,HistGradientBoosting-tiny,20,0.8763284122027031,0.6032951862097837,0.29242552176185393,778.0,0.16323907455012854,"100 stages, 778 total nodes","{'learning_rate': 0.1, 'max_depth': 3, 'min_samples_leaf': 20}"
485,mutual_info,NuSVR,20,0.8752697571021182,0.6058718513272444,0.2809872888193373,127.0,1.0,127 support vectors (of 127 training points),"{'C': 50, 'nu': 0.7}"
486,rf_importance,RandomForest-tiny,20,0.8721926781591456,0.6132997094227283,0.3274678224217698,2750.0,0.046181818181818185,"200 trees, 2750 total nodes","{'max_depth': 3, 'min_samples_leaf': 3, 'n_estimators': 200}"
487,rf_importance,DecisionTree-tiny,20,0.87131845431267,0.6153936719874918,0.32257374553228624,23.0,5.521739130434782,"single tree, 23 nodes","{'max_depth': 4, 'min_samples_leaf': 5}"
488,correlation,BayesianRidge,20,0.8686927717700526,0.6216403676786184,0.4613547947213832,21.0,6.0476190476190474,linear coefficients + intercept,{}
489,f_regression,BayesianRidge,20,0.8686927717700526,0.6216403676786184,0.461354794721384,21.0,6.0476190476190474,linear coefficients + intercept,{}
490,correlation,RidgeCV,20,0.8685974046704025,0.6218660722314031,0.46394905888922383,21.0,6.0476190476190474,linear coefficients + intercept,{}
491,f_regression,RidgeCV,20,0.8685974046702292,0.6218660722318132,0.4639490588888197,21.0,6.0476190476190474,linear coefficients + intercept,{}
492,mutual_info,RandomForest-tiny,20,0.8673029230522296,0.6249216486853143,0.3217055026274605,2768.0,0.04588150289017341,"200 trees, 2768 total nodes","{'max_depth': 3, 'min_samples_leaf': 3, 'n_estimators': 200}"
493,correlation,LinearRegression,20,0.8653290366101196,0.629552387328907,0.46367743882395185,21.0,6.0476190476190474,linear coefficients + intercept,{}
494,f_regression,LinearRegression,20,0.8653290366101196,0.6295523873289072,0.46367743882395246,21.0,6.0476190476190474,linear coefficients + intercept,{}
495,rf_importance,ExtraTrees-tiny,20,0.8627315902386427,0.635594591415641,0.37020335733868226,1338.0,0.09491778774289986,"100 trees, 1338 total nodes","{'max_depth': 3, 'min_samples_leaf': 5, 'n_estimators': 100}"
496,rfe_ridge,GradientBoosting-tiny,20,0.8621245710412718,0.6369983831734133,0.3071470177164857,1336.0,0.09505988023952096,"100 stages, 1336 total nodes","{'learning_rate': 0.1, 'max_depth': 3, 'n_estimators': 100}"
497,mutual_info,BayesianRidge,20,0.8614896154782921,0.6384634776771749,0.4347057382142394,21.0,6.0476190476190474,linear coefficients + intercept,{}
498,rf_importance,ElasticNet,20,0.8584754674620991,0.6453729465677694,0.4435513475477613,21.0,6.0476190476190474,linear coefficients + intercept,"{'alpha': 0.01, 'l1_ratio': 0.2}"
499,lasso,HistGradientBoosting-tiny,20,0.8584333539378812,0.6454689613968471,0.3430448028808859,560.0,0.22678571428571428,"100 stages, 560 total nodes","{'learning_rate': 0.1, 'max_depth': 2, 'min_samples_leaf': 20}"
500,mutual_info,GradientBoosting-tiny,20,0.8584021153989875,0.6455401730685338,0.2849731091303399,680.0,0.18676470588235294,"100 stages, 680 total nodes","{'learning_rate': 0.1, 'max_depth': 2, 'n_estimators': 100}"
501,correlation,LassoLarsIC,20,0.858361701874611,0.6456322884711492,0.48178854956094624,21.0,6.0476190476190474,linear coefficients + intercept,{}
502,f_regression,LassoLarsIC,20,0.858361701874611,0.6456322884711493,0.48178854956094624,21.0,6.0476190476190474,linear coefficients + intercept,{}
503,lasso,Bagging-tiny,20,0.8581415417545883,0.6461338734624066,0.33358125671254363,748.0,0.1697860962566845,"50 trees, 748 total nodes","{'max_samples': 1.0, 'n_estimators': 50}"
504,rfe_ridge,Bagging-tiny,20,0.8564664936598495,0.6499374150982459,0.3444065129986709,740.0,0.17162162162162162,"50 trees, 740 total nodes","{'max_samples': 1.0, 'n_estimators': 50}"
505,f_regression,LassoCV,20,0.8564224063048714,0.650037223924348,0.4822807348990729,21.0,6.0476190476190474,linear coefficients + intercept,{}
506,correlation,LassoLarsCV,20,0.8563469970717177,0.6502079064544057,0.48225286654128974,21.0,6.0476190476190474,linear coefficients + intercept,{}
507,f_regression,LassoLarsCV,20,0.8563469970717177,0.6502079064544057,0.4822528665412897,21.0,6.0476190476190474,linear coefficients + intercept,{}
508,correlation,LassoCV,20,0.8561741922530792,0.6505988669191681,0.4825386257166746,21.0,6.0476190476190474,linear coefficients + intercept,{}
509,rf_importance,LassoLars,20,0.8560701920004099,0.6508340480051273,0.4494920475348579,21.0,6.0476190476190474,linear coefficients + intercept,{'alpha': 0.001}
510,rf_importance,Lasso,20,0.8560231146567645,0.6509404784712446,0.44952565314407206,21.0,6.0476190476190474,linear coefficients + intercept,{'alpha': 0.001}
511,mutual_info,RidgeCV,20,0.855174543946737,0.6528559162321108,0.44432122542533453,21.0,6.0476190476190474,linear coefficients + intercept,{}
512,f_regression,ElasticNetCV,20,0.8529737398061845,0.6577976944362395,0.482337976525827,21.0,6.0476190476190474,linear coefficients + intercept,{}
513,correlation,ElasticNetCV,20,0.8528027615465968,0.6581800629531063,0.4825096367203566,21.0,6.0476190476190474,linear coefficients + intercept,{}
514,mutual_info,ExtraTrees-tiny,20,0.8526736475871862,0.658468660782472,0.38718816605656103,1434.0,0.08856345885634588,"100 trees, 1434 total nodes","{'max_depth': 3, 'min_samples_leaf': 5, 'n_estimators': 100}"
515,rf_importance,TweedieRegressor,20,0.8513894269894865,0.6613323175875759,0.44165791315010927,21.0,6.0476190476190474,linear coefficients + intercept,{'alpha': 0.01}
516,correlation,LightGBM-tiny,20,0.850862709843917,0.6625032536799539,0.31879172877558193,676.0,0.1878698224852071,"100 boosting trees, ~676 total nodes (leaf-based estimate)","{'learning_rate': 0.1, 'max_depth': 2, 'n_estimators': 100, 'num_leaves': 7}"
517,mutual_info,LassoLarsIC,20,0.8499302712416321,0.6645710834201803,0.4500600223244014,21.0,6.0476190476190474,linear coefficients + intercept,{}
518,rf_importance,Ridge,20,0.8481496256224305,0.6685021759121433,0.4455884928800988,21.0,6.0476190476190474,linear coefficients + intercept,{'alpha': 1}
519,mutual_info,Ridge,20,0.847927343606265,0.668991281297279,0.4476124674289759,21.0,6.0476190476190474,linear coefficients + intercept,{'alpha': 10}
520,rfe_ridge,KernelRidge,20,0.8474053656975504,0.6701384287920337,0.3829261171576582,26.444198401229265,4.8025656922199005,krr_effective_dof: trace(K(K+alpha*I)^-1),"{'alpha': 0.1, 'gamma': 0.01}"
521,rfe_ridge,HistGradientBoosting-tiny,20,0.8473588708224079,0.6702405150470787,0.3590012420511718,546.0,0.2326007326007326,"100 stages, 546 total nodes","{'learning_rate': 0.1, 'max_depth': 2, 'min_samples_leaf': 20}"
522,mutual_info,ExtraTree-tiny,20,0.8454462721155115,0.6744265117865762,0.41525526156426007,13.0,9.76923076923077,"single tree, 13 nodes","{'max_depth': 3, 'min_samples_leaf': 5}"
523,rf_importance,SGDRegressor,20,0.8451971905773255,0.6749697518848412,0.45620433936901134,21.0,6.0476190476190474,linear coefficients + intercept,"{'alpha': 0.01, 'penalty': 'l2'}"
524,mutual_info,Lasso,20,0.8448649049801132,0.6756937778270303,0.45580020011987327,21.0,6.0476190476190474,linear coefficients + intercept,{'alpha': 0.01}
525,mutual_info,LassoLars,20,0.8448418191429594,0.6757440513522992,0.4558588187135074,21.0,6.0476190476190474,linear coefficients + intercept,{'alpha': 0.01}
526,rf_importance,ElasticNetCV,20,0.8436627109204573,0.6783068145108693,0.4602723305268063,21.0,6.0476190476190474,linear coefficients + intercept,{}
527,f_regression,SGDRegressor,20,0.8425590067261483,0.6806969461334326,0.5134936183649211,21.0,6.0476190476190474,linear coefficients + intercept,"{'alpha': 0.01, 'penalty': 'elasticnet'}"
528,correlation,SGDRegressor,20,0.8425590067261484,0.6806969461334326,0.5134936183649211,21.0,6.0476190476190474,linear coefficients + intercept,"{'alpha': 0.01, 'penalty': 'elasticnet'}"
529,mutual_info,ElasticNet,20,0.8420632030248354,0.681767908572988,0.4504207712317688,21.0,6.0476190476190474,linear coefficients + intercept,"{'alpha': 0.01, 'l1_ratio': 0.8}"
530,f_regression,Ridge,20,0.8396871132303169,0.6868772129845006,0.5056140934685875,21.0,6.0476190476190474,linear coefficients + intercept,{'alpha': 10}
531,correlation,Ridge,20,0.8396871132303169,0.6868772129845007,0.5056140934685874,21.0,6.0476190476190474,linear coefficients + intercept,{'alpha': 10}
532,mutual_info,TweedieRegressor,20,0.8385558578168549,0.68929644328797,0.4640587037910948,21.0,6.0476190476190474,linear coefficients + intercept,{'alpha': 0.1}
533,correlation,DecisionTree-tiny,20,0.8384965383946024,0.6894230657562207,0.4387508234696871,13.0,9.76923076923077,"single tree, 13 nodes","{'max_depth': 3, 'min_samples_leaf': 10}"
534,mutual_info,SGDRegressor,20,0.8372772366498646,0.6920206389090751,0.4664830597380751,21.0,6.0476190476190474,linear coefficients + intercept,"{'alpha': 0.01, 'penalty': 'elasticnet'}"
535,lasso,ExtraTrees-tiny,20,0.8357436975565551,0.6952738778733324,0.38574742619506736,1240.0,0.10241935483870968,"100 trees, 1240 total nodes","{'max_depth': 3, 'min_samples_leaf': 10, 'n_estimators': 100}"
536,lasso,NuSVR,20,0.834672310294338,0.6975377082926825,0.3099090903302552,126.0,1.007936507936508,126 support vectors (of 127 training points),"{'C': 10, 'nu': 0.5}"
537,f_regression,AdaBoost-tiny,20,0.8340030475297441,0.6989481330079917,0.4869350557207095,210.0,0.6047619047619047,"30 trees, 210 total nodes","{'learning_rate': 0.5, 'n_estimators': 30}"
538,rf_importance,PLS,20,0.8335499133027975,0.6999014682048605,0.4830789536789685,8.0,15.875,7 latent components (true PLS dimensionality),{'n_components': 7}
539,lasso,LightGBM-tiny,20,0.8333883807405237,0.7002409978015348,0.30748953183692185,1122.0,0.11319073083778966,"100 boosting trees, ~1122 total nodes (leaf-based estimate)","{'learning_rate': 0.1, 'max_depth': 3, 'n_estimators': 100, 'num_leaves': 7}"
540,mutual_info,PLS,20,0.8333232207635989,0.7003779127034229,0.47887595711732467,6.0,21.166666666666668,5 latent components (true PLS dimensionality),{'n_components': 5}
541,rf_importance,AdaBoost-tiny,20,0.8328675560764789,0.7013346136466154,0.4694246833460558,210.0,0.6047619047619047,"30 trees, 210 total nodes","{'learning_rate': 0.5, 'n_estimators': 30}"
542,rfe_ridge,RandomForest-tiny,20,0.8326026820621051,0.7018901364629034,0.3743465252012818,2648.0,0.047960725075528704,"200 trees, 2648 total nodes","{'max_depth': 3, 'min_samples_leaf': 5, 'n_estimators': 200}"
543,rf_importance,ExtraTree-tiny,20,0.832436850579094,0.702237712730146,0.3872981854488228,17.0,7.470588235294118,"single tree, 17 nodes","{'max_depth': 4, 'min_samples_leaf': 10}"
544,lasso,RandomForest-tiny,20,0.8310110988556891,0.7052189644907395,0.3601675767700468,1360.0,0.09338235294117647,"100 trees, 1360 total nodes","{'max_depth': 3, 'min_samples_leaf': 3, 'n_estimators': 100}"
545,correlation,TweedieRegressor,20,0.8289120491472042,0.7095852904057871,0.5304424968002094,21.0,6.0476190476190474,linear coefficients + intercept,{'alpha': 0.1}
546,f_regression,TweedieRegressor,20,0.8289120491470783,0.709585290406048,0.5304424967998155,21.0,6.0476190476190474,linear coefficients + intercept,{'alpha': 0.1}
547,f_regression,HuberRegressor,20,0.8288437247802732,0.7097269635222424,0.4532699138640989,21.0,6.0476190476190474,linear coefficients + intercept,"{'alpha': 0.1, 'epsilon': 1.5}"
548,correlation,HuberRegressor,20,0.828716170199025,0.7099913770387188,0.4530532147038082,21.0,6.0476190476190474,linear coefficients + intercept,"{'alpha': 0.1, 'epsilon': 1.5}"
549,rfe_ridge,PLS,20,0.8278827427381701,0.7117166077752023,0.4477294280830772,8.0,15.875,7 latent components (true PLS dimensionality),{'n_components': 7}
550,rfe_ridge,ExtraTrees-tiny,20,0.8278293789932871,0.7118269305885546,0.4290284370582861,1316.0,0.09650455927051672,"100 trees, 1316 total nodes","{'max_depth': 3, 'min_samples_leaf': 5, 'n_estimators': 100}"
551,rfe_ridge,LightGBM-tiny,20,0.8276027606289105,0.7122952451212533,0.3507385612713403,994.0,0.12776659959758552,"100 boosting trees, ~994 total nodes (leaf-based estimate)","{'learning_rate': 0.1, 'max_depth': 3, 'n_estimators': 100, 'num_leaves': 7}"
552,correlation,ElasticNet,20,0.8272372468511273,0.7130499436117057,0.5211434952323063,21.0,6.0476190476190474,linear coefficients + intercept,"{'alpha': 0.1, 'l1_ratio': 0.2}"
553,f_regression,ElasticNet,20,0.8272222950992455,0.7130807983966067,0.5212163219146528,21.0,6.0476190476190474,linear coefficients + intercept,"{'alpha': 0.1, 'l1_ratio': 0.2}"
554,lasso,KernelRidge,20,0.8237228895222285,0.7202658983342414,0.38841463844667157,28.10474741272281,4.518809514100385,krr_effective_dof: trace(K(K+alpha*I)^-1),"{'alpha': 0.1, 'gamma': 0.01}"
555,rfe_ridge,RidgeCV,20,0.8207260566207805,0.7263626049093106,0.4389170063470245,21.0,6.0476190476190474,linear coefficients + intercept,{}
556,correlation,AdaBoost-tiny,20,0.8193414571362387,0.7291621943039038,0.5129968446091394,210.0,0.6047619047619047,"30 trees, 210 total nodes","{'learning_rate': 0.5, 'n_estimators': 30}"
557,rfe_ridge,KNN,20,0.8183456724974345,0.7311689931635618,0.3156979205887698,127.0,1.0,non-parametric: stores all 127 training points,"{'n_neighbors': 3, 'weights': 'distance'}"
558,rfe_ridge,BayesianRidge,20,0.8177096029677172,0.7324479825396485,0.43964281042538156,21.0,6.0476190476190474,linear coefficients + intercept,{}
559,rf_importance,BayesianRidge,20,0.8162286200245227,0.7354172795930206,0.4435543095682946,21.0,6.0476190476190474,linear coefficients + intercept,{}
560,rfe_ridge,LassoLars,20,0.8154024961872787,0.7370684194137677,0.439626907948518,21.0,6.0476190476190474,linear coefficients + intercept,{'alpha': 0.001}
561,rfe_ridge,Lasso,20,0.8152928075072121,0.7372873716039914,0.4396510893130468,21.0,6.0476190476190474,linear coefficients + intercept,{'alpha': 0.001}
562,rfe_ridge,TweedieRegressor,20,0.8143765076056647,0.7391138856526451,0.4405999222263682,21.0,6.0476190476190474,linear coefficients + intercept,{'alpha': 0.001}
563,rfe_ridge,Ridge,20,0.8142221866518626,0.7394210586877971,0.44035346077474025,21.0,6.0476190476190474,linear coefficients + intercept,{'alpha': 0.1}
564,rfe_ridge,ElasticNet,20,0.8140092721773681,0.7398446516930008,0.4413922164852179,21.0,6.0476190476190474,linear coefficients + intercept,"{'alpha': 0.01, 'l1_ratio': 0.5}"
565,rfe_ridge,LassoCV,20,0.8121978131962568,0.7434387846648027,0.44503188769221225,21.0,6.0476190476190474,linear coefficients + intercept,{}
566,rfe_ridge,LassoLarsCV,20,0.8118729557266495,0.7440815015998679,0.4441788386293101,21.0,6.0476190476190474,linear coefficients + intercept,{}
567,rfe_ridge,ElasticNetCV,20,0.8117138893658926,0.7443960053673176,0.44829118542210283,21.0,6.0476190476190474,linear coefficients + intercept,{}
568,rfe_ridge,LinearRegression,20,0.8110761178940366,0.7456556659609032,0.4428071498387854,21.0,6.0476190476190474,linear coefficients + intercept,{}
569,lasso,KNN,20,0.8101940212765497,0.7473943936526356,0.32032452159480307,127.0,1.0,non-parametric: stores all 127 training points,"{'n_neighbors': 3, 'weights': 'distance'}"
570,rfe_ridge,LassoLarsIC,20,0.8100590366902666,0.7476601091826017,0.45017488304489717,21.0,6.0476190476190474,linear coefficients + intercept,{}
571,f_regression,DecisionTree-tiny,20,0.8044716332722531,0.7585771872373547,0.4593177041258462,13.0,9.76923076923077,"single tree, 13 nodes","{'max_depth': 3, 'min_samples_leaf': 10}"
572,lasso,SVR-RBF,20,0.8044450523825488,0.758628747457615,0.3271921669703794,77.0,1.6493506493506493,77 support vectors (of 127 training points),"{'C': 10, 'epsilon': 0.05, 'gamma': 'scale'}"
573,correlation,Lasso,20,0.8032569716254762,0.7609297564710612,0.5609383087128084,21.0,6.0476190476190474,linear coefficients + intercept,{'alpha': 0.1}
574,f_regression,Lasso,20,0.8032098546565267,0.761020866579808,0.561204649170727,21.0,6.0476190476190474,linear coefficients + intercept,{'alpha': 0.1}
575,f_regression,LassoLars,20,0.8031981924255212,0.7610434161583027,0.5612195255874446,21.0,6.0476190476190474,linear coefficients + intercept,{'alpha': 0.1}
576,correlation,LassoLars,20,0.8031981924255209,0.7610434161583032,0.561219525587445,21.0,6.0476190476190474,linear coefficients + intercept,{'alpha': 0.1}
577,rfe_ridge,PassiveAggressiveRegressor,20,0.802548799177218,0.7622980017690336,0.4855098474394374,21.0,6.0476190476190474,linear coefficients + intercept,{'C': 0.01}
578,mutual_info,ElasticNetCV,20,0.8003776629439863,0.7664775863601108,0.4883152241099898,21.0,6.0476190476190474,linear coefficients + intercept,{}
579,lasso,DecisionTree-tiny,20,0.8002327719920862,0.7667557003334535,0.38498802446095837,23.0,5.521739130434782,"single tree, 23 nodes","{'max_depth': 4, 'min_samples_leaf': 5}"
580,rfe_ridge,AdaBoost-tiny,20,0.7992745136749396,0.7685925156496595,0.5002418207926574,350.0,0.3628571428571429,"50 trees, 350 total nodes","{'learning_rate': 0.5, 'n_estimators': 50}"
581,lasso,AdaBoost-tiny,20,0.7988333204887985,0.7694367324402182,0.4742257722240842,350.0,0.3628571428571429,"50 trees, 350 total nodes","{'learning_rate': 0.5, 'n_estimators': 50}"
582,rfe_ridge,SGDRegressor,20,0.7962412001516823,0.7743781291925301,0.5166331815004207,21.0,6.0476190476190474,linear coefficients + intercept,"{'alpha': 0.01, 'penalty': 'l2'}"
583,rfe_ridge,LinearSVR,20,0.7953129910543578,0.7761399379841832,0.4365252936943144,21.0,6.0476190476190474,linear coefficients + intercept,"{'C': 1, 'epsilon': 0.01}"
584,rfe_ridge,HuberRegressor,20,0.7937072247715066,0.7791783931138678,0.4389557219092805,21.0,6.0476190476190474,linear coefficients + intercept,"{'alpha': 0.1, 'epsilon': 1.5}"
585,mutual_info,KNN,20,0.7930863217859467,0.7803501033304462,0.3514940574370331,127.0,1.0,non-parametric: stores all 127 training points,"{'n_neighbors': 5, 'weights': 'distance'}"
586,correlation,LinearSVR,20,0.789289135708105,0.7874778664045563,0.5083795877440509,21.0,6.0476190476190474,linear coefficients + intercept,"{'C': 0.1, 'epsilon': 0.01}"
587,f_regression,LinearSVR,20,0.7892891357081047,0.7874778664045569,0.508379587744051,21.0,6.0476190476190474,linear coefficients + intercept,"{'C': 0.1, 'epsilon': 0.01}"
588,mutual_info,OrthogonalMatchingPursuit,20,0.7870685047442803,0.7916165105655696,0.5254723537075856,21.0,6.0476190476190474,linear coefficients + intercept,{'n_nonzero_coefs': 10}
589,mutual_info,LinearRegression,20,0.7864578897288184,0.7927507412861328,0.4670271552073691,21.0,6.0476190476190474,linear coefficients + intercept,{}
590,lasso,GaussianProcess,20,0.7785065319998737,0.8073751035375366,0.38474550049987,32.183740324699386,3.946091992997282,gp_effective_dof: trace(K(K+sigma^2*I)^-1),"{'kernel': 1**2 * Matern(length_scale=1, nu=2.5) + WhiteKernel(noise_level=0.5)}"
591,correlation,PassiveAggressiveRegressor,20,0.772768618905384,0.8177659918557815,0.6306039920723346,21.0,6.0476190476190474,linear coefficients + intercept,{'C': 0.1}
592,f_regression,PassiveAggressiveRegressor,20,0.7727686189053837,0.8177659918557817,0.630603992072335,21.0,6.0476190476190474,linear coefficients + intercept,{'C': 0.1}
593,rfe_ridge,OrthogonalMatchingPursuitCV,20,0.7722212057218888,0.8187504214711093,0.6442652026658496,21.0,6.0476190476190474,linear coefficients + intercept,{}
594,rf_importance,LassoCV,20,0.7713932135257365,0.8202371797269592,0.5087605212051641,21.0,6.0476190476190474,linear coefficients + intercept,{}
595,mutual_info,LassoCV,20,0.7703174743996595,0.8221647813941223,0.5065604114762614,21.0,6.0476190476190474,linear coefficients + intercept,{}
596,correlation,ExtraTree-tiny,20,0.7699064263438435,0.8229001402720106,0.46545229656492165,19.0,6.684210526315789,"single tree, 19 nodes","{'max_depth': 4, 'min_samples_leaf': 5}"
597,mutual_info,LassoLarsCV,20,0.7697001158985499,0.8232689790286857,0.5071021955984604,21.0,6.0476190476190474,linear coefficients + intercept,{}
598,f_regression,ExtraTree-tiny,20,0.768665827520416,0.8251155792812365,0.5174823021374976,23.0,5.521739130434782,"single tree, 23 nodes","{'max_depth': 4, 'min_samples_leaf': 5}"
599,rf_importance,LassoLarsCV,20,0.7675514803309621,0.8271005013517371,0.5137356192349485,21.0,6.0476190476190474,linear coefficients + intercept,{}
600,mutual_info,SmallMLP,20,0.7674720408002428,0.8272418205201575,0.5193744560416822,177.0,0.7175141242937854,"layers (8,)","{'alpha': 0.1, 'hidden_layer_sizes': (8,)}"
601,rfe_ridge,OrthogonalMatchingPursuit,20,0.7663674315632791,0.8292043722862292,0.5744735365584673,21.0,6.0476190476190474,linear coefficients + intercept,{'n_nonzero_coefs': 10}
602,rfe_ridge,SmallMLP,20,0.765763961735121,0.8302745935925339,0.4912237206434675,89.0,1.4269662921348314,"layers (4,)","{'alpha': 0.1, 'hidden_layer_sizes': (4,)}"
603,correlation,PLS,20,0.7511983777406865,0.8556999282522745,0.6235750992982688,4.0,31.75,3 latent components (true PLS dimensionality),{'n_components': 3}
604,f_regression,PLS,20,0.7511983777406854,0.8556999282522764,0.6235750992982704,4.0,31.75,3 latent components (true PLS dimensionality),{'n_components': 3}
605,rfe_ridge,LarsCV,20,0.7480380058345661,0.8611174899388553,0.5780770874299838,21.0,6.0476190476190474,linear coefficients + intercept,{}
606,rf_importance,RidgeCV,20,0.7435176364523779,0.8688076679602657,0.46500197690768585,21.0,6.0476190476190474,linear coefficients + intercept,{}
607,rf_importance,PassiveAggressiveRegressor,20,0.7376882209059665,0.878625469098952,0.627579076385096,21.0,6.0476190476190474,linear coefficients + intercept,{'C': 1}
608,mutual_info,PassiveAggressiveRegressor,20,0.7374060907292678,0.8790978461719514,0.6081534875549356,21.0,6.0476190476190474,linear coefficients + intercept,{'C': 0.01}
609,mutual_info,DecisionTree-tiny,20,0.7358128785535818,0.881760648594004,0.4056958107568192,13.0,9.76923076923077,"single tree, 13 nodes","{'max_depth': 3, 'min_samples_leaf': 5}"
610,rf_importance,LassoLarsIC,20,0.7353623250303016,0.882512220292933,0.4573178800929819,21.0,6.0476190476190474,linear coefficients + intercept,{}
611,mutual_info,LinearSVR,20,0.7336642174857277,0.885339112409183,0.46889825078153957,21.0,6.0476190476190474,linear coefficients + intercept,"{'C': 1, 'epsilon': 0.1}"
612,rf_importance,LinearRegression,20,0.7276097174497398,0.8953455857527532,0.47243210786550666,21.0,6.0476190476190474,linear coefficients + intercept,{}
613,correlation,SmallMLP,20,0.7193395297913543,0.9088359881615354,0.6217834336424227,89.0,1.4269662921348314,"layers (4,)","{'alpha': 1.0, 'hidden_layer_sizes': (4,)}"
614,f_regression,OrthogonalMatchingPursuit,20,0.7178722815264531,0.9112085163460061,0.5970519468629437,21.0,6.0476190476190474,linear coefficients + intercept,{'n_nonzero_coefs': 10}
615,correlation,OrthogonalMatchingPursuit,20,0.717872281526453,0.9112085163460061,0.5970519468629437,21.0,6.0476190476190474,linear coefficients + intercept,{'n_nonzero_coefs': 10}
616,rfe_ridge,DecisionTree-tiny,20,0.7152949038452754,0.9153612261923321,0.5017457308213167,13.0,9.76923076923077,"single tree, 13 nodes","{'max_depth': 3, 'min_samples_leaf': 5}"
617,f_regression,OrthogonalMatchingPursuitCV,20,0.6912628273679182,0.9532116750913789,0.6635474310539671,21.0,6.0476190476190474,linear coefficients + intercept,{}
618,correlation,OrthogonalMatchingPursuitCV,20,0.6912628273679182,0.9532116750913789,0.6635474310539673,21.0,6.0476190476190474,linear coefficients + intercept,{}
619,rf_importance,SmallMLP,20,0.6846417543910093,0.9633785828132021,0.5531652642041858,89.0,1.4269662921348314,"layers (4,)","{'alpha': 0.1, 'hidden_layer_sizes': (4,)}"
620,rf_importance,RANSACRegressor,20,0.6821523243791612,0.9671735512680618,0.48219811839683324,21.0,6.0476190476190474,RANSAC inlier-fitted LinearRegression,{}
621,lasso,ExtraTree-tiny,20,0.6773794555054539,0.9744081361959586,0.5469744923814828,21.0,6.0476190476190474,"single tree, 21 nodes","{'max_depth': 4, 'min_samples_leaf': 5}"
622,mutual_info,OrthogonalMatchingPursuitCV,20,0.677126309492327,0.9747903486290387,0.6736881789707762,21.0,6.0476190476190474,linear coefficients + intercept,{}
623,lasso,OrthogonalMatchingPursuitCV,20,0.6691048767978398,0.9868248447313892,0.6536464505547618,21.0,6.0476190476190474,linear coefficients + intercept,{}
624,rf_importance,HuberRegressor,20,0.6594634901619614,1.0010983187341864,0.4788839541114715,21.0,6.0476190476190474,linear coefficients + intercept,"{'alpha': 0.001, 'epsilon': 1.5}"
625,rfe_ridge,RANSACRegressor,20,0.6271828950221701,1.047472925928121,0.5529259490058994,21.0,6.0476190476190474,RANSAC inlier-fitted LinearRegression,{}
626,mutual_info,HuberRegressor,20,0.6261438784502009,1.048931529201603,0.49143895899351686,21.0,6.0476190476190474,linear coefficients + intercept,"{'alpha': 0.1, 'epsilon': 1.5}"
627,rf_importance,LinearSVR,20,0.6151279892473152,1.0642730284764303,0.4806636423593008,21.0,6.0476190476190474,linear coefficients + intercept,"{'C': 10, 'epsilon': 0.1}"
628,rf_importance,OrthogonalMatchingPursuit,20,0.6133842668382737,1.066681230984996,0.5750790098059546,21.0,6.0476190476190474,linear coefficients + intercept,{'n_nonzero_coefs': 3}
629,rfe_ridge,ExtraTree-tiny,20,0.6098013685707204,1.0716124796372797,0.6583965422499094,7.0,18.142857142857142,"single tree, 7 nodes","{'max_depth': 2, 'min_samples_leaf': 10}"
630,f_regression,RANSACRegressor,20,0.5665923277288406,1.1293880526835574,0.5667961812069603,21.0,6.0476190476190474,RANSAC inlier-fitted LinearRegression,{}
631,correlation,RANSACRegressor,20,0.5665923277288403,1.1293880526835578,0.5667961812069592,21.0,6.0476190476190474,RANSAC inlier-fitted LinearRegression,{}
632,rf_importance,LarsCV,20,0.562489561110308,1.134721024037873,0.894638153009745,21.0,6.0476190476190474,linear coefficients + intercept,{}
633,rf_importance,OrthogonalMatchingPursuitCV,20,0.5552203175205759,1.1441088945975078,0.6956482709938269,21.0,6.0476190476190474,linear coefficients + intercept,{}
634,correlation,LarsCV,20,0.5501034196932875,1.1506711851801616,0.9094990819860714,21.0,6.0476190476190474,linear coefficients + intercept,{}
635,f_regression,LarsCV,20,0.5501034196932875,1.1506711851801616,0.9094990819860714,21.0,6.0476190476190474,linear coefficients + intercept,{}
636,f_regression,SmallMLP,20,0.4935119014092666,1.2208983705182617,0.7017725154745775,177.0,0.7175141242937854,"layers (8,)","{'alpha': 0.1, 'hidden_layer_sizes': (8,)}"
637,lasso,SmallMLP,20,0.39655861945203075,1.33263874528073,0.6347730179550157,89.0,1.4269662921348314,"layers (4,)","{'alpha': 1.0, 'hidden_layer_sizes': (4,)}"
638,mutual_info,LarsCV,20,0.38250463236428756,1.3480678261245973,1.0492332598337861,21.0,6.0476190476190474,linear coefficients + intercept,{}
639,lasso,LarsCV,20,0.3590207511553972,1.3734627224827387,0.9693040644759614,21.0,6.0476190476190474,linear coefficients + intercept,{}
640,rf_importance,Dummy-baseline,20,-0.015208038089242315,1.728512066148198,1.3294208821327171,1.0,127.0,constant baseline,{}
641,mutual_info,Dummy-baseline,20,-0.015208038089242315,1.728512066148198,1.3294208821327171,1.0,127.0,constant baseline,{}
642,correlation,Dummy-baseline,20,-0.015208038089242315,1.728512066148198,1.3294208821327171,1.0,127.0,constant baseline,{}
643,f_regression,Dummy-baseline,20,-0.015208038089242315,1.728512066148198,1.3294208821327171,1.0,127.0,constant baseline,{}
644,rfe_ridge,Dummy-baseline,20,-0.015208038089242315,1.728512066148198,1.3294208821327171,1.0,127.0,constant baseline,{}
645,lasso,Dummy-baseline,20,-0.015208038089242315,1.728512066148198,1.3294208821327171,1.0,127.0,constant baseline,{}
646,mutual_info,RANSACRegressor,20,-0.4606675862089409,2.0733402923521567,0.8172843409576728,21.0,6.0476190476190474,RANSAC inlier-fitted LinearRegression,{}
647,lasso,SGDRegressor,20,-118.19763505872183,18.72960900039073,2.32571795858437,21.0,6.0476190476190474,linear coefficients + intercept,"{'alpha': 0.01, 'penalty': 'elasticnet'}"
648,lasso,OrthogonalMatchingPursuit,20,-131.597494811463,19.754341221398835,2.50631400933328,21.0,6.0476190476190474,linear coefficients + intercept,{'n_nonzero_coefs': 10}
649,lasso,LinearSVR,20,-231.98116918270813,26.185164218067104,3.0336709999292895,21.0,6.0476190476190474,linear coefficients + intercept,"{'C': 1, 'epsilon': 0.1}"
650,lasso,RANSACRegressor,20,-248.98558643956224,27.123915092639333,3.062313606872192,21.0,6.0476190476190474,RANSAC inlier-fitted LinearRegression,{}
651,lasso,PLS,20,-290.0951759612644,29.269304032687955,3.36819080299868,6.0,21.166666666666668,5 latent components (true PLS dimensionality),{'n_components': 5}
652,lasso,HuberRegressor,20,-299.40662940182324,29.733747423217046,3.365998312952465,21.0,6.0476190476190474,linear coefficients + intercept,"{'alpha': 0.1, 'epsilon': 1.35}"
653,lasso,BayesianRidge,20,-347.2358151324987,32.0133858608849,3.5943502907513687,21.0,6.0476190476190474,linear coefficients + intercept,{}
654,lasso,TweedieRegressor,20,-363.627906907987,32.75818595707278,3.672425886760266,21.0,6.0476190476190474,linear coefficients + intercept,{'alpha': 0.01}
655,lasso,RidgeCV,20,-371.2359442461729,33.09817481983568,3.6980840616262927,21.0,6.0476190476190474,linear coefficients + intercept,{}
656,lasso,Ridge,20,-371.2400457073605,33.09835716453876,3.7058582944692806,21.0,6.0476190476190474,linear coefficients + intercept,{'alpha': 1}
657,lasso,ElasticNet,20,-372.6903380812374,33.162772090750025,3.7098330548656087,21.0,6.0476190476190474,linear coefficients + intercept,"{'alpha': 0.01, 'l1_ratio': 0.2}"
658,lasso,LassoLars,20,-388.6989083204335,33.865655508584176,3.776109760207049,21.0,6.0476190476190474,linear coefficients + intercept,{'alpha': 0.01}
659,lasso,Lasso,20,-389.9171353432637,33.91854745124603,3.7815789154982946,21.0,6.0476190476190474,linear coefficients + intercept,{'alpha': 0.01}
660,lasso,ElasticNetCV,20,-398.0041451141391,34.26759263100223,3.814681962367614,21.0,6.0476190476190474,linear coefficients + intercept,{}
661,lasso,LassoLarsCV,20,-423.4185467796279,35.342076995883936,3.920992274728841,21.0,6.0476190476190474,linear coefficients + intercept,{}
662,lasso,LassoCV,20,-423.94912431049005,35.364161156955966,3.9237785605241116,21.0,6.0476190476190474,linear coefficients + intercept,{}
663,lasso,PassiveAggressiveRegressor,20,-425.0540580822602,35.41010746723498,3.9766466204493223,21.0,6.0476190476190474,linear coefficients + intercept,{'C': 0.01}
664,lasso,LassoLarsIC,20,-426.2607499658856,35.46021716149241,3.9338432328636985,21.0,6.0476190476190474,linear coefficients + intercept,{}
665,lasso,LinearRegression,20,-436.103958998288,35.86635656700796,3.976117275571257,21.0,6.0476190476190474,linear coefficients + intercept,{}
666,rf_importance,KNN,25,0.9376665124923401,0.4283074264226339,0.22572400703490253,127.0,1.0,non-parametric: stores all 127 training points,"{'n_neighbors': 3, 'weights': 'distance'}"
667,correlation,KNN,25,0.9189075190607172,0.4885231912048249,0.25879591454672585,127.0,1.0,non-parametric: stores all 127 training points,"{'n_neighbors': 5, 'weights': 'distance'}"
668,f_regression,KNN,25,0.9189075190607172,0.48852319120482496,0.25879591454672585,127.0,1.0,non-parametric: stores all 127 training points,"{'n_neighbors': 5, 'weights': 'distance'}"
669,rf_importance,GaussianProcess,25,0.9180140858531645,0.4912069618567386,0.27769945270860236,35.716924495739114,3.5557372812194563,gp_effective_dof: trace(K(K+sigma^2*I)^-1),"{'kernel': 1**2 * RationalQuadratic(alpha=1, length_scale=1) + WhiteKernel(noise_level=0.5)}"
670,rf_importance,KernelRidge,25,0.9160817649005972,0.49696186339757925,0.3079151395655418,31.91457432848224,3.9793731444714444,krr_effective_dof: trace(K(K+alpha*I)^-1),"{'alpha': 0.1, 'gamma': 0.01}"
671,rf_importance,NuSVR,25,0.9115417325987456,0.5102277863938213,0.2352008920726237,126.0,1.007936507936508,126 support vectors (of 127 training points),"{'C': 10, 'nu': 0.5}"
672,rf_importance,SVR-RBF,25,0.9113136620979025,0.5108851189381741,0.2419167815685609,86.0,1.4767441860465116,86 support vectors (of 127 training points),"{'C': 10, 'epsilon': 0.05, 'gamma': 'scale'}"
673,f_regression,GaussianProcess,25,0.9107323168924262,0.5125568278799326,0.3191137316280847,50.905810089545845,2.494803633938851,gp_effective_dof: trace(K(K+sigma^2*I)^-1),"{'kernel': 1**2 * Matern(length_scale=1, nu=1.5) + WhiteKernel(noise_level=0.5)}"
674,correlation,GaussianProcess,25,0.9107323168924232,0.5125568278799413,0.3191137316280863,50.905810089547,2.494803633938794,gp_effective_dof: trace(K(K+sigma^2*I)^-1),"{'kernel': 1**2 * Matern(length_scale=1, nu=1.5) + WhiteKernel(noise_level=0.5)}"
675,mutual_info,GaussianProcess,25,0.9103470440856437,0.5136617159443525,0.26648309721591223,42.025930962792195,3.021943764016552,gp_effective_dof: trace(K(K+sigma^2*I)^-1),"{'kernel': 1**2 * Matern(length_scale=1, nu=1.5) + WhiteKernel(noise_level=0.5)}"
676,mutual_info,LassoLarsIC,25,0.9100864955926378,0.5144075736190212,0.35299461875233706,26.0,4.884615384615385,linear coefficients + intercept,{}
677,mutual_info,Bagging-tiny,25,0.9092854684100905,0.5166938863547342,0.28164460741419634,750.0,0.16933333333333334,"50 trees, 750 total nodes","{'max_samples': 1.0, 'n_estimators': 50}"
678,rf_importance,LightGBM-tiny,25,0.9076173559761384,0.5214228818130435,0.2514703375416035,1108.0,0.11462093862815885,"100 boosting trees, ~1108 total nodes (leaf-based estimate)","{'learning_rate': 0.1, 'max_depth': 3, 'n_estimators': 100, 'num_leaves': 7}"
679,mutual_info,KernelRidge,25,0.9072974470365831,0.5223249109984741,0.3205536779258542,33.28634810062072,3.815377992686188,krr_effective_dof: trace(K(K+alpha*I)^-1),"{'alpha': 0.1, 'gamma': 0.01}"
680,mutual_info,NuSVR,25,0.9038531840291034,0.5319396276905722,0.23142085490361453,126.0,1.007936507936508,126 support vectors (of 127 training points),"{'C': 50, 'nu': 0.5}"
681,mutual_info,SVR-RBF,25,0.9036897326736955,0.5323915892614415,0.24258645037825247,83.0,1.5301204819277108,83 support vectors (of 127 training points),"{'C': 50, 'epsilon': 0.05, 'gamma': 'scale'}"
682,mutual_info,RidgeCV,25,0.903286750117439,0.5335042461612971,0.3626827554511973,26.0,4.884615384615385,linear coefficients + intercept,{}
683,correlation,NuSVR,25,0.9031975013647943,0.5337503531255503,0.25199341472989895,127.0,1.0,127 support vectors (of 127 training points),"{'C': 50, 'nu': 0.7}"
684,f_regression,NuSVR,25,0.9031975013647942,0.5337503531255504,0.2519934147298997,127.0,1.0,127 support vectors (of 127 training points),"{'C': 50, 'nu': 0.7}"
685,rf_importance,DecisionTree-tiny,25,0.9029987739827176,0.5342979445051619,0.30212032958031015,23.0,5.521739130434782,"single tree, 23 nodes","{'max_depth': 4, 'min_samples_leaf': 5}"
686,mutual_info,ElasticNet,25,0.9025963874127769,0.5354050017252897,0.367101615236998,26.0,4.884615384615385,linear coefficients + intercept,"{'alpha': 0.01, 'l1_ratio': 0.2}"
687,mutual_info,LinearRegression,25,0.9011512183501322,0.5393622564990759,0.37296740327408706,26.0,4.884615384615385,linear coefficients + intercept,{}
688,mutual_info,BayesianRidge,25,0.9005698084039857,0.5409461445663732,0.3665644991672728,26.0,4.884615384615385,linear coefficients + intercept,{}
689,f_regression,SVR-RBF,25,0.9001273289996281,0.5421484545517679,0.27513354950984803,98.0,1.2959183673469388,98 support vectors (of 127 training points),"{'C': 50, 'epsilon': 0.05, 'gamma': 'scale'}"
690,correlation,SVR-RBF,25,0.900127328999628,0.5421484545517681,0.2751335495098484,98.0,1.2959183673469388,98 support vectors (of 127 training points),"{'C': 50, 'epsilon': 0.05, 'gamma': 'scale'}"
691,rf_importance,Bagging-tiny,25,0.9001200522715632,0.5421682046744902,0.2961935150518253,300.0,0.42333333333333334,"20 trees, 300 total nodes","{'max_samples': 0.7, 'n_estimators': 20}"
692,mutual_info,Ridge,25,0.897329906515797,0.5496887774623989,0.37092373377123616,26.0,4.884615384615385,linear coefficients + intercept,{'alpha': 1}
693,mutual_info,HistGradientBoosting-tiny,25,0.8940759901535331,0.5583314583352178,0.29381338276217606,768.0,0.16536458333333334,"100 stages, 768 total nodes","{'learning_rate': 0.1, 'max_depth': 3, 'min_samples_leaf': 20}"
694,mutual_info,LightGBM-tiny,25,0.8935993416537888,0.5595862689123616,0.256477794266577,674.0,0.1884272997032641,"100 boosting trees, ~674 total nodes (leaf-based estimate)","{'learning_rate': 0.1, 'max_depth': 2, 'n_estimators': 100, 'num_leaves': 7}"
695,mutual_info,KNN,25,0.8933482030277888,0.5602462784498412,0.25137194910262756,127.0,1.0,non-parametric: stores all 127 training points,"{'n_neighbors': 3, 'weights': 'distance'}"
696,rf_importance,GradientBoosting-tiny,25,0.8904772087193636,0.5677369280337955,0.2592397885426955,694.0,0.1829971181556196,"100 stages, 694 total nodes","{'learning_rate': 0.1, 'max_depth': 2, 'n_estimators': 100}"
697,lasso,GradientBoosting-tiny,25,0.8891612676202929,0.5711374876848644,0.23451813049326647,1388.0,0.0914985590778098,"100 stages, 1388 total nodes","{'learning_rate': 0.1, 'max_depth': 3, 'n_estimators': 100}"
698,correlation,Bagging-tiny,25,0.8891251960862724,0.5712304160726975,0.32106958347712894,750.0,0.16933333333333334,"50 trees, 750 total nodes","{'max_samples': 1.0, 'n_estimators': 50}"
699,f_regression,Bagging-tiny,25,0.889022336547955,0.5714953224079655,0.3158620967457065,750.0,0.16933333333333334,"50 trees, 750 total nodes","{'max_samples': 1.0, 'n_estimators': 50}"
700,mutual_info,TweedieRegressor,25,0.8877386088808118,0.5747911880798522,0.3888260274089816,26.0,4.884615384615385,linear coefficients + intercept,{'alpha': 0.01}
701,rfe_ridge,NuSVR,25,0.8868672044499648,0.5770177209648286,0.28060665577290816,126.0,1.007936507936508,126 support vectors (of 127 training points),"{'C': 50, 'nu': 0.5}"
702,mutual_info,Lasso,25,0.886613232323993,0.5776650322204978,0.383940337489536,26.0,4.884615384615385,linear coefficients + intercept,{'alpha': 0.01}
703,mutual_info,LassoLars,25,0.8865749433348171,0.5777625583414402,0.3839449176343294,26.0,4.884615384615385,linear coefficients + intercept,{'alpha': 0.01}
704,f_regression,LightGBM-tiny,25,0.8853908570897959,0.5807704673958858,0.28403054662007415,680.0,0.18676470588235294,"100 boosting trees, ~680 total nodes (leaf-based estimate)","{'learning_rate': 0.1, 'max_depth': 2, 'n_estimators': 100, 'num_leaves': 7}"
705,rf_importance,LassoLarsIC,25,0.8837265839683188,0.5849720388163316,0.3914229461264061,26.0,4.884615384615385,linear coefficients + intercept,{}
706,f_regression,ExtraTrees-tiny,25,0.8817078662074616,0.5900282756093425,0.3743348836432419,2672.0,0.04752994011976048,"200 trees, 2672 total nodes","{'max_depth': 3, 'min_samples_leaf': 5, 'n_estimators': 200}"
707,rfe_ridge,SVR-RBF,25,0.8812449667286574,0.5911815945063204,0.29451225948107895,85.0,1.4941176470588236,85 support vectors (of 127 training points),"{'C': 50, 'epsilon': 0.05, 'gamma': 'scale'}"
708,rfe_ridge,GaussianProcess,25,0.878905835664335,0.5969754876184857,0.3065194638043412,39.98398753552792,3.1762714983630302,gp_effective_dof: trace(K(K+sigma^2*I)^-1),{'kernel': 1**2 * RBF(length_scale=1) + WhiteKernel(noise_level=0.5)}
709,rf_importance,SGDRegressor,25,0.8776466688535203,0.6000712096550639,0.44803003111570056,26.0,4.884615384615385,linear coefficients + intercept,"{'alpha': 0.01, 'penalty': 'elasticnet'}"
710,mutual_info,RandomForest-tiny,25,0.8772746984511057,0.6009826655940643,0.31157207516718016,2734.0,0.04645208485735187,"200 trees, 2734 total nodes","{'max_depth': 3, 'min_samples_leaf': 3, 'n_estimators': 200}"
711,rf_importance,HistGradientBoosting-tiny,25,0.876961708805873,0.6017485287519585,0.30764503001207233,766.0,0.16579634464751958,"100 stages, 766 total nodes","{'learning_rate': 0.1, 'max_depth': 3, 'min_samples_leaf': 20}"
712,rf_importance,PLS,25,0.8765727313694971,0.6026989722810054,0.42469806214415673,8.0,15.875,7 latent components (true PLS dimensionality),{'n_components': 7}
713,rfe_ridge,GradientBoosting-tiny,25,0.8760814979185131,0.603897134983511,0.27748919026642666,1344.0,0.09449404761904762,"100 stages, 1344 total nodes","{'learning_rate': 0.1, 'max_depth': 3, 'n_estimators': 100}"
714,f_regression,GradientBoosting-tiny,25,0.8756004445945541,0.6050681680713296,0.29040567223035463,676.0,0.1878698224852071,"100 stages, 676 total nodes","{'learning_rate': 0.1, 'max_depth': 2, 'n_estimators': 100}"
715,f_regression,KernelRidge,25,0.8753688709211723,0.605631082906703,0.40798428293218225,35.823917718079805,3.545117566410247,krr_effective_dof: trace(K(K+alpha*I)^-1),"{'alpha': 0.1, 'gamma': 0.01}"
716,correlation,KernelRidge,25,0.8753688709211719,0.605631082906704,0.4079842829321826,35.82391771807978,3.5451175664102497,krr_effective_dof: trace(K(K+alpha*I)^-1),"{'alpha': 0.1, 'gamma': 0.01}"
717,f_regression,HistGradientBoosting-tiny,25,0.8746916297258476,0.6072743426357272,0.31995162934450017,562.0,0.22597864768683273,"100 stages, 562 total nodes","{'learning_rate': 0.1, 'max_depth': 2, 'min_samples_leaf': 20}"
718,f_regression,RandomForest-tiny,25,0.873654346281884,0.6097826244116435,0.33078615814868423,2718.0,0.04672553348050037,"200 trees, 2718 total nodes","{'max_depth': 3, 'min_samples_leaf': 3, 'n_estimators': 200}"
719,rf_importance,LassoLars,25,0.8733951421222754,0.6104078030589354,0.41010376091052486,26.0,4.884615384615385,linear coefficients + intercept,{'alpha': 0.01}
720,rf_importance,Lasso,25,0.873182323596819,0.610920625175876,0.4101766499920819,26.0,4.884615384615385,linear coefficients + intercept,{'alpha': 0.01}
721,rf_importance,RandomForest-tiny,25,0.8731544792321555,0.6109876890250429,0.33355602289639885,2760.0,0.04601449275362319,"200 trees, 2760 total nodes","{'max_depth': 3, 'min_samples_leaf': 3, 'n_estimators': 200}"
722,rf_importance,ElasticNetCV,25,0.8727600940793352,0.61193678624965,0.4163392813290422,26.0,4.884615384615385,linear coefficients + intercept,{}
723,mutual_info,GradientBoosting-tiny,25,0.871758881837524,0.6143396411964027,0.2654806346653037,684.0,0.18567251461988304,"100 stages, 684 total nodes","{'learning_rate': 0.1, 'max_depth': 2, 'n_estimators': 100}"
724,correlation,RandomForest-tiny,25,0.8715515448459265,0.6148360650116478,0.33691592273015647,2718.0,0.04672553348050037,"200 trees, 2718 total nodes","{'max_depth': 3, 'min_samples_leaf': 3, 'n_estimators': 200}"
725,rf_importance,ElasticNet,25,0.8714180740420108,0.6151554201841672,0.4091520211784755,26.0,4.884615384615385,linear coefficients + intercept,"{'alpha': 0.01, 'l1_ratio': 0.2}"
726,correlation,GradientBoosting-tiny,25,0.871074666767415,0.6159763286662089,0.2905978287983692,676.0,0.1878698224852071,"100 stages, 676 total nodes","{'learning_rate': 0.1, 'max_depth': 2, 'n_estimators': 100}"
727,correlation,ExtraTrees-tiny,25,0.8706549377267866,0.6169781995193133,0.38657700806960915,1256.0,0.10111464968152867,"100 trees, 1256 total nodes","{'max_depth': 3, 'min_samples_leaf': 10, 'n_estimators': 100}"
728,correlation,HistGradientBoosting-tiny,25,0.8695923467137169,0.6195073047080021,0.32678487133834144,562.0,0.22597864768683273,"100 stages, 562 total nodes","{'learning_rate': 0.1, 'max_depth': 2, 'min_samples_leaf': 20}"
729,mutual_info,SGDRegressor,25,0.869162246547402,0.6205280686486453,0.4254098904504973,26.0,4.884615384615385,linear coefficients + intercept,"{'alpha': 0.01, 'penalty': 'elasticnet'}"
730,mutual_info,ElasticNetCV,25,0.8669399757066949,0.625775694523285,0.39657844922455154,26.0,4.884615384615385,linear coefficients + intercept,{}
731,rf_importance,ExtraTrees-tiny,25,0.8631275361778733,0.6346772542183041,0.3700310254772099,2664.0,0.047672672672672674,"200 trees, 2664 total nodes","{'max_depth': 3, 'min_samples_leaf': 5, 'n_estimators': 200}"
732,mutual_info,LinearSVR,25,0.8611896281883472,0.6391544992791639,0.4218259665374508,26.0,4.884615384615385,linear coefficients + intercept,"{'C': 1, 'epsilon': 0.1}"
733,lasso,LightGBM-tiny,25,0.8605026236246248,0.640734208663179,0.27749343298590945,1142.0,0.11120840630472854,"100 boosting trees, ~1142 total nodes (leaf-based estimate)","{'learning_rate': 0.1, 'max_depth': 3, 'n_estimators': 100, 'num_leaves': 15}"
734,rf_importance,PassiveAggressiveRegressor,25,0.8593997640337703,0.643262029308043,0.44460669098669897,26.0,4.884615384615385,linear coefficients + intercept,{'C': 1}
735,mutual_info,HuberRegressor,25,0.8593677307525824,0.6433353030824002,0.42229590511986387,26.0,4.884615384615385,linear coefficients + intercept,"{'alpha': 0.1, 'epsilon': 1.2}"
736,lasso,Bagging-tiny,25,0.8590903049772171,0.6439695453583737,0.33565112062517577,740.0,0.17162162162162162,"50 trees, 740 total nodes","{'max_samples': 0.7, 'n_estimators': 50}"
737,f_regression,ExtraTree-tiny,25,0.8584913509191424,0.6453367300867134,0.41855611081083005,11.0,11.545454545454545,"single tree, 11 nodes","{'max_depth': 3, 'min_samples_leaf': 10}"
738,rfe_ridge,KernelRidge,25,0.8574418623656896,0.6477253558471693,0.37301279572256163,33.957944310267365,3.7399201447421206,krr_effective_dof: trace(K(K+alpha*I)^-1),"{'alpha': 0.1, 'gamma': 0.01}"
739,rfe_ridge,HistGradientBoosting-tiny,25,0.857410432419839,0.6477967542648108,0.3286948670866647,530.0,0.23962264150943396,"100 stages, 530 total nodes","{'learning_rate': 0.1, 'max_depth': 2, 'min_samples_leaf': 20}"
740,rf_importance,TweedieRegressor,25,0.8569539691548902,0.648832801840372,0.42225023383103544,26.0,4.884615384615385,linear coefficients + intercept,{'alpha': 0.01}
741,correlation,LightGBM-tiny,25,0.8568694408768249,0.6490244765740107,0.29822937976428276,680.0,0.18676470588235294,"100 boosting trees, ~680 total nodes (leaf-based estimate)","{'learning_rate': 0.1, 'max_depth': 2, 'n_estimators': 100, 'num_leaves': 7}"
742,lasso,HistGradientBoosting-tiny,25,0.8562271412486009,0.6504790979842847,0.3378301419539252,542.0,0.23431734317343172,"100 stages, 542 total nodes","{'learning_rate': 0.1, 'max_depth': 2, 'min_samples_leaf': 20}"
743,mutual_info,ExtraTrees-tiny,25,0.8551338426392476,0.6529476481121418,0.38300255275818396,1328.0,0.09563253012048192,"100 trees, 1328 total nodes","{'max_depth': 3, 'min_samples_leaf': 5, 'n_estimators': 100}"
744,rfe_ridge,Bagging-tiny,25,0.853141144287128,0.657423102698153,0.348211593104471,296.0,0.42905405405405406,"20 trees, 296 total nodes","{'max_samples': 1.0, 'n_estimators': 20}"
745,rfe_ridge,KNN,25,0.8529116199830731,0.6579366422715307,0.29999682386768256,127.0,1.0,non-parametric: stores all 127 training points,"{'n_neighbors': 3, 'weights': 'distance'}"
746,rf_importance,Ridge,25,0.8527926912208522,0.6582025768750484,0.423358182961676,26.0,4.884615384615385,linear coefficients + intercept,{'alpha': 1}
747,rf_importance,BayesianRidge,25,0.8523297138644986,0.6592368110647572,0.4178406032245092,26.0,4.884615384615385,linear coefficients + intercept,{}
748,rf_importance,RidgeCV,25,0.8490636817626578,0.6664871303661661,0.4390916677609685,26.0,4.884615384615385,linear coefficients + intercept,{}
749,rfe_ridge,PLS,25,0.8481947640829297,0.6684028103295555,0.43236300773630293,8.0,15.875,7 latent components (true PLS dimensionality),{'n_components': 7}
750,rfe_ridge,LightGBM-tiny,25,0.8474870011734184,0.669959148607732,0.3285918351938682,1036.0,0.12258687258687259,"100 boosting trees, ~1036 total nodes (leaf-based estimate)","{'learning_rate': 0.1, 'max_depth': 3, 'n_estimators': 100, 'num_leaves': 7}"
751,mutual_info,PassiveAggressiveRegressor,25,0.8447265990820729,0.6759949076756723,0.46491536545198575,26.0,4.884615384615385,linear coefficients + intercept,{'C': 1}
752,rf_importance,AdaBoost-tiny,25,0.8440258312843775,0.6775186141788339,0.4733539960058188,210.0,0.6047619047619047,"30 trees, 210 total nodes","{'learning_rate': 0.5, 'n_estimators': 30}"
753,lasso,ExtraTrees-tiny,25,0.8432849941979567,0.6791257274620884,0.3691558992678468,1332.0,0.09534534534534535,"100 trees, 1332 total nodes","{'max_depth': 3, 'min_samples_leaf': 5, 'n_estimators': 100}"
754,mutual_info,OrthogonalMatchingPursuit,25,0.840870446783743,0.6843374598166376,0.4899987124552065,26.0,4.884615384615385,linear coefficients + intercept,{'n_nonzero_coefs': 10}
755,mutual_info,PLS,25,0.8402700155901275,0.6856273229410671,0.46326853629716924,6.0,21.166666666666668,5 latent components (true PLS dimensionality),{'n_components': 5}
756,mutual_info,ExtraTree-tiny,25,0.8379662618122883,0.690553955790762,0.3873524260190566,21.0,6.0476190476190474,"single tree, 21 nodes","{'max_depth': 4, 'min_samples_leaf': 5}"
757,correlation,LassoCV,25,0.8371608353539218,0.6922681079700876,0.505426588221832,26.0,4.884615384615385,linear coefficients + intercept,{}
758,f_regression,LassoLarsCV,25,0.8370139562351351,0.6925802466737027,0.5059905821877688,26.0,4.884615384615385,linear coefficients + intercept,{}
759,correlation,LassoLarsCV,25,0.837013956235135,0.692580246673703,0.5059905821877686,26.0,4.884615384615385,linear coefficients + intercept,{}
760,lasso,RandomForest-tiny,25,0.8367624817058041,0.6931143389128946,0.3482231567025104,1362.0,0.09324522760646109,"100 trees, 1362 total nodes","{'max_depth': 3, 'min_samples_leaf': 3, 'n_estimators': 100}"
761,f_regression,LassoCV,25,0.8361798873387366,0.6943500991135781,0.5068055135006209,26.0,4.884615384615385,linear coefficients + intercept,{}
762,mutual_info,LassoLarsCV,25,0.8345590485675182,0.6977765999120518,0.4179503105484223,26.0,4.884615384615385,linear coefficients + intercept,{}
763,mutual_info,LassoCV,25,0.8334919419693175,0.7000233386407165,0.4273260562308172,26.0,4.884615384615385,linear coefficients + intercept,{}
764,lasso,DecisionTree-tiny,25,0.8331278624436159,0.700788241557164,0.37247490477758727,23.0,5.521739130434782,"single tree, 23 nodes","{'max_depth': 4, 'min_samples_leaf': 5}"
765,rfe_ridge,TweedieRegressor,25,0.8296759074929607,0.7079994715581475,0.4165875638044136,26.0,4.884615384615385,linear coefficients + intercept,{'alpha': 0.01}
766,mutual_info,DecisionTree-tiny,25,0.8290293374316517,0.7093420228067785,0.3321814421151655,23.0,5.521739130434782,"single tree, 23 nodes","{'max_depth': 4, 'min_samples_leaf': 5}"
767,rf_importance,LassoCV,25,0.828834845154471,0.7097453736801906,0.45271705294742337,26.0,4.884615384615385,linear coefficients + intercept,{}
768,f_regression,LinearRegression,25,0.8285306515724629,0.7103757711137795,0.49113432398646245,26.0,4.884615384615385,linear coefficients + intercept,{}
769,correlation,LinearRegression,25,0.8285306515724628,0.7103757711137797,0.4911343239864617,26.0,4.884615384615385,linear coefficients + intercept,{}
770,rfe_ridge,BayesianRidge,25,0.8275598698128408,0.7123838457986706,0.42077991361976413,26.0,4.884615384615385,linear coefficients + intercept,{}
771,rf_importance,LassoLarsCV,25,0.8271556405447258,0.713218332055248,0.4535039315801171,26.0,4.884615384615385,linear coefficients + intercept,{}
772,rfe_ridge,AdaBoost-tiny,25,0.8266499715687088,0.7142608566453345,0.45030297594316504,280.0,0.45357142857142857,"40 trees, 280 total nodes","{'learning_rate': 0.5, 'n_estimators': 50}"
773,mutual_info,AdaBoost-tiny,25,0.8263122347653834,0.7149563131075315,0.481314349939836,350.0,0.3628571428571429,"50 trees, 350 total nodes","{'learning_rate': 0.5, 'n_estimators': 50}"
774,correlation,ExtraTree-tiny,25,0.8262850036312425,0.71501235709025,0.4785566512383103,13.0,9.76923076923077,"single tree, 13 nodes","{'max_depth': 3, 'min_samples_leaf': 10}"
775,rfe_ridge,Ridge,25,0.8258886299819674,0.7158276308971023,0.4217885638376222,26.0,4.884615384615385,linear coefficients + intercept,{'alpha': 1}
776,lasso,SVR-RBF,25,0.824839493323863,0.7179810602914398,0.33374098467743535,78.0,1.6282051282051282,78 support vectors (of 127 training points),"{'C': 10, 'epsilon': 0.05, 'gamma': 'scale'}"
777,rfe_ridge,ElasticNet,25,0.8247643497185475,0.7181350501987089,0.425230462523191,26.0,4.884615384615385,linear coefficients + intercept,"{'alpha': 0.01, 'l1_ratio': 0.5}"
778,rfe_ridge,LassoLars,25,0.8247608090694412,0.7181423051476195,0.425485536781792,26.0,4.884615384615385,linear coefficients + intercept,{'alpha': 0.01}
779,rfe_ridge,Lasso,25,0.824727006480902,0.7182115644788473,0.42547206758608425,26.0,4.884615384615385,linear coefficients + intercept,{'alpha': 0.01}
780,f_regression,RidgeCV,25,0.8244483703183156,0.718782217833584,0.4970192964991164,26.0,4.884615384615385,linear coefficients + intercept,{}
781,correlation,RidgeCV,25,0.8244483703182973,0.7187822178336212,0.49701929649895815,26.0,4.884615384615385,linear coefficients + intercept,{}
782,rfe_ridge,ElasticNetCV,25,0.8243173852169694,0.7190503218844417,0.428204110869743,26.0,4.884615384615385,linear coefficients + intercept,{}
783,rfe_ridge,RidgeCV,25,0.8239931024304599,0.7197136434658316,0.42294505639407104,26.0,4.884615384615385,linear coefficients + intercept,{}
784,f_regression,SGDRegressor,25,0.8239439881116262,0.7198140536776604,0.5309641071262422,26.0,4.884615384615385,linear coefficients + intercept,"{'alpha': 0.01, 'penalty': 'elasticnet'}"
785,correlation,SGDRegressor,25,0.823943988111626,0.7198140536776607,0.5309641071262421,26.0,4.884615384615385,linear coefficients + intercept,"{'alpha': 0.01, 'penalty': 'elasticnet'}"
786,correlation,BayesianRidge,25,0.8230650135844007,0.7216086827735287,0.5024251429869342,26.0,4.884615384615385,linear coefficients + intercept,{}
787,f_regression,BayesianRidge,25,0.8230650135843994,0.7216086827735312,0.5024251429869349,26.0,4.884615384615385,linear coefficients + intercept,{}
788,rfe_ridge,RandomForest-tiny,25,0.8230580345008054,0.7216229143219666,0.3895071150939382,1348.0,0.09421364985163205,"100 trees, 1348 total nodes","{'max_depth': 3, 'min_samples_leaf': 3, 'n_estimators': 100}"
789,lasso,NuSVR,25,0.8229167003203097,0.721911058586338,0.3258247135113616,127.0,1.0,127 support vectors (of 127 training points),"{'C': 10, 'nu': 0.7}"
790,rfe_ridge,SGDRegressor,25,0.8226279221296725,0.7224994462195197,0.4847719782266406,26.0,4.884615384615385,linear coefficients + intercept,"{'alpha': 0.01, 'penalty': 'elasticnet'}"
791,correlation,LassoLarsIC,25,0.8223874740072481,0.7229889956505615,0.5026442611678769,26.0,4.884615384615385,linear coefficients + intercept,{}
792,f_regression,LassoLarsIC,25,0.8223874740072478,0.7229889956505622,0.502644261167878,26.0,4.884615384615385,linear coefficients + intercept,{}
793,correlation,AdaBoost-tiny,25,0.8208992466982401,0.7260116638005853,0.4981124277200192,210.0,0.6047619047619047,"30 trees, 210 total nodes","{'learning_rate': 0.5, 'n_estimators': 30}"
794,rfe_ridge,LassoCV,25,0.820307483296357,0.7272100753885286,0.430852107324607,26.0,4.884615384615385,linear coefficients + intercept,{}
795,rfe_ridge,LassoLarsCV,25,0.8196658360183395,0.72850728177852,0.43237881561918323,26.0,4.884615384615385,linear coefficients + intercept,{}
796,rfe_ridge,LassoLarsIC,25,0.8191654202560199,0.729517362075444,0.43383966958758285,26.0,4.884615384615385,linear coefficients + intercept,{}
797,rfe_ridge,LinearSVR,25,0.8190967248236756,0.7296559134304742,0.40685532404686836,26.0,4.884615384615385,linear coefficients + intercept,"{'C': 1, 'epsilon': 0.01}"
798,rfe_ridge,LinearRegression,25,0.8177293303810569,0.7324083488143328,0.43062095896799085,26.0,4.884615384615385,linear coefficients + intercept,{}
799,rf_importance,ExtraTree-tiny,25,0.8155732108862112,0.736727522284827,0.4508479723715063,13.0,9.76923076923077,"single tree, 13 nodes","{'max_depth': 3, 'min_samples_leaf': 5}"
800,rfe_ridge,HuberRegressor,25,0.8154851993824134,0.7369032905762553,0.4161097974433931,26.0,4.884615384615385,linear coefficients + intercept,"{'alpha': 0.1, 'epsilon': 1.5}"
801,lasso,KNN,25,0.8149479256706637,0.737975375234775,0.3333659848897767,127.0,1.0,non-parametric: stores all 127 training points,"{'n_neighbors': 3, 'weights': 'distance'}"
802,f_regression,AdaBoost-tiny,25,0.8117740072873031,0.7442771566823261,0.502232496196415,210.0,0.6047619047619047,"30 trees, 210 total nodes","{'learning_rate': 0.5, 'n_estimators': 30}"
803,rfe_ridge,PassiveAggressiveRegressor,25,0.8074477533769199,0.7527819320249827,0.48478912233544585,26.0,4.884615384615385,linear coefficients + intercept,{'C': 1}
804,correlation,ElasticNetCV,25,0.8065862034093988,0.7544641647837632,0.5285232647129964,26.0,4.884615384615385,linear coefficients + intercept,{}
805,f_regression,ElasticNetCV,25,0.8065411021932409,0.754552124558475,0.5288209855980968,26.0,4.884615384615385,linear coefficients + intercept,{}
806,rfe_ridge,ExtraTrees-tiny,25,0.8003813386045118,0.7664705297240187,0.4793396681295785,1362.0,0.09324522760646109,"100 trees, 1362 total nodes","{'max_depth': 3, 'min_samples_leaf': 5, 'n_estimators': 100}"
807,lasso,KernelRidge,25,0.799883219717915,0.7674262408875547,0.41855457995566775,36.513442908160854,3.4781710483843513,krr_effective_dof: trace(K(K+alpha*I)^-1),"{'alpha': 0.1, 'gamma': 0.01}"
808,correlation,ElasticNet,25,0.7941807268245221,0.7782836586293573,0.541354550718814,26.0,4.884615384615385,linear coefficients + intercept,"{'alpha': 0.1, 'l1_ratio': 0.2}"
809,f_regression,ElasticNet,25,0.7940125934484833,0.7786014829614475,0.5414032358847393,26.0,4.884615384615385,linear coefficients + intercept,"{'alpha': 0.1, 'l1_ratio': 0.2}"
810,correlation,Ridge,25,0.7864144690903855,0.7928313342746784,0.557735749266684,26.0,4.884615384615385,linear coefficients + intercept,{'alpha': 10}
811,f_regression,Ridge,25,0.7864144690903855,0.7928313342746784,0.557735749266684,26.0,4.884615384615385,linear coefficients + intercept,{'alpha': 10}
812,correlation,TweedieRegressor,25,0.7857557950333263,0.7940528951027074,0.5633785763582633,26.0,4.884615384615385,linear coefficients + intercept,{'alpha': 0.1}
813,f_regression,TweedieRegressor,25,0.7857557950302796,0.7940528951083534,0.5633785763585341,26.0,4.884615384615385,linear coefficients + intercept,{'alpha': 0.1}
814,lasso,AdaBoost-tiny,25,0.7837911999827306,0.7976852744546938,0.502509255450144,350.0,0.3628571428571429,"50 trees, 350 total nodes","{'learning_rate': 0.5, 'n_estimators': 50}"
815,rfe_ridge,ExtraTree-tiny,25,0.7815010223971152,0.8018988603852245,0.48914632643408906,13.0,9.76923076923077,"single tree, 13 nodes","{'max_depth': 4, 'min_samples_leaf': 10}"
816,rfe_ridge,OrthogonalMatchingPursuit,25,0.7769614147721009,0.8101862951206418,0.5946545041476107,26.0,4.884615384615385,linear coefficients + intercept,{'n_nonzero_coefs': 10}
817,f_regression,Lasso,25,0.7766477463836952,0.8107557942135641,0.5639775892818557,26.0,4.884615384615385,linear coefficients + intercept,{'alpha': 0.1}
818,f_regression,LassoLars,25,0.7765664125271445,0.8109033993805018,0.5639893805311547,26.0,4.884615384615385,linear coefficients + intercept,{'alpha': 0.1}
819,correlation,LassoLars,25,0.776566412527144,0.8109033993805027,0.5639893805311549,26.0,4.884615384615385,linear coefficients + intercept,{'alpha': 0.1}
820,correlation,Lasso,25,0.7765415218287612,0.810948565798998,0.5640215691591158,26.0,4.884615384615385,linear coefficients + intercept,{'alpha': 0.1}
821,correlation,OrthogonalMatchingPursuitCV,25,0.7756648430206853,0.8125377771277612,0.6333427763036434,26.0,4.884615384615385,linear coefficients + intercept,{}
822,f_regression,OrthogonalMatchingPursuitCV,25,0.7756648430206852,0.8125377771277614,0.6333427763036436,26.0,4.884615384615385,linear coefficients + intercept,{}
823,rfe_ridge,RANSACRegressor,25,0.7732414395562196,0.8169147494042838,0.4659884933486021,26.0,4.884615384615385,RANSAC inlier-fitted LinearRegression,{}
824,rfe_ridge,OrthogonalMatchingPursuitCV,25,0.760135303342862,0.8401910640768683,0.644125802477771,26.0,4.884615384615385,linear coefficients + intercept,{}
825,mutual_info,SmallMLP,25,0.7590814489226021,0.8420347464890041,0.4983747109554582,55.0,2.309090909090909,"layers (2,)","{'alpha': 0.1, 'hidden_layer_sizes': (2,)}"
826,correlation,LinearSVR,25,0.7538863679219047,0.8510649921288672,0.5112515290562718,26.0,4.884615384615385,linear coefficients + intercept,"{'C': 10, 'epsilon': 0.1}"
827,f_regression,LinearSVR,25,0.753886367921904,0.8510649921288683,0.5112515290562706,26.0,4.884615384615385,linear coefficients + intercept,"{'C': 10, 'epsilon': 0.1}"
828,lasso,GaussianProcess,25,0.7498395107900662,0.8580335123050479,0.4313434637380913,34.444448009134184,3.6870963926122835,gp_effective_dof: trace(K(K+sigma^2*I)^-1),{'kernel': 1**2 * RBF(length_scale=1) + WhiteKernel(noise_level=0.5)}
829,f_regression,HuberRegressor,25,0.7489138254617422,0.8596195653641929,0.4996408346900693,26.0,4.884615384615385,linear coefficients + intercept,"{'alpha': 0.1, 'epsilon': 1.5}"
830,correlation,HuberRegressor,25,0.7489059050761349,0.859633123388154,0.49963029613764665,26.0,4.884615384615385,linear coefficients + intercept,"{'alpha': 0.1, 'epsilon': 1.5}"
831,correlation,DecisionTree-tiny,25,0.7457389876318277,0.8650371868257286,0.44092117890874677,13.0,9.76923076923077,"single tree, 13 nodes","{'max_depth': 3, 'min_samples_leaf': 10}"
832,correlation,PassiveAggressiveRegressor,25,0.7378602411513673,0.8783373269565419,0.663090312407054,26.0,4.884615384615385,linear coefficients + intercept,{'C': 1}
833,f_regression,PassiveAggressiveRegressor,25,0.7378602411513673,0.8783373269565419,0.6630903124070537,26.0,4.884615384615385,linear coefficients + intercept,{'C': 1}
834,rf_importance,LinearRegression,25,0.7370742078838597,0.8796532005748577,0.4320960809134055,26.0,4.884615384615385,linear coefficients + intercept,{}
835,lasso,OrthogonalMatchingPursuit,25,0.7353719331182798,0.8824961996488204,0.5375098354257063,26.0,4.884615384615385,linear coefficients + intercept,{'n_nonzero_coefs': 10}
836,rfe_ridge,DecisionTree-tiny,25,0.7348431671708459,0.8833774385066795,0.47951249863121065,13.0,9.76923076923077,"single tree, 13 nodes","{'max_depth': 3, 'min_samples_leaf': 5}"
837,f_regression,PLS,25,0.7243532047443906,0.9006817552581173,0.6294063951690865,6.0,21.166666666666668,5 latent components (true PLS dimensionality),{'n_components': 5}
838,correlation,PLS,25,0.7243532047443891,0.9006817552581196,0.6294063951690884,6.0,21.166666666666668,5 latent components (true PLS dimensionality),{'n_components': 5}
839,f_regression,DecisionTree-tiny,25,0.7212272781696294,0.9057743736847707,0.4607916565570352,13.0,9.76923076923077,"single tree, 13 nodes","{'max_depth': 3, 'min_samples_leaf': 10}"
840,rf_importance,SmallMLP,25,0.717893084513798,0.9111749212622223,0.5165094438385996,55.0,2.309090909090909,"layers (2,)","{'alpha': 0.1, 'hidden_layer_sizes': (2,)}"
841,rf_importance,HuberRegressor,25,0.7136686643250405,0.9179717817280404,0.4319090494281316,26.0,4.884615384615385,linear coefficients + intercept,"{'alpha': 0.1, 'epsilon': 1.5}"
842,rf_importance,OrthogonalMatchingPursuitCV,25,0.7009311784114485,0.9381676671965304,0.6437678658822896,26.0,4.884615384615385,linear coefficients + intercept,{}
843,mutual_info,OrthogonalMatchingPursuitCV,25,0.693778821509087,0.9493197221878379,0.6716656087009678,26.0,4.884615384615385,linear coefficients + intercept,{}
844,lasso,OrthogonalMatchingPursuitCV,25,0.6853099025439613,0.9623574886581755,0.6292650721208923,26.0,4.884615384615385,linear coefficients + intercept,{}
845,correlation,OrthogonalMatchingPursuit,25,0.6737894706649018,0.9798145383820968,0.6430668463927909,26.0,4.884615384615385,linear coefficients + intercept,{'n_nonzero_coefs': 8}
846,f_regression,OrthogonalMatchingPursuit,25,0.6737894706649015,0.9798145383820972,0.6430668463927909,26.0,4.884615384615385,linear coefficients + intercept,{'n_nonzero_coefs': 8}
847,rfe_ridge,SmallMLP,25,0.673333375090277,0.9804992694650485,0.6197676050880296,55.0,2.309090909090909,"layers (2,)","{'alpha': 0.1, 'hidden_layer_sizes': (2,)}"
848,rf_importance,OrthogonalMatchingPursuit,25,0.6293471287699954,1.044428167780446,0.6239269158396629,26.0,4.884615384615385,linear coefficients + intercept,{'n_nonzero_coefs': 10}
849,lasso,LarsCV,25,0.5995031337759245,1.0856615393890305,0.7477470360563436,26.0,4.884615384615385,linear coefficients + intercept,{}
850,lasso,ExtraTree-tiny,25,0.5952717069626305,1.091381717591777,0.6910577992844279,13.0,9.76923076923077,"single tree, 13 nodes","{'max_depth': 3, 'min_samples_leaf': 5}"
851,f_regression,LarsCV,25,0.5560310205891532,1.1430657313541432,0.905599918158696,26.0,4.884615384615385,linear coefficients + intercept,{}
852,correlation,LarsCV,25,0.5560310205891528,1.1430657313541437,0.9055999181586964,26.0,4.884615384615385,linear coefficients + intercept,{}
853,f_regression,SmallMLP,25,0.5530989825326188,1.1468340092119693,0.7389699069950054,55.0,2.309090909090909,"layers (2,)","{'alpha': 0.1, 'hidden_layer_sizes': (2,)}"
854,mutual_info,LarsCV,25,0.5276756232191258,1.1790034387875583,0.9198741496980668,26.0,4.884615384615385,linear coefficients + intercept,{}
855,rf_importance,LarsCV,25,0.5270487805448664,1.1797855333194216,0.9149045283782556,26.0,4.884615384615385,linear coefficients + intercept,{}
856,rf_importance,LinearSVR,25,0.521666139582124,1.1864800881271305,0.4877936071899787,26.0,4.884615384615385,linear coefficients + intercept,"{'C': 10, 'epsilon': 0.01}"
857,correlation,SmallMLP,25,0.4869934658786975,1.2287296552762044,0.7195079084148599,55.0,2.309090909090909,"layers (2,)","{'alpha': 1.0, 'hidden_layer_sizes': (2,)}"
858,f_regression,RANSACRegressor,25,0.45125234053037844,1.270811780600542,0.5895272995878552,26.0,4.884615384615385,RANSAC inlier-fitted LinearRegression,{}
859,correlation,RANSACRegressor,25,0.45125234053037666,1.270811780600544,0.5895272995878559,26.0,4.884615384615385,RANSAC inlier-fitted LinearRegression,{}
860,rf_importance,RANSACRegressor,25,0.19758372846450156,1.5367200409106883,0.6568205381017564,26.0,4.884615384615385,RANSAC inlier-fitted LinearRegression,{}
861,rf_importance,Dummy-baseline,25,-0.015208038089242315,1.728512066148198,1.3294208821327171,1.0,127.0,constant baseline,{}
862,rfe_ridge,Dummy-baseline,25,-0.015208038089242315,1.728512066148198,1.3294208821327171,1.0,127.0,constant baseline,{}
863,f_regression,Dummy-baseline,25,-0.015208038089242315,1.728512066148198,1.3294208821327171,1.0,127.0,constant baseline,{}
864,correlation,Dummy-baseline,25,-0.015208038089242315,1.728512066148198,1.3294208821327171,1.0,127.0,constant baseline,{}
865,lasso,Dummy-baseline,25,-0.015208038089242315,1.728512066148198,1.3294208821327171,1.0,127.0,constant baseline,{}
866,mutual_info,Dummy-baseline,25,-0.015208038089242315,1.728512066148198,1.3294208821327171,1.0,127.0,constant baseline,{}
867,mutual_info,RANSACRegressor,25,-0.3755513823792165,2.012024665885619,0.7058912518299493,26.0,4.884615384615385,RANSAC inlier-fitted LinearRegression,{}
868,rfe_ridge,LarsCV,25,-1.302309614568712,2.6030155065068667,1.069409856304971,26.0,4.884615384615385,linear coefficients + intercept,{}
869,lasso,SGDRegressor,25,-70.89846839093083,14.546372717622635,1.9097462176324869,26.0,4.884615384615385,linear coefficients + intercept,"{'alpha': 0.01, 'penalty': 'l2'}"
870,lasso,LinearSVR,25,-110.21180830233673,18.091323640602994,2.223501743871775,26.0,4.884615384615385,linear coefficients + intercept,"{'C': 1, 'epsilon': 0.1}"
871,lasso,PLS,25,-121.73560551579527,19.00553837400328,2.3581697259808556,6.0,21.166666666666668,5 latent components (true PLS dimensionality),{'n_components': 5}
872,lasso,PassiveAggressiveRegressor,25,-122.60871132609519,19.073018545922892,2.3742965346061813,26.0,4.884615384615385,linear coefficients + intercept,{'C': 0.01}
873,lasso,HuberRegressor,25,-134.53849280242673,19.972214314853385,2.3977344726688914,26.0,4.884615384615385,linear coefficients + intercept,"{'alpha': 0.1, 'epsilon': 1.2}"
874,lasso,ElasticNet,25,-176.2955587602188,22.842509807258185,2.684778014887332,26.0,4.884615384615385,linear coefficients + intercept,"{'alpha': 0.01, 'l1_ratio': 0.5}"
875,lasso,BayesianRidge,25,-177.74617583475614,22.935767169190807,2.698760011789034,26.0,4.884615384615385,linear coefficients + intercept,{}
876,lasso,RANSACRegressor,25,-178.93034638051537,23.011615017510593,2.625654321462962,26.0,4.884615384615385,RANSAC inlier-fitted LinearRegression,{}
877,lasso,TweedieRegressor,25,-185.64736927110988,23.43720551370195,2.7591406531064435,26.0,4.884615384615385,linear coefficients + intercept,{'alpha': 0.01}
878,lasso,RidgeCV,25,-188.15046955965514,23.593838566896565,2.760527052126472,26.0,4.884615384615385,linear coefficients + intercept,{}
879,lasso,Ridge,25,-188.15074742573987,23.593855896816905,2.763032125148058,26.0,4.884615384615385,linear coefficients + intercept,{'alpha': 1}
880,lasso,ElasticNetCV,25,-188.59066822641233,23.62127688269758,2.759868041169552,26.0,4.884615384615385,linear coefficients + intercept,{}
881,lasso,LassoLarsIC,25,-189.25864297159114,23.662852090930468,2.768361107757262,26.0,4.884615384615385,linear coefficients + intercept,{}
882,lasso,LassoLarsCV,25,-197.81854482662442,24.18930202525042,2.814870312834117,26.0,4.884615384615385,linear coefficients + intercept,{}
883,lasso,LassoCV,25,-198.25049683246903,24.215564536486802,2.816785342668801,26.0,4.884615384615385,linear coefficients + intercept,{}
884,lasso,LinearRegression,25,-200.63756861321596,24.360186992877768,2.839860603207102,26.0,4.884615384615385,linear coefficients + intercept,{}
885,lasso,LassoLars,25,-208.68592037749397,24.841597844378878,2.886942625971166,26.0,4.884615384615385,linear coefficients + intercept,{'alpha': 0.01}
886,lasso,Lasso,25,-209.65547554743347,24.898963455971412,2.8925266392182882,26.0,4.884615384615385,linear coefficients + intercept,{'alpha': 0.01}
887,lasso,SmallMLP,25,-921.1225317618768,52.094180285925674,5.722098750191165,55.0,2.309090909090909,"layers (2,)","{'alpha': 0.1, 'hidden_layer_sizes': (2,)}"
888,mutual_info,KNN,30,0.9398719395562625,0.42066220038640934,0.21253759989315502,127.0,1.0,non-parametric: stores all 127 training points,"{'n_neighbors': 3, 'weights': 'distance'}"
889,rf_importance,KNN,30,0.9379967451475943,0.4271713683003843,0.21183343520644862,127.0,1.0,non-parametric: stores all 127 training points,"{'n_neighbors': 3, 'weights': 'distance'}"
890,mutual_info,RidgeCV,30,0.9229595281425765,0.4761615889186352,0.32566542767447587,31.0,4.096774193548387,linear coefficients + intercept,{}
891,mutual_info,GaussianProcess,30,0.921784718132952,0.4797784080269013,0.2581158864378597,40.25327458788432,3.15502282237245,gp_effective_dof: trace(K(K+sigma^2*I)^-1),"{'kernel': 1**2 * Matern(length_scale=1, nu=1.5) + WhiteKernel(noise_level=0.5)}"
892,mutual_info,ElasticNet,30,0.921755228887311,0.4798688441262758,0.332053887070194,31.0,4.096774193548387,linear coefficients + intercept,"{'alpha': 0.01, 'l1_ratio': 0.2}"
893,mutual_info,LassoLars,30,0.9200406765488647,0.48509795869826733,0.34025643140251294,31.0,4.096774193548387,linear coefficients + intercept,{'alpha': 0.001}
894,mutual_info,BayesianRidge,30,0.9200180850562651,0.4851664829959512,0.33283973816263296,31.0,4.096774193548387,linear coefficients + intercept,{}
895,mutual_info,Lasso,30,0.9200017002901546,0.485216175056204,0.34036120838483813,31.0,4.096774193548387,linear coefficients + intercept,{'alpha': 0.001}
896,rf_importance,LightGBM-tiny,30,0.9161388962898163,0.4967926692076421,0.22930340595130808,602.0,0.21096345514950166,"50 boosting trees, ~602 total nodes (leaf-based estimate)","{'learning_rate': 0.1, 'max_depth': 3, 'n_estimators': 50, 'num_leaves': 7}"
897,rfe_ridge,GaussianProcess,30,0.9150332762296651,0.5000567892038965,0.2931901812931593,43.584473194388856,2.9138817264940626,gp_effective_dof: trace(K(K+sigma^2*I)^-1),"{'kernel': 1**2 * RationalQuadratic(alpha=1, length_scale=1) + WhiteKernel(noise_level=0.5)}"
898,mutual_info,NuSVR,30,0.914838331921627,0.5006301158490951,0.22029493300147504,127.0,1.0,127 support vectors (of 127 training points),"{'C': 50, 'nu': 0.5}"
899,mutual_info,SVR-RBF,30,0.9140278786380895,0.5030066344288762,0.22710363792223878,85.0,1.4941176470588236,85 support vectors (of 127 training points),"{'C': 50, 'epsilon': 0.05, 'gamma': 'scale'}"
900,mutual_info,Ridge,30,0.9137711023948314,0.5037572490102813,0.3432267401435589,31.0,4.096774193548387,linear coefficients + intercept,{'alpha': 1}
901,mutual_info,TweedieRegressor,30,0.9136920277327505,0.5039881768498116,0.3434659761828356,31.0,4.096774193548387,linear coefficients + intercept,{'alpha': 0.01}
902,rf_importance,GaussianProcess,30,0.9124539761523112,0.5075900552507518,0.2743356765961168,38.647880833827756,3.286079269030433,gp_effective_dof: trace(K(K+sigma^2*I)^-1),"{'kernel': 1**2 * Matern(length_scale=1, nu=2.5) + WhiteKernel(noise_level=0.5)}"
903,rf_importance,ElasticNet,30,0.9119921217598741,0.5089272051759215,0.33838492577307494,31.0,4.096774193548387,linear coefficients + intercept,"{'alpha': 0.01, 'l1_ratio': 0.2}"
904,rf_importance,TweedieRegressor,30,0.9110790740109349,0.5115603549254262,0.3420691489278278,31.0,4.096774193548387,linear coefficients + intercept,{'alpha': 0.01}
905,rf_importance,Ridge,30,0.9110621177870167,0.5116091270134008,0.3417348913717792,31.0,4.096774193548387,linear coefficients + intercept,{'alpha': 1}
906,rf_importance,BayesianRidge,30,0.9103624114759378,0.5136176907458622,0.34501623616961874,31.0,4.096774193548387,linear coefficients + intercept,{}
907,mutual_info,KernelRidge,30,0.9103037044943041,0.5137858568544077,0.31321547782781756,37.08965529556148,3.424135354938122,krr_effective_dof: trace(K(K+alpha*I)^-1),"{'alpha': 0.1, 'gamma': 0.01}"
908,rf_importance,NuSVR,30,0.907457564943958,0.5218736304581532,0.24220068355007712,126.0,1.007936507936508,126 support vectors (of 127 training points),"{'C': 10, 'nu': 0.7}"
909,rf_importance,SVR-RBF,30,0.9070664562469615,0.5229752554319366,0.25419114369917156,95.0,1.3368421052631578,95 support vectors (of 127 training points),"{'C': 50, 'epsilon': 0.05, 'gamma': 'scale'}"
910,rf_importance,KernelRidge,30,0.9063146416645868,0.5250863792474385,0.31425630504854213,38.90811971617502,3.2641001653750723,krr_effective_dof: trace(K(K+alpha*I)^-1),"{'alpha': 0.1, 'gamma': 0.01}"
911,mutual_info,LinearSVR,30,0.9060660785278261,0.5257824894158677,0.33852100909522165,31.0,4.096774193548387,linear coefficients + intercept,"{'C': 1, 'epsilon': 0.1}"
912,rf_importance,DecisionTree-tiny,30,0.9043681622250908,0.5305131368282537,0.32496096095753935,23.0,5.521739130434782,"single tree, 23 nodes","{'max_depth': 4, 'min_samples_leaf': 5}"
913,rf_importance,RidgeCV,30,0.9042809743633069,0.5307549170207952,0.3705213997213174,31.0,4.096774193548387,linear coefficients + intercept,{}
914,rf_importance,LinearSVR,30,0.9037028410676993,0.5323553572147962,0.3340872367559664,31.0,4.096774193548387,linear coefficients + intercept,"{'C': 10, 'epsilon': 0.01}"
915,rf_importance,ElasticNetCV,30,0.9027112669346561,0.5350891755700441,0.3448754839233491,31.0,4.096774193548387,linear coefficients + intercept,{}
916,mutual_info,Bagging-tiny,30,0.9023880971690806,0.5359771575207043,0.2933363536051684,750.0,0.16933333333333334,"50 trees, 750 total nodes","{'max_samples': 1.0, 'n_estimators': 50}"
917,mutual_info,LassoLarsIC,30,0.9019817200387079,0.5370916867355113,0.3615057259852542,31.0,4.096774193548387,linear coefficients + intercept,{}
918,mutual_info,SGDRegressor,30,0.9011613492046467,0.53933461660068,0.37336860206988315,31.0,4.096774193548387,linear coefficients + intercept,"{'alpha': 0.01, 'penalty': 'l2'}"
919,correlation,Bagging-tiny,30,0.9008933633995835,0.5400652831082304,0.29825848837393937,750.0,0.16933333333333334,"50 trees, 750 total nodes","{'max_samples': 1.0, 'n_estimators': 50}"
920,f_regression,LightGBM-tiny,30,0.8996389347793362,0.5434724366321317,0.2639316271675642,680.0,0.18676470588235294,"100 boosting trees, ~680 total nodes (leaf-based estimate)","{'learning_rate': 0.1, 'max_depth': 2, 'n_estimators': 100, 'num_leaves': 7}"
921,f_regression,GradientBoosting-tiny,30,0.8989198831610689,0.5454158559840968,0.27772557857438507,684.0,0.18567251461988304,"100 stages, 684 total nodes","{'learning_rate': 0.1, 'max_depth': 2, 'n_estimators': 100}"
922,mutual_info,PassiveAggressiveRegressor,30,0.8968519696777502,0.5509667128167355,0.3945584923466534,31.0,4.096774193548387,linear coefficients + intercept,{'C': 1}
923,mutual_info,LightGBM-tiny,30,0.8958624555965302,0.553603156930289,0.2483676541579556,1170.0,0.10854700854700855,"100 boosting trees, ~1170 total nodes (leaf-based estimate)","{'learning_rate': 0.1, 'max_depth': 3, 'n_estimators': 100, 'num_leaves': 7}"
924,mutual_info,ElasticNetCV,30,0.8956601812697387,0.5541405490042788,0.36861421680446416,31.0,4.096774193548387,linear coefficients + intercept,{}
925,rf_importance,Bagging-tiny,30,0.8955189892419437,0.5545153521143892,0.30953962164168125,750.0,0.16933333333333334,"50 trees, 750 total nodes","{'max_samples': 1.0, 'n_estimators': 50}"
926,rf_importance,ExtraTrees-tiny,30,0.8942927710777634,0.557759833449798,0.32043864214376777,1342.0,0.09463487332339791,"100 trees, 1342 total nodes","{'max_depth': 3, 'min_samples_leaf': 5, 'n_estimators': 100}"
927,mutual_info,HistGradientBoosting-tiny,30,0.8930984097052923,0.5609019820384744,0.30179132541892023,764.0,0.1662303664921466,"100 stages, 764 total nodes","{'learning_rate': 0.1, 'max_depth': 3, 'min_samples_leaf': 20}"
928,correlation,GradientBoosting-tiny,30,0.8910504259247765,0.5662492764474009,0.2794335242769724,684.0,0.18567251461988304,"100 stages, 684 total nodes","{'learning_rate': 0.1, 'max_depth': 2, 'n_estimators': 100}"
929,mutual_info,ExtraTrees-tiny,30,0.8907369179277452,0.5670633968926807,0.3232751517040342,1362.0,0.09324522760646109,"100 trees, 1362 total nodes","{'max_depth': 3, 'min_samples_leaf': 5, 'n_estimators': 100}"
930,rf_importance,LassoLars,30,0.8887940329209465,0.5720828614526631,0.3507894662549617,31.0,4.096774193548387,linear coefficients + intercept,{'alpha': 0.01}
931,rf_importance,Lasso,30,0.8886872554973438,0.5723574459890861,0.35082679062890726,31.0,4.096774193548387,linear coefficients + intercept,{'alpha': 0.01}
932,f_regression,ExtraTrees-tiny,30,0.8883659717785072,0.5731828529548488,0.36315158677642884,2702.0,0.04700222057735011,"200 trees, 2702 total nodes","{'max_depth': 3, 'min_samples_leaf': 5, 'n_estimators': 200}"
933,rfe_ridge,LassoLars,30,0.8873676689465124,0.5757400324083635,0.39404947632848,31.0,4.096774193548387,linear coefficients + intercept,{'alpha': 0.01}
934,rfe_ridge,Lasso,30,0.887331308293792,0.5758329568551868,0.3939740544936352,31.0,4.096774193548387,linear coefficients + intercept,{'alpha': 0.01}
935,correlation,ExtraTrees-tiny,30,0.8864176733229977,0.5781629692014663,0.3595027125916521,1340.0,0.09477611940298507,"100 trees, 1340 total nodes","{'max_depth': 3, 'min_samples_leaf': 5, 'n_estimators': 100}"
936,rf_importance,GradientBoosting-tiny,30,0.8863498327424411,0.5783356063432054,0.2691657464236226,694.0,0.1829971181556196,"100 stages, 694 total nodes","{'learning_rate': 0.1, 'max_depth': 2, 'n_estimators': 100}"
937,lasso,GradientBoosting-tiny,30,0.8854564110582386,0.5806043495210504,0.25732351799764563,1396.0,0.09097421203438395,"100 stages, 1396 total nodes","{'learning_rate': 0.1, 'max_depth': 3, 'n_estimators': 100}"
938,rf_importance,LassoLarsIC,30,0.885437073026898,0.5806533582493654,0.3529026256239141,31.0,4.096774193548387,linear coefficients + intercept,{}
939,mutual_info,GradientBoosting-tiny,30,0.8845497252479186,0.5828977475349317,0.25772083450835215,698.0,0.1819484240687679,"100 stages, 698 total nodes","{'learning_rate': 0.1, 'max_depth': 2, 'n_estimators': 100}"
940,rfe_ridge,SVR-RBF,30,0.8837059507245699,0.5850239394814163,0.29218656630732254,88.0,1.4431818181818181,88 support vectors (of 127 training points),"{'C': 50, 'epsilon': 0.05, 'gamma': 'scale'}"
941,mutual_info,DecisionTree-tiny,30,0.8836317626277861,0.5852105134859839,0.33031042532468413,23.0,5.521739130434782,"single tree, 23 nodes","{'max_depth': 4, 'min_samples_leaf': 5}"
942,f_regression,Bagging-tiny,30,0.8835412257619072,0.5854381220907244,0.323806124381128,750.0,0.16933333333333334,"50 trees, 750 total nodes","{'max_samples': 1.0, 'n_estimators': 50}"
943,rfe_ridge,NuSVR,30,0.8834924200393489,0.585560782396055,0.289248703721532,127.0,1.0,127 support vectors (of 127 training points),"{'C': 10, 'nu': 0.7}"
944,f_regression,KernelRidge,30,0.8833212412501302,0.5859907921645667,0.3898432105796467,41.24001440283054,3.079533357080575,krr_effective_dof: trace(K(K+alpha*I)^-1),"{'alpha': 0.1, 'gamma': 0.01}"
945,correlation,KernelRidge,30,0.8833212412501297,0.5859907921645681,0.389843210579647,41.24001440283054,3.079533357080575,krr_effective_dof: trace(K(K+alpha*I)^-1),"{'alpha': 0.1, 'gamma': 0.01}"
946,rfe_ridge,ElasticNet,30,0.8832649613806672,0.5861321011298711,0.3940217931751458,31.0,4.096774193548387,linear coefficients + intercept,"{'alpha': 0.01, 'l1_ratio': 0.8}"
947,rfe_ridge,ElasticNetCV,30,0.883016140749133,0.5867564386407386,0.3940373214656704,31.0,4.096774193548387,linear coefficients + intercept,{}
948,rfe_ridge,Ridge,30,0.8811512648313683,0.5914147800510177,0.38979502920175524,31.0,4.096774193548387,linear coefficients + intercept,{'alpha': 1}
949,rf_importance,PLS,30,0.8809372476757812,0.591947036361723,0.39936912052270035,8.0,15.875,7 latent components (true PLS dimensionality),{'n_components': 7}
950,rf_importance,LinearRegression,30,0.8809178359044743,0.5919952893709649,0.3748539499848328,31.0,4.096774193548387,linear coefficients + intercept,{}
951,rfe_ridge,TweedieRegressor,30,0.880701621325818,0.5925324813383738,0.3920616802162677,31.0,4.096774193548387,linear coefficients + intercept,{'alpha': 0.01}
952,rfe_ridge,RidgeCV,30,0.8802548208567681,0.593641031071833,0.39209351267743875,31.0,4.096774193548387,linear coefficients + intercept,{}
953,mutual_info,PLS,30,0.8793955253491528,0.5957672176810633,0.4182436579559151,6.0,21.166666666666668,5 latent components (true PLS dimensionality),{'n_components': 5}
954,rfe_ridge,KernelRidge,30,0.8779390384324992,0.5993538303326232,0.37016487629251194,40.26308578061827,3.1542540155015866,krr_effective_dof: trace(K(K+alpha*I)^-1),"{'alpha': 0.1, 'gamma': 0.01}"
955,rf_importance,SGDRegressor,30,0.8762517012212472,0.6034822630976624,0.4159262693292733,31.0,4.096774193548387,linear coefficients + intercept,"{'alpha': 0.01, 'penalty': 'l2'}"
956,mutual_info,RandomForest-tiny,30,0.8747102256289405,0.6072292808661126,0.3133252301114744,2734.0,0.04645208485735187,"200 trees, 2734 total nodes","{'max_depth': 3, 'min_samples_leaf': 3, 'n_estimators': 200}"
957,rfe_ridge,PassiveAggressiveRegressor,30,0.8732773364136112,0.6106917289874491,0.419570698631926,31.0,4.096774193548387,linear coefficients + intercept,{'C': 0.1}
958,f_regression,RandomForest-tiny,30,0.873011479682699,0.6113319911065758,0.3385635075010511,2726.0,0.04658840792369773,"200 trees, 2726 total nodes","{'max_depth': 3, 'min_samples_leaf': 3, 'n_estimators': 200}"
959,correlation,RandomForest-tiny,30,0.8723278708725972,0.612975253873166,0.33659171157781914,2726.0,0.04658840792369773,"200 trees, 2726 total nodes","{'max_depth': 3, 'min_samples_leaf': 3, 'n_estimators': 200}"
960,rfe_ridge,BayesianRidge,30,0.8722302843359623,0.6132094737702801,0.4013996112886781,31.0,4.096774193548387,linear coefficients + intercept,{}
961,f_regression,HistGradientBoosting-tiny,30,0.8717964735326857,0.6142495930063032,0.3343197702072463,758.0,0.16754617414248021,"100 stages, 758 total nodes","{'learning_rate': 0.1, 'max_depth': 3, 'min_samples_leaf': 20}"
962,f_regression,GaussianProcess,30,0.8707233482954578,0.6168150181378645,0.34888674431473665,51.58231087317331,2.4620843434536694,gp_effective_dof: trace(K(K+sigma^2*I)^-1),"{'kernel': 1**2 * Matern(length_scale=1, nu=1.5) + WhiteKernel(noise_level=0.5)}"
963,correlation,GaussianProcess,30,0.8707233482954555,0.61681501813787,0.3488867443147336,51.582310873172496,2.4620843434537085,gp_effective_dof: trace(K(K+sigma^2*I)^-1),"{'kernel': 1**2 * Matern(length_scale=1, nu=1.5) + WhiteKernel(noise_level=0.5)}"
964,rf_importance,RandomForest-tiny,30,0.8694861667178482,0.6197594597664269,0.3423421775475121,2760.0,0.04601449275362319,"200 trees, 2760 total nodes","{'max_depth': 3, 'min_samples_leaf': 3, 'n_estimators': 200}"
965,correlation,LightGBM-tiny,30,0.8691459470769397,0.620566719434352,0.2776232296647076,680.0,0.18676470588235294,"100 boosting trees, ~680 total nodes (leaf-based estimate)","{'learning_rate': 0.1, 'max_depth': 2, 'n_estimators': 100, 'num_leaves': 7}"
966,lasso,LightGBM-tiny,30,0.8678370340253094,0.6236627134392616,0.28060869193423726,1132.0,0.11219081272084806,"100 boosting trees, ~1132 total nodes (leaf-based estimate)","{'learning_rate': 0.1, 'max_depth': 3, 'n_estimators': 100, 'num_leaves': 15}"
967,correlation,HistGradientBoosting-tiny,30,0.8671719636282879,0.625229941825731,0.34113924318917654,758.0,0.16754617414248021,"100 stages, 758 total nodes","{'learning_rate': 0.1, 'max_depth': 3, 'min_samples_leaf': 20}"
968,mutual_info,HuberRegressor,30,0.8660722061475932,0.6278129202664925,0.3713331308583987,31.0,4.096774193548387,linear coefficients + intercept,"{'alpha': 0.1, 'epsilon': 1.35}"
969,rf_importance,HistGradientBoosting-tiny,30,0.8653185748217195,0.6295768399495414,0.3261424276647919,566.0,0.22438162544169613,"100 stages, 566 total nodes","{'learning_rate': 0.1, 'max_depth': 2, 'min_samples_leaf': 20}"
970,rf_importance,HuberRegressor,30,0.8651929685223008,0.6298703488278996,0.3635166966992363,31.0,4.096774193548387,linear coefficients + intercept,"{'alpha': 0.1, 'epsilon': 1.5}"
971,mutual_info,LinearRegression,30,0.8641891083545115,0.6322112096047643,0.3677290287293299,31.0,4.096774193548387,linear coefficients + intercept,{}
972,rfe_ridge,LassoCV,30,0.8637725859358806,0.6331799409936917,0.4102350568831237,31.0,4.096774193548387,linear coefficients + intercept,{}
973,mutual_info,LassoCV,30,0.8623682891046152,0.6364351331406293,0.3909952296103078,31.0,4.096774193548387,linear coefficients + intercept,{}
974,rfe_ridge,PLS,30,0.8617905829407353,0.637769445851699,0.43688392927857506,8.0,15.875,7 latent components (true PLS dimensionality),{'n_components': 7}
975,correlation,KNN,30,0.8607832316889367,0.6400894449436242,0.3263895285883962,127.0,1.0,non-parametric: stores all 127 training points,"{'n_neighbors': 3, 'weights': 'distance'}"
976,f_regression,KNN,30,0.8607832316889367,0.6400894449436242,0.3263895285883962,127.0,1.0,non-parametric: stores all 127 training points,"{'n_neighbors': 3, 'weights': 'distance'}"
977,rfe_ridge,KNN,30,0.8604944884940704,0.6407528913817416,0.2778973158699692,127.0,1.0,non-parametric: stores all 127 training points,"{'n_neighbors': 3, 'weights': 'distance'}"
978,rf_importance,AdaBoost-tiny,30,0.8604757323015377,0.6407959638042688,0.46320213452268827,350.0,0.3628571428571429,"50 trees, 350 total nodes","{'learning_rate': 0.5, 'n_estimators': 50}"
979,lasso,HistGradientBoosting-tiny,30,0.8588140514053992,0.6446004876780498,0.3347911142739337,786.0,0.16157760814249364,"100 stages, 786 total nodes","{'learning_rate': 0.1, 'max_depth': 3, 'min_samples_leaf': 20}"
980,rfe_ridge,GradientBoosting-tiny,30,0.8567364299823982,0.6493259750102308,0.29025622018029223,692.0,0.18352601156069365,"100 stages, 692 total nodes","{'learning_rate': 0.1, 'max_depth': 2, 'n_estimators': 100}"
981,mutual_info,LassoLarsCV,30,0.8566342645051921,0.6495574604998278,0.39401401893214016,31.0,4.096774193548387,linear coefficients + intercept,{}
982,lasso,Bagging-tiny,30,0.8559004744360219,0.6512176566127337,0.3455987184313872,748.0,0.1697860962566845,"50 trees, 748 total nodes","{'max_samples': 1.0, 'n_estimators': 50}"
983,rf_importance,PassiveAggressiveRegressor,30,0.8552409131006706,0.6527063069670308,0.4451448600765236,31.0,4.096774193548387,linear coefficients + intercept,{'C': 0.01}
984,correlation,NuSVR,30,0.8531976378046682,0.657296642104923,0.2947542027870836,126.0,1.007936507936508,126 support vectors (of 127 training points),"{'C': 10, 'nu': 0.7}"
985,f_regression,NuSVR,30,0.8531976378046682,0.657296642104923,0.294754202787084,126.0,1.007936507936508,126 support vectors (of 127 training points),"{'C': 10, 'nu': 0.7}"
986,f_regression,SVR-RBF,30,0.8500816818655433,0.6642357442529487,0.3184157894390656,94.0,1.351063829787234,94 support vectors (of 127 training points),"{'C': 50, 'epsilon': 0.05, 'gamma': 'scale'}"
987,correlation,SVR-RBF,30,0.8500816818655434,0.6642357442529487,0.3184157894390651,94.0,1.351063829787234,94 support vectors (of 127 training points),"{'C': 50, 'epsilon': 0.05, 'gamma': 'scale'}"
988,rfe_ridge,SGDRegressor,30,0.846998954579954,0.6710302380255062,0.45958392268696574,31.0,4.096774193548387,linear coefficients + intercept,"{'alpha': 0.01, 'penalty': 'elasticnet'}"
989,correlation,LassoCV,30,0.8452294493669951,0.6748994209851807,0.480471348657258,31.0,4.096774193548387,linear coefficients + intercept,{}
990,f_regression,LassoCV,30,0.8450016872486349,0.6753958332871315,0.48038159365803645,31.0,4.096774193548387,linear coefficients + intercept,{}
991,f_regression,LassoLarsCV,30,0.8449673776302923,0.6754705802010201,0.48079911594806357,31.0,4.096774193548387,linear coefficients + intercept,{}
992,correlation,LassoLarsCV,30,0.8449673776302917,0.6754705802010212,0.4807991159480641,31.0,4.096774193548387,linear coefficients + intercept,{}
993,f_regression,DecisionTree-tiny,30,0.8448931091657814,0.675632353108727,0.37072349816548955,23.0,5.521739130434782,"single tree, 23 nodes","{'max_depth': 4, 'min_samples_leaf': 5}"
994,rfe_ridge,LassoLarsCV,30,0.8444229154785399,0.6766556399406614,0.42136992946186863,31.0,4.096774193548387,linear coefficients + intercept,{}
995,correlation,Lasso,30,0.8436155184249334,0.6784091847647112,0.4726374718704313,31.0,4.096774193548387,linear coefficients + intercept,{'alpha': 0.01}
996,rfe_ridge,HistGradientBoosting-tiny,30,0.8434574187738304,0.6787520230050514,0.32452506681318766,764.0,0.1662303664921466,"100 stages, 764 total nodes","{'learning_rate': 0.1, 'max_depth': 3, 'min_samples_leaf': 20}"
997,correlation,LassoLars,30,0.843425136259141,0.678822006176478,0.4726829962699498,31.0,4.096774193548387,linear coefficients + intercept,{'alpha': 0.01}
998,f_regression,LassoLars,30,0.843425136259141,0.678822006176478,0.4726829962699494,31.0,4.096774193548387,linear coefficients + intercept,{'alpha': 0.01}
999,f_regression,Lasso,30,0.8431872770432647,0.6793374235018859,0.4726716113517427,31.0,4.096774193548387,linear coefficients + intercept,{'alpha': 0.01}
1000,rfe_ridge,LassoLarsIC,30,0.8431503227574968,0.6794174646808233,0.42051573958351485,31.0,4.096774193548387,linear coefficients + intercept,{}
1001,rfe_ridge,LightGBM-tiny,30,0.8348096222782818,0.6972479801095827,0.2898230007748937,1018.0,0.12475442043222004,"100 boosting trees, ~1018 total nodes (leaf-based estimate)","{'learning_rate': 0.1, 'max_depth': 3, 'n_estimators': 100, 'num_leaves': 7}"
1002,rfe_ridge,LinearSVR,30,0.8345699574039678,0.6977535945550837,0.41294885803235176,31.0,4.096774193548387,linear coefficients + intercept,"{'C': 1, 'epsilon': 0.01}"
1003,mutual_info,OrthogonalMatchingPursuit,30,0.8339612332294399,0.6990361592832729,0.5022551903228529,31.0,4.096774193548387,linear coefficients + intercept,{'n_nonzero_coefs': 10}
1004,rfe_ridge,Bagging-tiny,30,0.8333080683588433,0.7004097472771531,0.35541163632448686,742.0,0.1711590296495957,"50 trees, 742 total nodes","{'max_samples': 1.0, 'n_estimators': 50}"
1005,rfe_ridge,LinearRegression,30,0.832956435762082,0.7011481068022917,0.42969539109101007,31.0,4.096774193548387,linear coefficients + intercept,{}
1006,lasso,RandomForest-tiny,30,0.8312534457545669,0.7047131059801236,0.3624353548842243,1362.0,0.09324522760646109,"100 trees, 1362 total nodes","{'max_depth': 3, 'min_samples_leaf': 3, 'n_estimators': 100}"
1007,f_regression,AdaBoost-tiny,30,0.8309960907093411,0.7052502795486206,0.4936885568249119,350.0,0.3628571428571429,"50 trees, 350 total nodes","{'learning_rate': 0.5, 'n_estimators': 50}"
1008,lasso,ExtraTrees-tiny,30,0.8307374893571897,0.7057896427009261,0.37564348352568194,2642.0,0.04806964420893263,"200 trees, 2642 total nodes","{'max_depth': 3, 'min_samples_leaf': 5, 'n_estimators': 200}"
1009,rfe_ridge,ExtraTrees-tiny,30,0.828797801668618,0.709822170912639,0.40773738904286333,1230.0,0.10325203252032521,"100 trees, 1230 total nodes","{'max_depth': 3, 'min_samples_leaf': 10, 'n_estimators': 100}"
1010,mutual_info,AdaBoost-tiny,30,0.8280014328824261,0.7114711695307967,0.4779551725910847,350.0,0.3628571428571429,"50 trees, 350 total nodes","{'learning_rate': 0.5, 'n_estimators': 50}"
1011,mutual_info,ExtraTree-tiny,30,0.8245705976424454,0.7185319492237975,0.37661166722812806,23.0,5.521739130434782,"single tree, 23 nodes","{'max_depth': 4, 'min_samples_leaf': 5}"
1012,lasso,NuSVR,30,0.8205216174617258,0.7267766490418829,0.34514696207040024,126.0,1.007936507936508,126 support vectors (of 127 training points),"{'C': 50, 'nu': 0.7}"
1013,correlation,DecisionTree-tiny,30,0.8203843521076801,0.7270545158956262,0.39085924933461896,13.0,9.76923076923077,"single tree, 13 nodes","{'max_depth': 3, 'min_samples_leaf': 5}"
1014,lasso,SVR-RBF,30,0.8190807016788084,0.7296882266197156,0.3602285682809045,86.0,1.4767441860465116,86 support vectors (of 127 training points),"{'C': 10, 'epsilon': 0.05, 'gamma': 'scale'}"
1015,rf_importance,SmallMLP,30,0.8159576686530519,0.7359592272206981,0.469420401450626,257.0,0.49416342412451364,"layers (8,)","{'alpha': 1.0, 'hidden_layer_sizes': (8,)}"
1016,rf_importance,LassoLarsCV,30,0.8148248836095157,0.7382206762477764,0.3878323603989696,31.0,4.096774193548387,linear coefficients + intercept,{}
1017,rfe_ridge,OrthogonalMatchingPursuit,30,0.8146946755607234,0.7384801748895718,0.547500479677682,31.0,4.096774193548387,linear coefficients + intercept,{'n_nonzero_coefs': 10}
1018,correlation,AdaBoost-tiny,30,0.813074242493811,0.7417020277471699,0.5049974489692739,350.0,0.3628571428571429,"50 trees, 350 total nodes","{'learning_rate': 0.5, 'n_estimators': 50}"
1019,rfe_ridge,ExtraTree-tiny,30,0.8117909240474203,0.7442437100768672,0.43385885492635423,15.0,8.466666666666667,"single tree, 15 nodes","{'max_depth': 3, 'min_samples_leaf': 10}"
1020,lasso,AdaBoost-tiny,30,0.8115855828063263,0.7446495945042902,0.4773278508788957,350.0,0.3628571428571429,"50 trees, 350 total nodes","{'learning_rate': 0.5, 'n_estimators': 50}"
1021,rf_importance,LassoCV,30,0.8114705161110628,0.744876942525606,0.389664018664355,31.0,4.096774193548387,linear coefficients + intercept,{}
1022,f_regression,ExtraTree-tiny,30,0.8096756614009274,0.7484142643588626,0.516255716746795,7.0,18.142857142857142,"single tree, 7 nodes","{'max_depth': 2, 'min_samples_leaf': 5}"
1023,lasso,KNN,30,0.8095811408348583,0.7486000833657045,0.3398213891629763,127.0,1.0,non-parametric: stores all 127 training points,"{'n_neighbors': 3, 'weights': 'distance'}"
1024,lasso,DecisionTree-tiny,30,0.8078970265924329,0.7519032035890175,0.39981732675549014,23.0,5.521739130434782,"single tree, 23 nodes","{'max_depth': 4, 'min_samples_leaf': 5}"
1025,rfe_ridge,HuberRegressor,30,0.8071477310153727,0.7533681716266247,0.42609920271058294,31.0,4.096774193548387,linear coefficients + intercept,"{'alpha': 0.1, 'epsilon': 1.2}"
1026,rfe_ridge,AdaBoost-tiny,30,0.8005564913825579,0.7661341911687625,0.46487759284163965,350.0,0.3628571428571429,"50 trees, 350 total nodes","{'learning_rate': 0.5, 'n_estimators': 50}"
1027,rfe_ridge,RandomForest-tiny,30,0.7995744294133119,0.7680181013931586,0.3828387266121627,1356.0,0.09365781710914454,"100 trees, 1356 total nodes","{'max_depth': 3, 'min_samples_leaf': 3, 'n_estimators': 100}"
1028,mutual_info,SmallMLP,30,0.7969785017391191,0.7729758151402026,0.5323805696444552,257.0,0.49416342412451364,"layers (8,)","{'alpha': 1.0, 'hidden_layer_sizes': (8,)}"
1029,rfe_ridge,DecisionTree-tiny,30,0.7960602327422472,0.7747219329996038,0.4194476914588112,17.0,7.470588235294118,"single tree, 17 nodes","{'max_depth': 4, 'min_samples_leaf': 10}"
1030,rf_importance,ExtraTree-tiny,30,0.7807332666106109,0.8033064702068868,0.4393669740784237,27.0,4.703703703703703,"single tree, 27 nodes","{'max_depth': 4, 'min_samples_leaf': 5}"
1031,lasso,KernelRidge,30,0.7797673876464001,0.8050738250214475,0.4505703748831651,42.53774541568105,2.985583715332099,krr_effective_dof: trace(K(K+alpha*I)^-1),"{'alpha': 0.1, 'gamma': 0.01}"
1032,rfe_ridge,LarsCV,30,0.7784657012298876,0.807449517081944,0.5864467919584632,31.0,4.096774193548387,linear coefficients + intercept,{}
1033,lasso,GaussianProcess,30,0.7679905288614416,0.8263190188633819,0.4439233163972367,37.54585070654647,3.3825308951611097,gp_effective_dof: trace(K(K+sigma^2*I)^-1),{'kernel': 1**2 * RBF(length_scale=1) + WhiteKernel(noise_level=0.5)}
1034,rfe_ridge,RANSACRegressor,30,0.7586701212110027,0.8427532559508238,0.45847582797017694,31.0,4.096774193548387,RANSAC inlier-fitted LinearRegression,{}
1035,rfe_ridge,OrthogonalMatchingPursuitCV,30,0.7564658322881816,0.8465933295065526,0.6358410266793816,31.0,4.096774193548387,linear coefficients + intercept,{}
1036,correlation,ExtraTree-tiny,30,0.7561282011328616,0.8471799767226803,0.5368880518462259,23.0,5.521739130434782,"single tree, 23 nodes","{'max_depth': 4, 'min_samples_leaf': 5}"
1037,rfe_ridge,SmallMLP,30,0.7459684903180357,0.8646466960154037,0.5535109291038071,257.0,0.49416342412451364,"layers (8,)","{'alpha': 1.0, 'hidden_layer_sizes': (8,)}"
1038,lasso,OrthogonalMatchingPursuit,30,0.7306494216953197,0.8903358232671681,0.5473879829972963,31.0,4.096774193548387,linear coefficients + intercept,{'n_nonzero_coefs': 10}
1039,lasso,ExtraTree-tiny,30,0.7048030232842826,0.9320749674099567,0.6095473733609735,13.0,9.76923076923077,"single tree, 13 nodes","{'max_depth': 3, 'min_samples_leaf': 5}"
1040,mutual_info,OrthogonalMatchingPursuitCV,30,0.6935884150798416,0.9496148168801891,0.6794308830294411,31.0,4.096774193548387,linear coefficients + intercept,{}
1041,lasso,OrthogonalMatchingPursuitCV,30,0.6832618412606577,0.9654840100640918,0.6315802084908936,31.0,4.096774193548387,linear coefficients + intercept,{}
1042,rf_importance,OrthogonalMatchingPursuitCV,30,0.6808195504722276,0.969199168157473,0.6483055200380063,31.0,4.096774193548387,linear coefficients + intercept,{}
1043,rf_importance,OrthogonalMatchingPursuit,30,0.6485721787642715,1.0169812868902877,0.584286997997854,31.0,4.096774193548387,linear coefficients + intercept,{'n_nonzero_coefs': 10}
1044,rf_importance,LarsCV,30,0.5697084661508623,1.1253206602017587,0.886624684603568,31.0,4.096774193548387,linear coefficients + intercept,{}
1045,f_regression,LarsCV,30,0.5632648151806412,1.1337152341657266,0.8970609715903992,31.0,4.096774193548387,linear coefficients + intercept,{}
1046,correlation,LarsCV,30,0.563264815180641,1.133715234165727,0.8970609715903995,31.0,4.096774193548387,linear coefficients + intercept,{}
1047,lasso,LarsCV,30,0.5453464515529935,1.156738483067573,0.8113661635059334,31.0,4.096774193548387,linear coefficients + intercept,{}
1048,mutual_info,LarsCV,30,0.5356199006573288,1.169046246280718,0.922413181179187,31.0,4.096774193548387,linear coefficients + intercept,{}
1049,rf_importance,RANSACRegressor,30,0.4652242143559576,1.2545291556470095,0.558930442727896,31.0,4.096774193548387,RANSAC inlier-fitted LinearRegression,{}
1050,f_regression,Dummy-baseline,30,-0.015208038089242315,1.728512066148198,1.3294208821327171,1.0,127.0,constant baseline,{}
1051,rfe_ridge,Dummy-baseline,30,-0.015208038089242315,1.728512066148198,1.3294208821327171,1.0,127.0,constant baseline,{}
1052,correlation,Dummy-baseline,30,-0.015208038089242315,1.728512066148198,1.3294208821327171,1.0,127.0,constant baseline,{}
1053,rf_importance,Dummy-baseline,30,-0.015208038089242315,1.728512066148198,1.3294208821327171,1.0,127.0,constant baseline,{}
1054,lasso,Dummy-baseline,30,-0.015208038089242315,1.728512066148198,1.3294208821327171,1.0,127.0,constant baseline,{}
1055,mutual_info,Dummy-baseline,30,-0.015208038089242315,1.728512066148198,1.3294208821327171,1.0,127.0,constant baseline,{}
1056,mutual_info,RANSACRegressor,30,-0.3097643418666778,1.9633217284268842,0.7513823956130083,31.0,4.096774193548387,RANSAC inlier-fitted LinearRegression,{}
1057,f_regression,ElasticNetCV,30,-0.6673808506851178,2.2151967033828677,0.6950886601501748,31.0,4.096774193548387,linear coefficients + intercept,{}
1058,correlation,ElasticNetCV,30,-0.795671171202625,2.2988376262352452,0.7036750706235974,31.0,4.096774193548387,linear coefficients + intercept,{}
1059,f_regression,LassoLarsIC,30,-8.161667480655955,5.192567541750991,0.9746724251328573,31.0,4.096774193548387,linear coefficients + intercept,{}
1060,correlation,LassoLarsIC,30,-8.16166748065955,5.192567541752009,0.9746724251329592,31.0,4.096774193548387,linear coefficients + intercept,{}
1061,f_regression,ElasticNet,30,-20.690693880908572,7.989721004399676,1.2840267945631807,31.0,4.096774193548387,linear coefficients + intercept,"{'alpha': 0.1, 'l1_ratio': 0.2}"
1062,correlation,ElasticNet,30,-20.731184704810513,7.997174881890408,1.2845507334787452,31.0,4.096774193548387,linear coefficients + intercept,"{'alpha': 0.1, 'l1_ratio': 0.2}"
1063,correlation,TweedieRegressor,30,-48.14086830499986,12.025864460048288,1.6928363080805409,31.0,4.096774193548387,linear coefficients + intercept,{'alpha': 0.1}
1064,f_regression,TweedieRegressor,30,-48.14086830518438,12.025864460070865,1.6928363081124802,31.0,4.096774193548387,linear coefficients + intercept,{'alpha': 0.1}
1065,f_regression,RidgeCV,30,-50.98133407917273,12.368544682804641,1.714138511389808,31.0,4.096774193548387,linear coefficients + intercept,{}
1066,correlation,RidgeCV,30,-50.981334079180705,12.36854468280559,1.7141385113899466,31.0,4.096774193548387,linear coefficients + intercept,{}
1067,correlation,Ridge,30,-50.98418442041294,12.368883786161083,1.7190108857579753,31.0,4.096774193548387,linear coefficients + intercept,{'alpha': 10}
1068,f_regression,Ridge,30,-50.984184420413094,12.368883786161103,1.7190108857579776,31.0,4.096774193548387,linear coefficients + intercept,{'alpha': 10}
1069,f_regression,RANSACRegressor,30,-55.14547061158941,12.854413167360727,2.1336234625959363,31.0,4.096774193548387,RANSAC inlier-fitted LinearRegression,{}
1070,correlation,RANSACRegressor,30,-55.14547061159028,12.854413167360827,2.133623462595947,31.0,4.096774193548387,RANSAC inlier-fitted LinearRegression,{}
1071,correlation,SGDRegressor,30,-56.462363950679695,13.004289703872065,1.7745007174162415,31.0,4.096774193548387,linear coefficients + intercept,"{'alpha': 0.01, 'penalty': 'elasticnet'}"
1072,f_regression,SGDRegressor,30,-56.46236395067981,13.004289703872077,1.7745007174162435,31.0,4.096774193548387,linear coefficients + intercept,"{'alpha': 0.01, 'penalty': 'elasticnet'}"
1073,lasso,RANSACRegressor,30,-58.63114735193922,13.247425154222636,1.710540544864351,31.0,4.096774193548387,RANSAC inlier-fitted LinearRegression,{}
1074,lasso,SGDRegressor,30,-66.16778618336915,14.059679116153546,1.853386655271497,31.0,4.096774193548387,linear coefficients + intercept,"{'alpha': 0.01, 'penalty': 'elasticnet'}"
1075,lasso,RidgeCV,30,-72.48139554165117,14.705628470406868,1.878055654070961,31.0,4.096774193548387,linear coefficients + intercept,{}
1076,lasso,HuberRegressor,30,-73.32700339089358,14.790001009697669,1.8659186293347194,31.0,4.096774193548387,linear coefficients + intercept,"{'alpha': 0.1, 'epsilon': 1.5}"
1077,lasso,PassiveAggressiveRegressor,30,-85.37432940960248,15.943631056289616,2.02399166072265,31.0,4.096774193548387,linear coefficients + intercept,{'C': 0.01}
1078,f_regression,PassiveAggressiveRegressor,30,-91.62380777612066,16.510347234955294,2.1892215590829767,31.0,4.096774193548387,linear coefficients + intercept,{'C': 0.1}
1079,correlation,PassiveAggressiveRegressor,30,-91.62380777612117,16.51034723495534,2.1892215590829815,31.0,4.096774193548387,linear coefficients + intercept,{'C': 0.1}
1080,f_regression,PLS,30,-94.57450084829534,16.77126846599048,2.2403272117615782,4.0,31.75,3 latent components (true PLS dimensionality),{'n_components': 3}
1081,correlation,PLS,30,-94.57450084829566,16.77126846599051,2.240327211761581,4.0,31.75,3 latent components (true PLS dimensionality),{'n_components': 3}
1082,correlation,BayesianRidge,30,-104.1714414704396,17.593158075722833,2.1960017010752466,31.0,4.096774193548387,linear coefficients + intercept,{}
1083,f_regression,BayesianRidge,30,-104.1714414704452,17.593158075723302,2.196001701075293,31.0,4.096774193548387,linear coefficients + intercept,{}
1084,lasso,PLS,30,-108.13016498450789,17.92120870748963,2.243041215722666,4.0,31.75,3 latent components (true PLS dimensionality),{'n_components': 3}
1085,lasso,LinearSVR,30,-149.45840615716796,21.042780264073794,2.496995546557591,31.0,4.096774193548387,linear coefficients + intercept,"{'C': 1, 'epsilon': 0.1}"
1086,correlation,HuberRegressor,30,-154.49716087955593,21.392233171051817,2.5866376332382273,31.0,4.096774193548387,linear coefficients + intercept,"{'alpha': 0.001, 'epsilon': 1.2}"
1087,f_regression,HuberRegressor,30,-154.97289805240248,21.424932508670196,2.5898460476024066,31.0,4.096774193548387,linear coefficients + intercept,"{'alpha': 0.001, 'epsilon': 1.2}"
1088,f_regression,LinearRegression,30,-163.9124300405469,22.030359657591887,2.6334860169196146,31.0,4.096774193548387,linear coefficients + intercept,{}
1089,correlation,LinearRegression,30,-163.91243004055033,22.03035965759212,2.6334860169196364,31.0,4.096774193548387,linear coefficients + intercept,{}
1090,lasso,BayesianRidge,30,-165.79088534389507,22.155474143132313,2.6018803749473136,31.0,4.096774193548387,linear coefficients + intercept,{}
1091,correlation,LinearSVR,30,-169.33765284651278,22.389800351090624,2.6906794470050386,31.0,4.096774193548387,linear coefficients + intercept,"{'C': 10, 'epsilon': 0.01}"
1092,f_regression,LinearSVR,30,-169.33765284651534,22.38980035109079,2.6906794470050555,31.0,4.096774193548387,linear coefficients + intercept,"{'C': 10, 'epsilon': 0.01}"
1093,lasso,ElasticNet,30,-182.55358574045204,23.24215152254265,2.7014608765876154,31.0,4.096774193548387,linear coefficients + intercept,"{'alpha': 0.01, 'l1_ratio': 0.8}"
1094,lasso,ElasticNetCV,30,-191.52269058557798,23.803227803404624,2.7554106586405958,31.0,4.096774193548387,linear coefficients + intercept,{}
1095,lasso,TweedieRegressor,30,-193.94366026159713,23.952422837028664,2.777798429994446,31.0,4.096774193548387,linear coefficients + intercept,{'alpha': 0.1}
1096,lasso,Ridge,30,-200.3268036258558,24.34140772384116,2.8105712034297574,31.0,4.096774193548387,linear coefficients + intercept,{'alpha': 10}
1097,lasso,LassoLarsIC,30,-216.25966253355907,25.286250850182658,2.9041029263081306,31.0,4.096774193548387,linear coefficients + intercept,{}
1098,lasso,LassoLarsCV,30,-223.18693858451593,25.686210950715218,2.941341864300081,31.0,4.096774193548387,linear coefficients + intercept,{}
1099,lasso,LassoCV,30,-225.22590410162044,25.802753765968347,2.9503472973067937,31.0,4.096774193548387,linear coefficients + intercept,{}
1100,lasso,LassoLars,30,-226.77391718206002,25.8908844843366,2.965522989054155,31.0,4.096774193548387,linear coefficients + intercept,{'alpha': 0.01}
1101,lasso,Lasso,30,-228.25677514024707,25.975025419465904,2.9739016681370107,31.0,4.096774193548387,linear coefficients + intercept,{'alpha': 0.01}
1102,lasso,SmallMLP,30,-234.57350291624212,26.330439701903007,3.1235873608095654,257.0,0.49416342412451364,"layers (8,)","{'alpha': 1.0, 'hidden_layer_sizes': (8,)}"
1103,lasso,LinearRegression,30,-245.83351088870498,26.95236950310097,3.0688732835416834,31.0,4.096774193548387,linear coefficients + intercept,{}
1104,correlation,SmallMLP,30,-386.2136541293853,33.757495878750625,3.952548642475152,257.0,0.49416342412451364,"layers (8,)","{'alpha': 1.0, 'hidden_layer_sizes': (8,)}"
1105,correlation,OrthogonalMatchingPursuitCV,30,-454.5888847280316,36.616889680178325,4.220891720073216,31.0,4.096774193548387,linear coefficients + intercept,{}
1106,f_regression,OrthogonalMatchingPursuitCV,30,-454.5888847280318,36.61688968017833,4.220891720073217,31.0,4.096774193548387,linear coefficients + intercept,{}
1107,correlation,OrthogonalMatchingPursuit,30,-455.2803539755931,36.64466675524334,4.253079488574178,31.0,4.096774193548387,linear coefficients + intercept,{'n_nonzero_coefs': 3}
1108,f_regression,OrthogonalMatchingPursuit,30,-455.28035397559466,36.644666755243406,4.253079488574184,31.0,4.096774193548387,linear coefficients + intercept,{'n_nonzero_coefs': 3}
1109,f_regression,SmallMLP,30,-1426.2725490236492,64.81094415132524,6.877529143306042,257.0,0.49416342412451364,"layers (8,)","{'alpha': 1.0, 'hidden_layer_sizes': (8,)}"
