,feature_method,model,n_features,R2,RMSE,MAE,n_params,samples_per_param,param_note,best_params
0,rf_importance,KernelRidge,10,0.5240557607885807,1.1542175509164083,0.7204980034034406,7.4320817457639965,17.088078999182855,krr_effective_dof: trace(K(K+alpha*I)^-1),"{'alpha': 1, 'gamma': 0.01}"
1,rf_importance,GradientBoosting-tiny,10,0.48323857833460215,1.2026927106363086,0.6261339182394328,1346.0,0.09435364041604755,"100 stages, 1346 total nodes","{'learning_rate': 0.1, 'max_depth': 3, 'n_estimators': 100}"
2,rf_importance,LightGBM-tiny,10,0.434021845142916,1.2586630154900387,0.6731887302089347,634.0,0.20031545741324921,"100 boosting trees, ~634 total nodes (leaf-based estimate)","{'learning_rate': 0.1, 'max_depth': 2, 'n_estimators': 100, 'num_leaves': 7}"
3,rf_importance,HuberRegressor,10,0.4257097841737587,1.2678718083613598,0.6820377605397419,11.0,11.545454545454545,linear coefficients + intercept,"{'alpha': 0.1, 'epsilon': 1.2}"
4,rf_importance,SGDRegressor,10,0.4003651430511034,1.2955466983918276,0.8886990996455372,11.0,11.545454545454545,linear coefficients + intercept,"{'alpha': 0.001, 'penalty': 'l2'}"
5,rf_importance,BayesianRidge,10,0.39550687979570454,1.30078439385161,0.8753779037359004,11.0,11.545454545454545,linear coefficients + intercept,{}
6,rf_importance,LinearRegression,10,0.39347098131086145,1.302973036562049,0.8593028913576531,11.0,11.545454545454545,linear coefficients + intercept,{}
7,rf_importance,RidgeCV,10,0.38678977455133623,1.3101298167876454,0.862557366571775,11.0,11.545454545454545,linear coefficients + intercept,{}
8,rf_importance,LinearSVR,10,0.38566877403332755,1.3113267844408347,0.703494041286195,11.0,11.545454545454545,linear coefficients + intercept,"{'C': 10, 'epsilon': 0.01}"
9,mutual_info,KernelRidge,10,0.3783584639851567,1.3191058581168749,0.8589604237894635,12.516709933114527,10.146436298248437,krr_effective_dof: trace(K(K+alpha*I)^-1),"{'alpha': 0.1, 'gamma': 0.01}"
10,rf_importance,SVR-RBF,10,0.36656824331197435,1.3315563588809154,0.6085917505030333,97.0,1.309278350515464,97 support vectors (of 127 training points),"{'C': 1, 'epsilon': 0.1, 'gamma': 0.1}"
11,rf_importance,NuSVR,10,0.3664769914928896,1.3316522670532946,0.6129943401163259,81.0,1.5679012345679013,81 support vectors (of 127 training points),"{'C': 1, 'nu': 0.5}"
12,rf_importance,LassoLarsIC,10,0.36212270838466165,1.3362207371172221,0.906369205556214,11.0,11.545454545454545,linear coefficients + intercept,{}
13,rf_importance,HistGradientBoosting-tiny,10,0.35470857332449546,1.3439638405828747,0.7965573585183119,858.0,0.14801864801864803,"100 stages, 858 total nodes","{'learning_rate': 0.05, 'max_depth': 3, 'min_samples_leaf': 10}"
14,mutual_info,ExtraTree-tiny,10,0.3492973173560515,1.3495871521812526,0.8499159343444153,15.0,8.466666666666667,"single tree, 15 nodes","{'max_depth': 4, 'min_samples_leaf': 5}"
15,mutual_info,GradientBoosting-tiny,10,0.3460805880007539,1.35291886167619,0.6689775734218314,1326.0,0.09577677224736049,"100 stages, 1326 total nodes","{'learning_rate': 0.1, 'max_depth': 3, 'n_estimators': 100}"
16,f_regression,LightGBM-tiny,10,0.3422389883740895,1.3568870583293247,0.744146417866863,980.0,0.12959183673469388,"100 boosting trees, ~980 total nodes (leaf-based estimate)","{'learning_rate': 0.1, 'max_depth': 3, 'n_estimators': 100, 'num_leaves': 7}"
17,correlation,LightGBM-tiny,10,0.342171473448559,1.3569566943950087,0.744610986945702,980.0,0.12959183673469388,"100 boosting trees, ~980 total nodes (leaf-based estimate)","{'learning_rate': 0.1, 'max_depth': 3, 'n_estimators': 100, 'num_leaves': 7}"
18,rf_importance,GaussianProcess,10,0.3366805638628694,1.3626081996975008,0.6709147281466581,36.232909768672585,3.5051007719453366,gp_effective_dof: trace(K(K+sigma^2*I)^-1),{'kernel': 1**2 * RBF(length_scale=1) + WhiteKernel(noise_level=0.5)}
19,rf_importance,Bagging-tiny,10,0.33079294055756414,1.3686420952429874,0.7441097283921144,236.0,0.538135593220339,"20 trees, 236 total nodes","{'max_samples': 0.7, 'n_estimators': 20}"
20,mutual_info,GaussianProcess,10,0.3287151387009699,1.3707651773920984,0.7121836651942619,24.720649552078896,5.1374054606635475,gp_effective_dof: trace(K(K+sigma^2*I)^-1),"{'kernel': 1**2 * RationalQuadratic(alpha=1, length_scale=1) + WhiteKernel(noise_level=0.5)}"
21,mutual_info,LightGBM-tiny,10,0.32409033605525384,1.3754790010173568,0.7014239231565393,316.0,0.40189873417721517,"50 boosting trees, ~316 total nodes (leaf-based estimate)","{'learning_rate': 0.1, 'max_depth': 2, 'n_estimators': 50, 'num_leaves': 7}"
22,rf_importance,OrthogonalMatchingPursuit,10,0.32114701594666784,1.3784705821489676,0.9182395150216491,11.0,11.545454545454545,linear coefficients + intercept,{'n_nonzero_coefs': 3}
23,rf_importance,RandomForest-tiny,10,0.3206495268763152,1.378975587260731,0.7390126257159493,1936.0,0.06559917355371901,"200 trees, 1936 total nodes","{'max_depth': 3, 'min_samples_leaf': 5, 'n_estimators': 200}"
24,rf_importance,PLS,10,0.31928179208875584,1.3803630335085146,0.9252496672259292,4.0,31.75,3 latent components (true PLS dimensionality),{'n_components': 3}
25,rf_importance,OrthogonalMatchingPursuitCV,10,0.31786854535417497,1.3817951841844887,0.9576634664104204,11.0,11.545454545454545,linear coefficients + intercept,{}
26,mutual_info,HistGradientBoosting-tiny,10,0.30252176124669694,1.397252732826727,0.7670404187348148,854.0,0.148711943793911,"100 stages, 854 total nodes","{'learning_rate': 0.1, 'max_depth': 3, 'min_samples_leaf': 10}"
27,mutual_info,NuSVR,10,0.301699786011981,1.3980758186957434,0.7556764240535213,98.0,1.2959183673469388,98 support vectors (of 127 training points),"{'C': 1, 'nu': 0.7}"
28,rfe_ridge,KernelRidge,10,0.29826419784427993,1.4015108164697434,0.8565708968551761,15.326195437051604,8.286466169743154,krr_effective_dof: trace(K(K+alpha*I)^-1),"{'alpha': 0.1, 'gamma': 0.01}"
29,mutual_info,SVR-RBF,10,0.2980583989985841,1.4017163127287893,0.7314373363786149,111.0,1.1441441441441442,111 support vectors (of 127 training points),"{'C': 1, 'epsilon': 0.1, 'gamma': 'scale'}"
30,correlation,GradientBoosting-tiny,10,0.29488176728933246,1.4048844610050522,0.7476180813943141,1250.0,0.1016,"100 stages, 1250 total nodes","{'learning_rate': 0.1, 'max_depth': 3, 'n_estimators': 100}"
31,rf_importance,KNN,10,0.29349366117469156,1.4062666192026383,0.69591499301913,127.0,1.0,non-parametric: stores all 127 training points,"{'n_neighbors': 9, 'weights': 'distance'}"
32,f_regression,GradientBoosting-tiny,10,0.2874454399415942,1.4122731371164132,0.744159950836705,1250.0,0.1016,"100 stages, 1250 total nodes","{'learning_rate': 0.1, 'max_depth': 3, 'n_estimators': 100}"
33,rfe_ridge,SVR-RBF,10,0.2838342987476212,1.4158472301517075,0.675035372566746,105.0,1.2095238095238094,105 support vectors (of 127 training points),"{'C': 1, 'epsilon': 0.1, 'gamma': 'scale'}"
34,rf_importance,Ridge,10,0.2779194848245544,1.4216819502002616,0.9484125380170466,11.0,11.545454545454545,linear coefficients + intercept,{'alpha': 50}
35,mutual_info,RandomForest-tiny,10,0.2631433843738078,1.4361543900634852,0.7366124787891166,1154.0,0.11005199306759099,"100 trees, 1154 total nodes","{'max_depth': 3, 'min_samples_leaf': 3, 'n_estimators': 100}"
36,f_regression,HistGradientBoosting-tiny,10,0.25499124357443403,1.4440769143439267,0.8446754369324065,538.0,0.23605947955390336,"100 stages, 538 total nodes","{'learning_rate': 0.05, 'max_depth': 2, 'min_samples_leaf': 10}"
37,correlation,HistGradientBoosting-tiny,10,0.25499124357443403,1.4440769143439267,0.8446754369324065,538.0,0.23605947955390336,"100 stages, 538 total nodes","{'learning_rate': 0.05, 'max_depth': 2, 'min_samples_leaf': 10}"
38,rfe_ridge,HuberRegressor,10,0.24864521282603824,1.450214240842043,0.8665247018144812,11.0,11.545454545454545,linear coefficients + intercept,"{'alpha': 0.001, 'epsilon': 1.5}"
39,rfe_ridge,NuSVR,10,0.24824387085751554,1.4506015107075472,0.7251251116820308,46.0,2.760869565217391,46 support vectors (of 127 training points),"{'C': 1, 'nu': 0.3}"
40,correlation,GaussianProcess,10,0.24639694497335518,1.4523823475015476,0.7260354843781214,57.10255105388596,2.224068761484122,gp_effective_dof: trace(K(K+sigma^2*I)^-1),{'kernel': 1**2 * RBF(length_scale=1) + WhiteKernel(noise_level=0.5)}
41,f_regression,GaussianProcess,10,0.24639693096420634,1.4523823610011215,0.7260354907511748,57.102551053886444,2.2240687614841033,gp_effective_dof: trace(K(K+sigma^2*I)^-1),{'kernel': 1**2 * RBF(length_scale=1) + WhiteKernel(noise_level=0.5)}
42,rf_importance,ExtraTrees-tiny,10,0.24295787946897185,1.455692546737249,0.8393903354821093,1750.0,0.07257142857142856,"200 trees, 1750 total nodes","{'max_depth': 3, 'min_samples_leaf': 10, 'n_estimators': 200}"
43,rfe_ridge,LinearSVR,10,0.24070394638555104,1.4578579447937103,0.8585439947348732,11.0,11.545454545454545,linear coefficients + intercept,"{'C': 10, 'epsilon': 0.1}"
44,rfe_ridge,GaussianProcess,10,0.2399665542798698,1.4585656740522237,0.7374758095063855,23.710677414916876,5.356236676734579,gp_effective_dof: trace(K(K+sigma^2*I)^-1),{'kernel': 1**2 * RBF(length_scale=1) + WhiteKernel(noise_level=0.5)}
45,rfe_ridge,RidgeCV,10,0.23526759175268663,1.4630675710804002,0.9654315488314668,11.0,11.545454545454545,linear coefficients + intercept,{}
46,correlation,RandomForest-tiny,10,0.2352315762979782,1.463102022623768,0.8478397247991121,976.0,0.13012295081967212,"100 trees, 976 total nodes","{'max_depth': 3, 'min_samples_leaf': 5, 'n_estimators': 100}"
47,f_regression,RandomForest-tiny,10,0.23488903131594696,1.4634296526178914,0.8487995396372242,976.0,0.13012295081967212,"100 trees, 976 total nodes","{'max_depth': 3, 'min_samples_leaf': 5, 'n_estimators': 100}"
48,rf_importance,DecisionTree-tiny,10,0.23478706237612046,1.4635271674913652,0.8248961180977292,13.0,9.76923076923077,"single tree, 13 nodes","{'max_depth': 4, 'min_samples_leaf': 10}"
49,rfe_ridge,LinearRegression,10,0.23456945082075253,1.4637352519136257,0.9566200998885922,11.0,11.545454545454545,linear coefficients + intercept,{}
50,rfe_ridge,OrthogonalMatchingPursuit,10,0.2321631528353778,1.466034232106117,0.9618882430117858,11.0,11.545454545454545,linear coefficients + intercept,{'n_nonzero_coefs': 10}
51,rfe_ridge,Bagging-tiny,10,0.22931172475576467,1.468753831596827,0.8232546188707306,210.0,0.6047619047619047,"20 trees, 210 total nodes","{'max_samples': 0.7, 'n_estimators': 20}"
52,mutual_info,Bagging-tiny,10,0.22804941951826962,1.4699561705740953,0.7691081411890341,228.0,0.5570175438596491,"20 trees, 228 total nodes","{'max_samples': 0.7, 'n_estimators': 20}"
53,mutual_info,ExtraTrees-tiny,10,0.2207296366729593,1.4769089301964735,0.8210529678131169,1118.0,0.11359570661896243,"100 trees, 1118 total nodes","{'max_depth': 3, 'min_samples_leaf': 5, 'n_estimators': 100}"
54,rfe_ridge,LightGBM-tiny,10,0.22025771740544176,1.4773560640307348,0.7946110573817862,474.0,0.2679324894514768,"50 boosting trees, ~474 total nodes (leaf-based estimate)","{'learning_rate': 0.1, 'max_depth': 3, 'n_estimators': 50, 'num_leaves': 15}"
55,lasso,LinearRegression,10,0.2193094038408545,1.4782541627463672,1.0330736985453337,11.0,11.545454545454545,linear coefficients + intercept,{}
56,correlation,Bagging-tiny,10,0.2137732729652716,1.483486293923637,0.8562930462261331,238.0,0.5336134453781513,"20 trees, 238 total nodes","{'max_samples': 1.0, 'n_estimators': 20}"
57,rfe_ridge,LassoLarsCV,10,0.21341920120395685,1.4838202952131887,0.9908082734525931,11.0,11.545454545454545,linear coefficients + intercept,{}
58,rfe_ridge,LassoCV,10,0.21322787891081751,1.4840007411643892,0.9891486602890625,11.0,11.545454545454545,linear coefficients + intercept,{}
59,rfe_ridge,GradientBoosting-tiny,10,0.21311753185610793,1.4841048052035222,0.6752223128951045,1344.0,0.09449404761904762,"100 stages, 1344 total nodes","{'learning_rate': 0.05, 'max_depth': 3, 'n_estimators': 100}"
60,rfe_ridge,ElasticNetCV,10,0.2130228368891165,1.484194102546742,0.9863379166498728,11.0,11.545454545454545,linear coefficients + intercept,{}
61,f_regression,KNN,10,0.21130458886473424,1.4858134780624188,0.8033990011658252,127.0,1.0,non-parametric: stores all 127 training points,"{'n_neighbors': 9, 'weights': 'distance'}"
62,correlation,KNN,10,0.21130458886473424,1.4858134780624188,0.8033990011658252,127.0,1.0,non-parametric: stores all 127 training points,"{'n_neighbors': 9, 'weights': 'distance'}"
63,f_regression,Bagging-tiny,10,0.20869661510916282,1.488268015301384,0.8624346133866145,238.0,0.5336134453781513,"20 trees, 238 total nodes","{'max_samples': 1.0, 'n_estimators': 20}"
64,rfe_ridge,BayesianRidge,10,0.20457259300843478,1.4921411657286976,0.9530186723219561,11.0,11.545454545454545,linear coefficients + intercept,{}
65,correlation,ExtraTrees-tiny,10,0.19197576992259224,1.503909936033018,0.8728572148279067,1892.0,0.06712473572938689,"200 trees, 1892 total nodes","{'max_depth': 3, 'min_samples_leaf': 10, 'n_estimators': 200}"
66,f_regression,ExtraTrees-tiny,10,0.1896692140958891,1.506054908986603,0.8779607368004696,934.0,0.13597430406852248,"100 trees, 934 total nodes","{'max_depth': 3, 'min_samples_leaf': 10, 'n_estimators': 100}"
67,rfe_ridge,LassoLarsIC,10,0.18896534661505648,1.5067088598149654,0.9762062322647028,11.0,11.545454545454545,linear coefficients + intercept,{}
68,rf_importance,TweedieRegressor,10,0.18556811031032772,1.5098611893789644,0.9908761696152728,11.0,11.545454545454545,linear coefficients + intercept,{'alpha': 1}
69,rfe_ridge,PLS,10,0.18184597840443506,1.5133074542923113,0.9875796813964418,8.0,15.875,7 latent components (true PLS dimensionality),{'n_components': 7}
70,mutual_info,LinearRegression,10,0.17943077552839848,1.5155394613660687,0.9147366588420256,11.0,11.545454545454545,linear coefficients + intercept,{}
71,f_regression,DecisionTree-tiny,10,0.17798462163288353,1.516874350871791,0.9169069620908208,5.0,25.4,"single tree, 5 nodes","{'max_depth': 2, 'min_samples_leaf': 10}"
72,correlation,DecisionTree-tiny,10,0.17798462163288353,1.516874350871791,0.9169069620908208,5.0,25.4,"single tree, 5 nodes","{'max_depth': 2, 'min_samples_leaf': 10}"
73,mutual_info,KNN,10,0.1771136138021554,1.5176777784410234,0.7332007765917731,127.0,1.0,non-parametric: stores all 127 training points,"{'n_neighbors': 3, 'weights': 'distance'}"
74,rfe_ridge,LarsCV,10,0.17067520984188367,1.5236034954483448,0.9900801133683675,11.0,11.545454545454545,linear coefficients + intercept,{}
75,rfe_ridge,KNN,10,0.16970566146538069,1.5244938437299722,0.7272245845083749,127.0,1.0,non-parametric: stores all 127 training points,"{'n_neighbors': 7, 'weights': 'distance'}"
76,lasso,LightGBM-tiny,10,0.16325471889302445,1.5304046355908036,0.9344712808842481,312.0,0.40705128205128205,"50 boosting trees, ~312 total nodes (leaf-based estimate)","{'learning_rate': 0.1, 'max_depth': 2, 'n_estimators': 50, 'num_leaves': 7}"
77,rfe_ridge,SGDRegressor,10,0.1576934221275067,1.5354820107060783,0.9689267627341013,11.0,11.545454545454545,linear coefficients + intercept,"{'alpha': 0.01, 'penalty': 'l2'}"
78,correlation,AdaBoost-tiny,10,0.1568141858060632,1.5362832032072924,0.946026689124564,152.0,0.8355263157894737,"24 trees, 152 total nodes","{'learning_rate': 0.5, 'n_estimators': 30}"
79,rfe_ridge,RandomForest-tiny,10,0.15655475694514742,1.5365195245156074,0.8746915686192832,1008.0,0.1259920634920635,"100 trees, 1008 total nodes","{'max_depth': 3, 'min_samples_leaf': 5, 'n_estimators': 100}"
80,mutual_info,RidgeCV,10,0.15296296814614896,1.5397876623513338,0.9164212390123708,11.0,11.545454545454545,linear coefficients + intercept,{}
81,correlation,SVR-RBF,10,0.14932490099245488,1.543090852490524,0.766664071886535,106.0,1.1981132075471699,106 support vectors (of 127 training points),"{'C': 10, 'epsilon': 0.05, 'gamma': 0.1}"
82,f_regression,SVR-RBF,10,0.14932490099245466,1.543090852490524,0.7666640718865341,106.0,1.1981132075471699,106 support vectors (of 127 training points),"{'C': 10, 'epsilon': 0.05, 'gamma': 0.1}"
83,f_regression,AdaBoost-tiny,10,0.1487315375500482,1.5436289275394142,0.9601108591449213,312.0,0.40705128205128205,"50 trees, 312 total nodes","{'learning_rate': 0.05, 'n_estimators': 50}"
84,rfe_ridge,Ridge,10,0.1449166625441135,1.5470838709278363,0.9179492255674383,11.0,11.545454545454545,linear coefficients + intercept,{'alpha': 0.1}
85,mutual_info,ElasticNetCV,10,0.137254369573503,1.554000022637768,0.9240971000995959,11.0,11.545454545454545,linear coefficients + intercept,{}
86,f_regression,NuSVR,10,0.1354637748442783,1.5556118198244822,0.7931094075047632,50.0,2.54,50 support vectors (of 127 training points),"{'C': 1, 'nu': 0.3}"
87,correlation,NuSVR,10,0.13546377484427796,1.5556118198244824,0.7931094075047641,50.0,2.54,50 support vectors (of 127 training points),"{'C': 1, 'nu': 0.3}"
88,lasso,HistGradientBoosting-tiny,10,0.13377596029945893,1.5571295723265686,0.9757615939612306,804.0,0.15796019900497513,"100 stages, 804 total nodes","{'learning_rate': 0.05, 'max_depth': 3, 'min_samples_leaf': 20}"
89,rf_importance,AdaBoost-tiny,10,0.11866939039078461,1.5706487158102913,0.875680850576126,186.0,0.6827956989247311,"30 trees, 186 total nodes","{'learning_rate': 0.05, 'n_estimators': 30}"
90,mutual_info,AdaBoost-tiny,10,0.1163542964438049,1.5727102659930912,0.8872952749169384,316.0,0.40189873417721517,"50 trees, 316 total nodes","{'learning_rate': 0.05, 'n_estimators': 50}"
91,lasso,Bagging-tiny,10,0.11046644883678836,1.577941154667205,0.9710668245840341,204.0,0.6225490196078431,"20 trees, 204 total nodes","{'max_samples': 0.7, 'n_estimators': 20}"
92,lasso,RandomForest-tiny,10,0.11011112653295108,1.578256275837431,0.9699612318589321,2052.0,0.06189083820662768,"200 trees, 2052 total nodes","{'max_depth': 3, 'min_samples_leaf': 3, 'n_estimators': 200}"
93,lasso,PLS,10,0.10536135774319,1.5824626303122522,1.0423721988554264,3.0,42.333333333333336,2 latent components (true PLS dimensionality),{'n_components': 2}
94,mutual_info,LassoLarsCV,10,0.1014902740578214,1.5858825770242662,0.9495372117891147,11.0,11.545454545454545,linear coefficients + intercept,{}
95,rfe_ridge,TweedieRegressor,10,0.09890804829993616,1.5881597748726164,0.9398446148825016,11.0,11.545454545454545,linear coefficients + intercept,{'alpha': 0.001}
96,rf_importance,ExtraTree-tiny,10,0.0963609936614106,1.5904027619640386,0.9100402549330316,15.0,8.466666666666667,"single tree, 15 nodes","{'max_depth': 4, 'min_samples_leaf': 5}"
97,lasso,LinearSVR,10,0.09618166568423148,1.5905605625679706,0.9534260652184258,11.0,11.545454545454545,linear coefficients + intercept,"{'C': 1, 'epsilon': 0.01}"
98,f_regression,ExtraTree-tiny,10,0.09453530992297032,1.5920085510832682,0.9643376580197992,5.0,25.4,"single tree, 5 nodes","{'max_depth': 2, 'min_samples_leaf': 10}"
99,mutual_info,DecisionTree-tiny,10,0.0933809925895458,1.5930230013281768,0.842543113931511,15.0,8.466666666666667,"single tree, 15 nodes","{'max_depth': 4, 'min_samples_leaf': 10}"
100,lasso,RidgeCV,10,0.09299678078179752,1.59336051543859,1.0342486548039587,11.0,11.545454545454545,linear coefficients + intercept,{}
101,lasso,ExtraTrees-tiny,10,0.09237740865703736,1.5939044576454513,0.9808306222510411,834.0,0.15227817745803357,"100 trees, 834 total nodes","{'max_depth': 3, 'min_samples_leaf': 10, 'n_estimators': 100}"
102,lasso,ExtraTree-tiny,10,0.09066102006214316,1.5954108476878543,0.9914214905575197,11.0,11.545454545454545,"single tree, 11 nodes","{'max_depth': 4, 'min_samples_leaf': 5}"
103,rf_importance,LassoLarsCV,10,0.09029438537190781,1.595732440640108,0.9363248736555368,11.0,11.545454545454545,linear coefficients + intercept,{}
104,rf_importance,LassoCV,10,0.08921851796713953,1.5966757618627567,0.9367364197556209,11.0,11.545454545454545,linear coefficients + intercept,{}
105,rf_importance,LarsCV,10,0.0878745238689006,1.5978533943515776,0.9403952825590493,11.0,11.545454545454545,linear coefficients + intercept,{}
106,rf_importance,ElasticNetCV,10,0.08668880706854676,1.5988916211866753,0.9374928522790483,11.0,11.545454545454545,linear coefficients + intercept,{}
107,lasso,AdaBoost-tiny,10,0.08476228822929421,1.6005770665135979,1.0079799729959225,300.0,0.42333333333333334,"50 trees, 300 total nodes","{'learning_rate': 0.05, 'n_estimators': 50}"
108,mutual_info,LarsCV,10,0.08290891797603894,1.602196843332795,0.9857876074329748,11.0,11.545454545454545,linear coefficients + intercept,{}
109,lasso,HuberRegressor,10,0.08041388262802174,1.6043748290349518,0.9522078550668152,11.0,11.545454545454545,linear coefficients + intercept,"{'alpha': 0.1, 'epsilon': 1.2}"
110,rfe_ridge,ExtraTrees-tiny,10,0.07620838677506248,1.6080392466494475,0.9275008718229744,996.0,0.12751004016064257,"100 trees, 996 total nodes","{'max_depth': 3, 'min_samples_leaf': 10, 'n_estimators': 100}"
111,lasso,Ridge,10,0.07566123806020164,1.6085153856154906,1.0044279353893515,11.0,11.545454545454545,linear coefficients + intercept,{'alpha': 50}
112,lasso,DecisionTree-tiny,10,0.0733875412093582,1.6104924908872815,0.9954228428123458,7.0,18.142857142857142,"single tree, 7 nodes","{'max_depth': 3, 'min_samples_leaf': 10}"
113,mutual_info,BayesianRidge,10,0.07168966025029855,1.6119673108337014,0.9219962493763852,11.0,11.545454545454545,linear coefficients + intercept,{}
114,lasso,SVR-RBF,10,0.07110213791150433,1.612477332624408,0.9110412073259706,116.0,1.0948275862068966,116 support vectors (of 127 training points),"{'C': 1, 'epsilon': 0.05, 'gamma': 'scale'}"
115,lasso,OrthogonalMatchingPursuit,10,0.07089035164618074,1.6126611424398056,1.0357299811726377,11.0,11.545454545454545,linear coefficients + intercept,{'n_nonzero_coefs': 3}
116,lasso,NuSVR,10,0.06928788410711328,1.6140512495256327,0.9152279039778283,96.0,1.3229166666666667,96 support vectors (of 127 training points),"{'C': 1, 'nu': 0.7}"
117,lasso,GradientBoosting-tiny,10,0.06906059959573263,1.6142483171523914,0.9855952713347766,290.0,0.4379310344827586,"50 stages, 290 total nodes","{'learning_rate': 0.05, 'max_depth': 2, 'n_estimators': 50}"
118,lasso,SGDRegressor,10,0.06886788521547149,1.6144153918115374,1.0578050516345072,11.0,11.545454545454545,linear coefficients + intercept,"{'alpha': 0.01, 'penalty': 'l2'}"
119,rfe_ridge,AdaBoost-tiny,10,0.06821902474809316,1.6149777974462631,0.9814752744337715,194.0,0.654639175257732,"30 trees, 194 total nodes","{'learning_rate': 0.5, 'n_estimators': 30}"
120,lasso,TweedieRegressor,10,0.06683231155897151,1.6161790874804107,0.9907200689292238,11.0,11.545454545454545,linear coefficients + intercept,{'alpha': 1}
121,f_regression,OrthogonalMatchingPursuitCV,10,0.06499502049958916,1.6177693328731158,1.0540538539760926,11.0,11.545454545454545,linear coefficients + intercept,{}
122,correlation,OrthogonalMatchingPursuitCV,10,0.06499502049958883,1.617769332873116,1.0540538539760926,11.0,11.545454545454545,linear coefficients + intercept,{}
123,lasso,LassoLarsIC,10,0.06198779219002892,1.6203688357266939,1.0287658136825364,11.0,11.545454545454545,linear coefficients + intercept,{}
124,rf_importance,PassiveAggressiveRegressor,10,0.06108892288303003,1.6211450255445121,0.9620901658595982,11.0,11.545454545454545,linear coefficients + intercept,{'C': 0.01}
125,f_regression,OrthogonalMatchingPursuit,10,0.05777101647975169,1.6240068854624166,1.0799442482758521,11.0,11.545454545454545,linear coefficients + intercept,{'n_nonzero_coefs': 3}
126,correlation,OrthogonalMatchingPursuit,10,0.05777101647975169,1.6240068854624166,1.0799442482758521,11.0,11.545454545454545,linear coefficients + intercept,{'n_nonzero_coefs': 3}
127,lasso,BayesianRidge,10,0.0541296981819841,1.6271419109085907,1.0256725461697676,11.0,11.545454545454545,linear coefficients + intercept,{}
128,lasso,OrthogonalMatchingPursuitCV,10,0.0460835528290392,1.6340479822321057,1.0590251474501398,11.0,11.545454545454545,linear coefficients + intercept,{}
129,rfe_ridge,HistGradientBoosting-tiny,10,0.04600233883588789,1.6341175400731287,0.888159479813662,582.0,0.218213058419244,"100 stages, 582 total nodes","{'learning_rate': 0.05, 'max_depth': 2, 'min_samples_leaf': 20}"
130,rfe_ridge,PassiveAggressiveRegressor,10,0.04343392287823167,1.6363158014578643,1.0062048165297408,11.0,11.545454545454545,linear coefficients + intercept,{'C': 0.1}
131,correlation,ExtraTree-tiny,10,0.03616543217129342,1.6425208292978968,0.994284526298559,5.0,25.4,"single tree, 5 nodes","{'max_depth': 2, 'min_samples_leaf': 10}"
132,lasso,KNN,10,0.03186109870931153,1.6461843633992006,1.003907810240477,127.0,1.0,non-parametric: stores all 127 training points,"{'n_neighbors': 7, 'weights': 'uniform'}"
133,rfe_ridge,ElasticNet,10,0.027443434698196656,1.649935897569993,1.0175813494301391,11.0,11.545454545454545,linear coefficients + intercept,"{'alpha': 0.001, 'l1_ratio': 0.2}"
134,lasso,GaussianProcess,10,0.025482005640597438,1.6515988353785727,0.9835365134439947,17.37311421687194,7.310145919415165,gp_effective_dof: trace(K(K+sigma^2*I)^-1),"{'kernel': 1**2 * Matern(length_scale=1, nu=2.5) + WhiteKernel(noise_level=0.5)}"
135,rfe_ridge,Lasso,10,0.020418672508014657,1.6558839080159884,1.0230592996850008,11.0,11.545454545454545,linear coefficients + intercept,{'alpha': 0.001}
136,rfe_ridge,LassoLars,10,0.020417946796185915,1.655884521387376,1.0230603361238426,11.0,11.545454545454545,linear coefficients + intercept,{'alpha': 0.001}
137,mutual_info,TweedieRegressor,10,0.020126527510361147,1.6561308105057926,0.9509676590696987,11.0,11.545454545454545,linear coefficients + intercept,{'alpha': 0.01}
138,mutual_info,HuberRegressor,10,0.01868060559534046,1.6573522708053503,0.9279238419714175,11.0,11.545454545454545,linear coefficients + intercept,"{'alpha': 0.1, 'epsilon': 1.5}"
139,f_regression,LassoLarsCV,10,0.012094489529529073,1.6629046224858324,1.0265700589054192,11.0,11.545454545454545,linear coefficients + intercept,{}
140,correlation,LassoLarsCV,10,0.012094489529528962,1.6629046224858326,1.0265700589054192,11.0,11.545454545454545,linear coefficients + intercept,{}
141,correlation,LassoCV,10,0.009687135236953859,1.6649294946670892,1.027816658343403,11.0,11.545454545454545,linear coefficients + intercept,{}
142,f_regression,LassoCV,10,0.009675468505491835,1.6649393017840117,1.0278191485843624,11.0,11.545454545454545,linear coefficients + intercept,{}
143,f_regression,ElasticNetCV,10,-0.008881844469731837,1.6804662317668881,1.0404823412557807,11.0,11.545454545454545,linear coefficients + intercept,{}
144,correlation,ElasticNetCV,10,-0.008883852147566706,1.680467903832426,1.0404831337530258,11.0,11.545454545454545,linear coefficients + intercept,{}
145,rf_importance,RANSACRegressor,10,-0.01344877926965693,1.6842654448127246,0.9168257250861088,11.0,11.545454545454545,RANSAC inlier-fitted LinearRegression,{}
146,lasso,PassiveAggressiveRegressor,10,-0.017022046689387782,1.6872320650125987,1.1305290800461683,11.0,11.545454545454545,linear coefficients + intercept,{'C': 1}
147,lasso,KernelRidge,10,-0.018323666541291583,1.6883114086388262,1.0851404512031766,7.363238593590938,17.247845277014722,krr_effective_dof: trace(K(K+alpha*I)^-1),"{'alpha': 1, 'gamma': 0.01}"
148,mutual_info,Ridge,10,-0.0199038350272831,1.6896208068371734,0.9490640829966567,11.0,11.545454545454545,linear coefficients + intercept,{'alpha': 1}
149,correlation,LarsCV,10,-0.020146642832307826,1.6898219183003722,1.0678716652470048,11.0,11.545454545454545,linear coefficients + intercept,{}
150,f_regression,LarsCV,10,-0.020146642832307826,1.6898219183003722,1.0678716652470048,11.0,11.545454545454545,linear coefficients + intercept,{}
151,rf_importance,ElasticNet,10,-0.025508270537136557,1.6942567330128429,1.0309848132448176,11.0,11.545454545454545,linear coefficients + intercept,"{'alpha': 1, 'l1_ratio': 0.8}"
152,mutual_info,LassoLarsIC,10,-0.025992306956700073,1.6946565275538927,0.9495853068656327,11.0,11.545454545454545,linear coefficients + intercept,{}
153,correlation,ElasticNet,10,-0.0264165225727917,1.6950068349893201,1.0332502525444727,11.0,11.545454545454545,linear coefficients + intercept,"{'alpha': 1, 'l1_ratio': 0.8}"
154,f_regression,ElasticNet,10,-0.0264165225727917,1.6950068349893201,1.0332502525444727,11.0,11.545454545454545,linear coefficients + intercept,"{'alpha': 1, 'l1_ratio': 0.8}"
155,rfe_ridge,DecisionTree-tiny,10,-0.029087235030713643,1.6972105870182306,1.028598874743428,11.0,11.545454545454545,"single tree, 11 nodes","{'max_depth': 4, 'min_samples_leaf': 10}"
156,lasso,ElasticNet,10,-0.030094898785566038,1.6980413227838378,1.0342139602349163,11.0,11.545454545454545,linear coefficients + intercept,"{'alpha': 1, 'l1_ratio': 0.8}"
157,rfe_ridge,Dummy-baseline,10,-0.03171061409469522,1.6993724993502757,1.034958690056282,1.0,127.0,constant baseline,{}
158,rf_importance,LassoLars,10,-0.03171061409469522,1.6993724993502757,1.034958690056282,11.0,11.545454545454545,linear coefficients + intercept,{'alpha': 1}
159,f_regression,Dummy-baseline,10,-0.03171061409469522,1.6993724993502757,1.034958690056282,1.0,127.0,constant baseline,{}
160,f_regression,LassoLars,10,-0.03171061409469522,1.6993724993502757,1.034958690056282,11.0,11.545454545454545,linear coefficients + intercept,{'alpha': 1}
161,f_regression,Lasso,10,-0.03171061409469522,1.6993724993502757,1.034958690056282,11.0,11.545454545454545,linear coefficients + intercept,{'alpha': 1}
162,rf_importance,Lasso,10,-0.03171061409469522,1.6993724993502757,1.034958690056282,11.0,11.545454545454545,linear coefficients + intercept,{'alpha': 1}
163,mutual_info,Lasso,10,-0.03171061409469522,1.6993724993502757,1.034958690056282,11.0,11.545454545454545,linear coefficients + intercept,{'alpha': 1}
164,lasso,LassoLars,10,-0.03171061409469522,1.6993724993502757,1.034958690056282,11.0,11.545454545454545,linear coefficients + intercept,{'alpha': 1}
165,lasso,Lasso,10,-0.03171061409469522,1.6993724993502757,1.034958690056282,11.0,11.545454545454545,linear coefficients + intercept,{'alpha': 1}
166,correlation,Lasso,10,-0.03171061409469522,1.6993724993502757,1.034958690056282,11.0,11.545454545454545,linear coefficients + intercept,{'alpha': 1}
167,correlation,Dummy-baseline,10,-0.03171061409469522,1.6993724993502757,1.034958690056282,1.0,127.0,constant baseline,{}
168,rf_importance,Dummy-baseline,10,-0.03171061409469522,1.6993724993502757,1.034958690056282,1.0,127.0,constant baseline,{}
169,lasso,Dummy-baseline,10,-0.03171061409469522,1.6993724993502757,1.034958690056282,1.0,127.0,constant baseline,{}
170,correlation,LassoLars,10,-0.03171061409469522,1.6993724993502757,1.034958690056282,11.0,11.545454545454545,linear coefficients + intercept,{'alpha': 1}
171,mutual_info,Dummy-baseline,10,-0.03171061409469522,1.6993724993502757,1.034958690056282,1.0,127.0,constant baseline,{}
172,mutual_info,LassoLars,10,-0.03171061409469522,1.6993724993502757,1.034958690056282,11.0,11.545454545454545,linear coefficients + intercept,{'alpha': 1}
173,mutual_info,ElasticNet,10,-0.03171061409469522,1.6993724993502757,1.034958690056282,11.0,11.545454545454545,linear coefficients + intercept,"{'alpha': 1, 'l1_ratio': 0.8}"
174,lasso,ElasticNetCV,10,-0.034230099904007494,1.7014462078552266,1.0377441818194444,11.0,11.545454545454545,linear coefficients + intercept,{}
175,lasso,LassoLarsCV,10,-0.03870638520727154,1.7051242750012048,1.0414234281101153,11.0,11.545454545454545,linear coefficients + intercept,{}
176,lasso,LassoCV,10,-0.039464706323586674,1.7057465855258775,1.0434429118228905,11.0,11.545454545454545,linear coefficients + intercept,{}
177,mutual_info,LinearSVR,10,-0.045335548513572244,1.7105567868120157,0.9326792681732112,11.0,11.545454545454545,linear coefficients + intercept,"{'C': 10, 'epsilon': 0.1}"
178,lasso,LarsCV,10,-0.04586288609696876,1.7109881923782284,1.052913204405332,11.0,11.545454545454545,linear coefficients + intercept,{}
179,mutual_info,LassoCV,10,-0.06341710886655805,1.7252874301384418,0.9509680559638867,11.0,11.545454545454545,linear coefficients + intercept,{}
180,rfe_ridge,ExtraTree-tiny,10,-0.07956819404878557,1.7383398138859472,1.0951114255546706,13.0,9.76923076923077,"single tree, 13 nodes","{'max_depth': 3, 'min_samples_leaf': 10}"
181,mutual_info,SGDRegressor,10,-0.09403880125640462,1.7499514465511201,0.9538115439811206,11.0,11.545454545454545,linear coefficients + intercept,"{'alpha': 0.01, 'penalty': 'l2'}"
182,mutual_info,OrthogonalMatchingPursuit,10,-0.11714169957908238,1.7683318455202142,0.9792547759987685,11.0,11.545454545454545,linear coefficients + intercept,{'n_nonzero_coefs': 8}
183,rfe_ridge,OrthogonalMatchingPursuitCV,10,-0.12113740907038162,1.7714914418191812,1.1042514127406569,11.0,11.545454545454545,linear coefficients + intercept,{}
184,mutual_info,PLS,10,-0.14318984600213414,1.7888289540194697,0.974792544697523,8.0,15.875,7 latent components (true PLS dimensionality),{'n_components': 7}
185,mutual_info,PassiveAggressiveRegressor,10,-0.14838320017762174,1.792887551733749,1.0062070099213118,11.0,11.545454545454545,linear coefficients + intercept,{'C': 0.1}
186,lasso,RANSACRegressor,10,-0.17230108559503665,1.811461967209116,0.9747339295379828,11.0,11.545454545454545,RANSAC inlier-fitted LinearRegression,{}
187,mutual_info,OrthogonalMatchingPursuitCV,10,-0.18319540846465343,1.8198595599939407,1.0535602800618225,11.0,11.545454545454545,linear coefficients + intercept,{}
188,f_regression,LinearRegression,10,-0.21732530623340707,1.8459203677005687,1.1050665447846895,11.0,11.545454545454545,linear coefficients + intercept,{}
189,correlation,LinearRegression,10,-0.21732530623351742,1.8459203677006526,1.1050665447847032,11.0,11.545454545454545,linear coefficients + intercept,{}
190,correlation,KernelRidge,10,-0.5551271875802231,2.086376073498954,1.0028642178493206,7.667930889542392,16.562486259911914,krr_effective_dof: trace(K(K+alpha*I)^-1),"{'alpha': 1, 'gamma': 0.01}"
191,f_regression,KernelRidge,10,-0.5551271875802231,2.086376073498954,1.0028642178493203,7.667930889542388,16.56248625991192,krr_effective_dof: trace(K(K+alpha*I)^-1),"{'alpha': 1, 'gamma': 0.01}"
192,rfe_ridge,RANSACRegressor,10,-0.7077578791058061,2.186365599275277,1.0567052325346413,11.0,11.545454545454545,RANSAC inlier-fitted LinearRegression,{}
193,mutual_info,RANSACRegressor,10,-0.8016722387178261,2.24567823554534,1.1699572861841108,11.0,11.545454545454545,RANSAC inlier-fitted LinearRegression,{}
194,lasso,SmallMLP,10,-0.9670068151059017,2.3464568322634496,1.5656129036986204,97.0,1.309278350515464,"layers (8,)","{'alpha': 1.0, 'hidden_layer_sizes': (8,)}"
195,rfe_ridge,SmallMLP,10,-1.9442363191569596,2.8707539393839965,1.8493537877394914,97.0,1.309278350515464,"layers (8,)","{'alpha': 0.1, 'hidden_layer_sizes': (8,)}"
196,rf_importance,SmallMLP,10,-1.985954617026786,2.891020944063208,1.9058598891416167,97.0,1.309278350515464,"layers (8,)","{'alpha': 0.1, 'hidden_layer_sizes': (8,)}"
197,mutual_info,SmallMLP,10,-2.563899673371475,3.158438111753706,1.4397883831203326,49.0,2.5918367346938775,"layers (4,)","{'alpha': 1.0, 'hidden_layer_sizes': (4,)}"
198,f_regression,RANSACRegressor,10,-3.4184384577340756,3.516770613486934,1.40622693882826,11.0,11.545454545454545,RANSAC inlier-fitted LinearRegression,{}
199,correlation,RANSACRegressor,10,-3.4184384577342763,3.5167706134870143,1.4062269388282704,11.0,11.545454545454545,RANSAC inlier-fitted LinearRegression,{}
200,f_regression,PassiveAggressiveRegressor,10,-31.621636029353837,9.555699974666815,2.319575421938461,11.0,11.545454545454545,linear coefficients + intercept,{'C': 1}
201,correlation,PassiveAggressiveRegressor,10,-31.6216360293539,9.555699974666824,2.3195754219384623,11.0,11.545454545454545,linear coefficients + intercept,{'C': 1}
202,correlation,LassoLarsIC,10,-36.67344310517978,10.268979655205028,1.9892101018632575,11.0,11.545454545454545,linear coefficients + intercept,{}
203,f_regression,LassoLarsIC,10,-36.67344310518035,10.268979655205106,1.9892101018632653,11.0,11.545454545454545,linear coefficients + intercept,{}
204,f_regression,TweedieRegressor,10,-105.91958904111199,17.299688251546343,2.6586835677431733,11.0,11.545454545454545,linear coefficients + intercept,{'alpha': 1}
205,correlation,TweedieRegressor,10,-105.91958904111205,17.29968825154635,2.6586835677431733,11.0,11.545454545454545,linear coefficients + intercept,{'alpha': 1}
206,f_regression,PLS,10,-186.0667554656418,22.88273565028783,3.273195771758789,3.0,42.333333333333336,2 latent components (true PLS dimensionality),{'n_components': 2}
207,correlation,PLS,10,-186.06675546564188,22.882735650287835,3.27319577175879,3.0,42.333333333333336,2 latent components (true PLS dimensionality),{'n_components': 2}
208,f_regression,Ridge,10,-186.55454884433823,22.912550621607526,3.2316631386828396,11.0,11.545454545454545,linear coefficients + intercept,{'alpha': 50}
209,correlation,Ridge,10,-186.5545488443383,22.91255062160753,3.23166313868284,11.0,11.545454545454545,linear coefficients + intercept,{'alpha': 50}
210,correlation,BayesianRidge,10,-254.4439324895516,26.739755526001048,3.629486675984639,11.0,11.545454545454545,linear coefficients + intercept,{}
211,f_regression,BayesianRidge,10,-254.44393248955197,26.739755526001066,3.629486675984642,11.0,11.545454545454545,linear coefficients + intercept,{}
212,f_regression,RidgeCV,10,-255.25354133651808,26.782096747564577,3.6340578445149685,11.0,11.545454545454545,linear coefficients + intercept,{}
213,correlation,RidgeCV,10,-255.25354133652525,26.782096747564953,3.634057844515012,11.0,11.545454545454545,linear coefficients + intercept,{}
214,f_regression,SGDRegressor,10,-453.48195636677235,35.66711314524968,4.52796090670224,11.0,11.545454545454545,linear coefficients + intercept,"{'alpha': 0.0001, 'penalty': 'elasticnet'}"
215,correlation,SGDRegressor,10,-453.48195636677235,35.66711314524968,4.52796090670224,11.0,11.545454545454545,linear coefficients + intercept,"{'alpha': 0.0001, 'penalty': 'elasticnet'}"
216,f_regression,LinearSVR,10,-3074.328974245817,92.78022611035053,10.159363508634634,11.0,11.545454545454545,linear coefficients + intercept,"{'C': 1, 'epsilon': 0.1}"
217,correlation,LinearSVR,10,-3074.3289742458232,92.78022611035063,10.159363508634645,11.0,11.545454545454545,linear coefficients + intercept,"{'C': 1, 'epsilon': 0.1}"
218,f_regression,HuberRegressor,10,-3477.4348389493343,98.67373619462724,10.733169095611341,11.0,11.545454545454545,linear coefficients + intercept,"{'alpha': 0.1, 'epsilon': 1.5}"
219,correlation,HuberRegressor,10,-3477.4348389494835,98.67373619462936,10.733169095611505,11.0,11.545454545454545,linear coefficients + intercept,"{'alpha': 0.1, 'epsilon': 1.5}"
220,correlation,SmallMLP,10,-10799.233530270532,173.87062277903348,18.96466096409583,97.0,1.309278350515464,"layers (8,)","{'alpha': 1.0, 'hidden_layer_sizes': (8,)}"
221,f_regression,SmallMLP,10,-33885.0090730633,307.97810894959497,31.98074166613362,97.0,1.309278350515464,"layers (8,)","{'alpha': 0.1, 'hidden_layer_sizes': (8,)}"
222,rf_importance,KernelRidge,15,0.4916241413177256,1.1928946644396052,0.7419084620058205,24.144838889039672,5.259923273194856,krr_effective_dof: trace(K(K+alpha*I)^-1),"{'alpha': 0.1, 'gamma': 0.01}"
223,mutual_info,OrthogonalMatchingPursuit,15,0.47792141883882855,1.208864362448727,0.8512509820239017,16.0,7.9375,linear coefficients + intercept,{'n_nonzero_coefs': 10}
224,rf_importance,PLS,15,0.46309161822878653,1.2259132203321499,0.8500384155818034,6.0,21.166666666666668,5 latent components (true PLS dimensionality),{'n_components': 5}
225,rf_importance,SGDRegressor,15,0.46031178899111824,1.229082690136699,0.8278366021373519,16.0,7.9375,linear coefficients + intercept,"{'alpha': 0.01, 'penalty': 'elasticnet'}"
226,rf_importance,BayesianRidge,15,0.4360130150972731,1.2564470111070958,0.8358919219468394,16.0,7.9375,linear coefficients + intercept,{}
227,rf_importance,LightGBM-tiny,15,0.4337822704313339,1.25892937906142,0.6690170612741477,956.0,0.13284518828451883,"100 boosting trees, ~956 total nodes (leaf-based estimate)","{'learning_rate': 0.1, 'max_depth': 3, 'n_estimators': 100, 'num_leaves': 7}"
228,f_regression,LightGBM-tiny,15,0.4330440783782299,1.259749760439155,0.6414271804313453,1006.0,0.12624254473161034,"100 boosting trees, ~1006 total nodes (leaf-based estimate)","{'learning_rate': 0.1, 'max_depth': 3, 'n_estimators': 100, 'num_leaves': 7}"
229,correlation,LightGBM-tiny,15,0.42982224510373535,1.2633240717573153,0.6476394059625259,1006.0,0.12624254473161034,"100 boosting trees, ~1006 total nodes (leaf-based estimate)","{'learning_rate': 0.1, 'max_depth': 3, 'n_estimators': 100, 'num_leaves': 7}"
230,mutual_info,KernelRidge,15,0.42027048183497795,1.2738618856557469,0.8372878073562581,19.538258776616818,6.500067454935762,krr_effective_dof: trace(K(K+alpha*I)^-1),"{'alpha': 0.1, 'gamma': 0.01}"
231,rf_importance,LinearSVR,15,0.4190019141189715,1.2752548602703637,0.7251006450740511,16.0,7.9375,linear coefficients + intercept,"{'C': 10, 'epsilon': 0.1}"
232,rf_importance,GradientBoosting-tiny,15,0.4153105128611805,1.279299644469493,0.652853495859219,664.0,0.19126506024096385,"100 stages, 664 total nodes","{'learning_rate': 0.1, 'max_depth': 2, 'n_estimators': 100}"
233,rf_importance,GaussianProcess,15,0.41163924779058825,1.2833097204974697,0.5960838705762984,34.974800021832436,3.631185880140054,gp_effective_dof: trace(K(K+sigma^2*I)^-1),{'kernel': 1**2 * RBF(length_scale=1) + WhiteKernel(noise_level=0.5)}
234,rf_importance,LassoLarsIC,15,0.4108371021234485,1.2841842270877375,0.8410883109866084,16.0,7.9375,linear coefficients + intercept,{}
235,rf_importance,RidgeCV,15,0.4100171270173024,1.285077556398832,0.8607518872494394,16.0,7.9375,linear coefficients + intercept,{}
236,rf_importance,HuberRegressor,15,0.40939290034498366,1.285757209699503,0.7400663179741156,16.0,7.9375,linear coefficients + intercept,"{'alpha': 0.1, 'epsilon': 1.2}"
237,rf_importance,LinearRegression,15,0.40893042053216533,1.2862605226386439,0.8732911830996651,16.0,7.9375,linear coefficients + intercept,{}
238,correlation,GradientBoosting-tiny,15,0.4020279372379859,1.2937491686181273,0.6279057650153937,1286.0,0.09875583203732503,"100 stages, 1286 total nodes","{'learning_rate': 0.1, 'max_depth': 3, 'n_estimators': 100}"
239,f_regression,GradientBoosting-tiny,15,0.3839257016155081,1.3131858129169882,0.6172605703604469,678.0,0.1873156342182891,"100 stages, 678 total nodes","{'learning_rate': 0.1, 'max_depth': 2, 'n_estimators': 100}"
240,rf_importance,OrthogonalMatchingPursuit,15,0.3835104982538572,1.3136282492679001,0.8755714504324419,16.0,7.9375,linear coefficients + intercept,{'n_nonzero_coefs': 3}
241,rf_importance,SVR-RBF,15,0.36937342438039433,1.3286046586618128,0.5904330655991619,92.0,1.3804347826086956,92 support vectors (of 127 training points),"{'C': 1, 'epsilon': 0.1, 'gamma': 'scale'}"
242,mutual_info,GradientBoosting-tiny,15,0.3685926354846377,1.3294268876243238,0.6367028259127514,1360.0,0.09338235294117647,"100 stages, 1360 total nodes","{'learning_rate': 0.1, 'max_depth': 3, 'n_estimators': 100}"
243,mutual_info,GaussianProcess,15,0.362543177614997,1.335780266567712,0.6728471414751656,23.57015787615702,5.3881692548385525,gp_effective_dof: trace(K(K+sigma^2*I)^-1),{'kernel': 1**2 * RBF(length_scale=1) + WhiteKernel(noise_level=0.5)}
244,rf_importance,NuSVR,15,0.3624925135806094,1.3358333483375997,0.5910508834167919,80.0,1.5875,80 support vectors (of 127 training points),"{'C': 1, 'nu': 0.5}"
245,rf_importance,PassiveAggressiveRegressor,15,0.360424946961482,1.3379977846396693,0.9359406375530214,16.0,7.9375,linear coefficients + intercept,{'C': 0.01}
246,rfe_ridge,KernelRidge,15,0.3394836085170294,1.3597261077413776,0.8090853154196793,10.366147944737596,12.251416888611155,krr_effective_dof: trace(K(K+alpha*I)^-1),"{'alpha': 1, 'gamma': 0.01}"
247,rf_importance,Ridge,15,0.3351440931746672,1.3641854160971814,0.8460119809537556,16.0,7.9375,linear coefficients + intercept,{'alpha': 50}
248,rf_importance,HistGradientBoosting-tiny,15,0.32512184987351944,1.3744290327988755,0.7925779160022233,546.0,0.2326007326007326,"100 stages, 546 total nodes","{'learning_rate': 0.05, 'max_depth': 2, 'min_samples_leaf': 20}"
249,mutual_info,LightGBM-tiny,15,0.31704705954689716,1.3826269766305046,0.7095013950594768,306.0,0.4150326797385621,"50 boosting trees, ~306 total nodes (leaf-based estimate)","{'learning_rate': 0.1, 'max_depth': 2, 'n_estimators': 50, 'num_leaves': 7}"
250,rf_importance,RandomForest-tiny,15,0.31644893964742915,1.3832322860706556,0.7149409248005965,1044.0,0.12164750957854406,"100 trees, 1044 total nodes","{'max_depth': 3, 'min_samples_leaf': 3, 'n_estimators': 100}"
251,mutual_info,NuSVR,15,0.3110034262892941,1.3887311200573789,0.685323853386051,97.0,1.309278350515464,97 support vectors (of 127 training points),"{'C': 1, 'nu': 0.7}"
252,rf_importance,KNN,15,0.3056610308146468,1.3941047494951202,0.6407020098995463,127.0,1.0,non-parametric: stores all 127 training points,"{'n_neighbors': 3, 'weights': 'distance'}"
253,rf_importance,Bagging-tiny,15,0.3047710477122466,1.3949979244406783,0.7404800374009635,238.0,0.5336134453781513,"20 trees, 238 total nodes","{'max_samples': 0.7, 'n_estimators': 20}"
254,rf_importance,DecisionTree-tiny,15,0.3023138777677229,1.3974609429921871,0.7688581018929371,13.0,9.76923076923077,"single tree, 13 nodes","{'max_depth': 4, 'min_samples_leaf': 10}"
255,mutual_info,RandomForest-tiny,15,0.30223904199642004,1.3975358887736529,0.729168406089118,1108.0,0.11462093862815885,"100 trees, 1108 total nodes","{'max_depth': 3, 'min_samples_leaf': 3, 'n_estimators': 100}"
256,rfe_ridge,SVR-RBF,15,0.298337419337119,1.4014376953670542,0.6413862741894006,103.0,1.233009708737864,103 support vectors (of 127 training points),"{'C': 1, 'epsilon': 0.05, 'gamma': 0.1}"
257,mutual_info,PLS,15,0.2925472775122703,1.4072081694022245,0.9016994923297575,4.0,31.75,3 latent components (true PLS dimensionality),{'n_components': 3}
258,f_regression,HistGradientBoosting-tiny,15,0.2922350775462552,1.407518636709865,0.7640349524041312,834.0,0.15227817745803357,"100 stages, 834 total nodes","{'learning_rate': 0.05, 'max_depth': 3, 'min_samples_leaf': 10}"
259,mutual_info,LarsCV,15,0.2891801109609027,1.4105530428052702,0.8660517540640532,16.0,7.9375,linear coefficients + intercept,{}
260,rf_importance,ExtraTrees-tiny,15,0.2861697810171381,1.4135367408660569,0.813663263490981,898.0,0.14142538975501115,"100 trees, 898 total nodes","{'max_depth': 3, 'min_samples_leaf': 10, 'n_estimators': 100}"
261,rfe_ridge,NuSVR,15,0.2844244701765496,1.415263730551416,0.6769127051211739,77.0,1.6493506493506493,77 support vectors (of 127 training points),"{'C': 1, 'nu': 0.5}"
262,correlation,HistGradientBoosting-tiny,15,0.28108014638927603,1.41856707357873,0.7807803231760166,834.0,0.15227817745803357,"100 stages, 834 total nodes","{'learning_rate': 0.05, 'max_depth': 3, 'min_samples_leaf': 10}"
263,mutual_info,ExtraTrees-tiny,15,0.2787039990921525,1.4209094374011486,0.7963787159054626,980.0,0.12959183673469388,"100 trees, 980 total nodes","{'max_depth': 3, 'min_samples_leaf': 10, 'n_estimators': 100}"
264,mutual_info,HistGradientBoosting-tiny,15,0.2776337876717493,1.421963172521454,0.8010623848145338,816.0,0.1556372549019608,"100 stages, 816 total nodes","{'learning_rate': 0.05, 'max_depth': 3, 'min_samples_leaf': 20}"
265,rfe_ridge,LightGBM-tiny,15,0.27540201444294143,1.4241580785879482,0.7951592808082727,456.0,0.27850877192982454,"50 boosting trees, ~456 total nodes (leaf-based estimate)","{'learning_rate': 0.1, 'max_depth': 3, 'n_estimators': 50, 'num_leaves': 7}"
266,correlation,KNN,15,0.2748508464231164,1.4246996210650582,0.7224720457214686,127.0,1.0,non-parametric: stores all 127 training points,"{'n_neighbors': 9, 'weights': 'distance'}"
267,f_regression,KNN,15,0.2748508464231162,1.4246996210650584,0.7224720457214688,127.0,1.0,non-parametric: stores all 127 training points,"{'n_neighbors': 9, 'weights': 'distance'}"
268,mutual_info,SVR-RBF,15,0.2741571490981156,1.4253809112955373,0.6945919730590074,109.0,1.165137614678899,109 support vectors (of 127 training points),"{'C': 1, 'epsilon': 0.1, 'gamma': 'scale'}"
269,mutual_info,Bagging-tiny,15,0.26180396740144796,1.4374590782213863,0.749414605285883,230.0,0.5521739130434783,"20 trees, 230 total nodes","{'max_samples': 1.0, 'n_estimators': 20}"
270,correlation,SVR-RBF,15,0.25204622655061115,1.4469283147399934,0.6864674473687086,113.0,1.1238938053097345,113 support vectors (of 127 training points),"{'C': 1, 'epsilon': 0.05, 'gamma': 0.1}"
271,f_regression,SVR-RBF,15,0.25204622655061104,1.4469283147399936,0.6864674473687086,113.0,1.1238938053097345,113 support vectors (of 127 training points),"{'C': 1, 'epsilon': 0.05, 'gamma': 0.1}"
272,correlation,ExtraTrees-tiny,15,0.25190465868405,1.4470652408911426,0.8315376857441512,1866.0,0.06806002143622722,"200 trees, 1866 total nodes","{'max_depth': 3, 'min_samples_leaf': 10, 'n_estimators': 200}"
273,rf_importance,TweedieRegressor,15,0.2516943529751696,1.447268627197224,0.8683149529278757,16.0,7.9375,linear coefficients + intercept,{'alpha': 1}
274,mutual_info,DecisionTree-tiny,15,0.2502803121667918,1.4486354022749528,0.7818150644179005,19.0,6.684210526315789,"single tree, 19 nodes","{'max_depth': 4, 'min_samples_leaf': 5}"
275,correlation,RandomForest-tiny,15,0.24978962116082848,1.449109390155075,0.7714004144072885,974.0,0.13039014373716631,"100 trees, 974 total nodes","{'max_depth': 3, 'min_samples_leaf': 5, 'n_estimators': 100}"
276,lasso,HistGradientBoosting-tiny,15,0.24842089894470687,1.4504307024357002,0.8806785603966961,810.0,0.15679012345679014,"100 stages, 810 total nodes","{'learning_rate': 0.05, 'max_depth': 3, 'min_samples_leaf': 20}"
277,f_regression,RandomForest-tiny,15,0.24818104930221951,1.4506621202162249,0.7711626892626374,974.0,0.13039014373716631,"100 trees, 974 total nodes","{'max_depth': 3, 'min_samples_leaf': 5, 'n_estimators': 100}"
278,mutual_info,OrthogonalMatchingPursuitCV,15,0.24680781413344732,1.4519863694930082,0.9090377689605211,16.0,7.9375,linear coefficients + intercept,{}
279,mutual_info,LassoLarsIC,15,0.2464492543790876,1.4523319399458692,0.7922375674718909,16.0,7.9375,linear coefficients + intercept,{}
280,f_regression,Bagging-tiny,15,0.24531259849075981,1.453426875895919,0.7930347165144499,222.0,0.5720720720720721,"20 trees, 222 total nodes","{'max_samples': 0.7, 'n_estimators': 20}"
281,rfe_ridge,Bagging-tiny,15,0.24421465571900292,1.4544837370239991,0.8380602409598968,214.0,0.5934579439252337,"20 trees, 214 total nodes","{'max_samples': 1.0, 'n_estimators': 20}"
282,lasso,RandomForest-tiny,15,0.2436966696873616,1.4549820750909885,0.883490318722044,1904.0,0.0667016806722689,"200 trees, 1904 total nodes","{'max_depth': 3, 'min_samples_leaf': 5, 'n_estimators': 200}"
283,f_regression,ExtraTrees-tiny,15,0.24265323714245468,1.4559854108640844,0.8330258681021216,1878.0,0.06762513312034078,"200 trees, 1878 total nodes","{'max_depth': 3, 'min_samples_leaf': 10, 'n_estimators': 200}"
284,mutual_info,Ridge,15,0.23813759598283035,1.460319579002461,0.8006763438485227,16.0,7.9375,linear coefficients + intercept,{'alpha': 0.1}
285,correlation,NuSVR,15,0.23515841383128555,1.4631720056340998,0.7499098602624598,52.0,2.4423076923076925,52 support vectors (of 127 training points),"{'C': 1, 'nu': 0.3}"
286,f_regression,NuSVR,15,0.23515841383128522,1.4631720056341,0.7499098602624596,52.0,2.4423076923076925,52 support vectors (of 127 training points),"{'C': 1, 'nu': 0.3}"
287,rfe_ridge,GaussianProcess,15,0.22951536587337118,1.4685597723111898,0.7214967692110841,61.280665171518045,2.072431812620515,gp_effective_dof: trace(K(K+sigma^2*I)^-1),"{'kernel': 1**2 * Matern(length_scale=1, nu=1.5) + WhiteKernel(noise_level=0.5)}"
288,mutual_info,SGDRegressor,15,0.2278081557674232,1.4701858610765883,0.8347424651875214,16.0,7.9375,linear coefficients + intercept,"{'alpha': 0.01, 'penalty': 'l2'}"
289,rf_importance,ExtraTree-tiny,15,0.22529803448765207,1.4725734482462858,0.8604338120068934,11.0,11.545454545454545,"single tree, 11 nodes","{'max_depth': 4, 'min_samples_leaf': 10}"
290,mutual_info,TweedieRegressor,15,0.22101587973924097,1.476637654789623,0.8052471829179787,16.0,7.9375,linear coefficients + intercept,{'alpha': 0.001}
291,f_regression,DecisionTree-tiny,15,0.21962773289788995,1.4779527506152284,0.8207626786170779,5.0,25.4,"single tree, 5 nodes","{'max_depth': 2, 'min_samples_leaf': 10}"
292,correlation,DecisionTree-tiny,15,0.21962773289788995,1.4779527506152284,0.8207626786170777,5.0,25.4,"single tree, 5 nodes","{'max_depth': 2, 'min_samples_leaf': 10}"
293,correlation,Bagging-tiny,15,0.21607827569617644,1.481310108773489,0.8096953118338391,222.0,0.5720720720720721,"20 trees, 222 total nodes","{'max_samples': 0.7, 'n_estimators': 20}"
294,f_regression,GaussianProcess,15,0.21226254182940218,1.4849108660607317,0.6875397920432504,70.15691651235876,1.8102277909780689,gp_effective_dof: trace(K(K+sigma^2*I)^-1),"{'kernel': 1**2 * RationalQuadratic(alpha=1, length_scale=1) + WhiteKernel(noise_level=0.5)}"
295,correlation,GaussianProcess,15,0.21226254168694114,1.4849108661950037,0.6875397919449439,70.15691651235426,1.810227790978185,gp_effective_dof: trace(K(K+sigma^2*I)^-1),"{'kernel': 1**2 * RationalQuadratic(alpha=1, length_scale=1) + WhiteKernel(noise_level=0.5)}"
296,lasso,LightGBM-tiny,15,0.21182406056268044,1.4853240843285287,0.8885051909912465,310.0,0.4096774193548387,"50 boosting trees, ~310 total nodes (leaf-based estimate)","{'learning_rate': 0.1, 'max_depth': 2, 'n_estimators': 50, 'num_leaves': 7}"
297,lasso,KNN,15,0.19952192924654621,1.4968709361060466,0.830472842516546,127.0,1.0,non-parametric: stores all 127 training points,"{'n_neighbors': 7, 'weights': 'uniform'}"
298,lasso,ExtraTrees-tiny,15,0.1994205361251925,1.4969657342124751,0.887715521660525,954.0,0.1331236897274633,"100 trees, 954 total nodes","{'max_depth': 3, 'min_samples_leaf': 10, 'n_estimators': 100}"
299,lasso,Bagging-tiny,15,0.19689230004165148,1.4993275856277235,0.9006395490520651,210.0,0.6047619047619047,"20 trees, 210 total nodes","{'max_samples': 0.7, 'n_estimators': 20}"
300,lasso,GradientBoosting-tiny,15,0.1953722203710465,1.5007458387233783,0.8625683787867116,298.0,0.4261744966442953,"50 stages, 298 total nodes","{'learning_rate': 0.05, 'max_depth': 2, 'n_estimators': 50}"
301,rfe_ridge,RandomForest-tiny,15,0.18790880605186144,1.5076899405330155,0.8319751452463556,902.0,0.14079822616407983,"100 trees, 902 total nodes","{'max_depth': 3, 'min_samples_leaf': 3, 'n_estimators': 100}"
302,mutual_info,AdaBoost-tiny,15,0.17753374271126476,1.517290299849809,0.8374823885357275,190.0,0.6684210526315789,"30 trees, 190 total nodes","{'learning_rate': 0.05, 'n_estimators': 30}"
303,mutual_info,LinearRegression,15,0.17623826958718303,1.5184847776687744,0.7917657364848705,16.0,7.9375,linear coefficients + intercept,{}
304,mutual_info,HuberRegressor,15,0.17436134900598055,1.520213708266512,0.7561358884006976,16.0,7.9375,linear coefficients + intercept,"{'alpha': 0.01, 'epsilon': 1.35}"
305,lasso,AdaBoost-tiny,15,0.1728859827707051,1.5215713669093305,0.9336069370843598,150.0,0.8466666666666667,"26 trees, 150 total nodes","{'learning_rate': 0.5, 'n_estimators': 50}"
306,mutual_info,BayesianRidge,15,0.17151252431431452,1.5228341602969089,0.7938627668228107,16.0,7.9375,linear coefficients + intercept,{}
307,rf_importance,OrthogonalMatchingPursuitCV,15,0.16711222653613944,1.5268728754020404,0.9161849394409346,16.0,7.9375,linear coefficients + intercept,{}
308,mutual_info,LinearSVR,15,0.16525709451757042,1.5285723692196702,0.7813023541795898,16.0,7.9375,linear coefficients + intercept,"{'C': 10, 'epsilon': 0.1}"
309,lasso,DecisionTree-tiny,15,0.1610111206680328,1.5324550293075945,0.9738653662488491,5.0,25.4,"single tree, 5 nodes","{'max_depth': 2, 'min_samples_leaf': 5}"
310,rfe_ridge,AdaBoost-tiny,15,0.15066866082302477,1.541871607319824,0.9299271591240857,308.0,0.41233766233766234,"50 trees, 308 total nodes","{'learning_rate': 0.05, 'n_estimators': 50}"
311,lasso,GaussianProcess,15,0.14343939521879667,1.5484196882091195,0.8292066261605486,57.48716745063748,2.2091886873544624,gp_effective_dof: trace(K(K+sigma^2*I)^-1),{'kernel': 1**2 * RBF(length_scale=1) + WhiteKernel(noise_level=0.5)}
312,rf_importance,ElasticNetCV,15,0.14307518417449572,1.5487488485819876,0.8749262760217608,16.0,7.9375,linear coefficients + intercept,{}
313,rf_importance,LarsCV,15,0.14175513426682296,1.5499412746902719,0.8648302147326125,16.0,7.9375,linear coefficients + intercept,{}
314,correlation,AdaBoost-tiny,15,0.14170194401440162,1.5499893032271297,0.9423340205984889,154.0,0.8246753246753247,"24 trees, 154 total nodes","{'learning_rate': 0.5, 'n_estimators': 30}"
315,rf_importance,AdaBoost-tiny,15,0.1407650663555079,1.550835020097291,0.898040629424403,186.0,0.6827956989247311,"30 trees, 186 total nodes","{'learning_rate': 0.05, 'n_estimators': 30}"
316,rfe_ridge,BayesianRidge,15,0.1399588071441662,1.5515624590012964,0.9163766363115291,16.0,7.9375,linear coefficients + intercept,{}
317,rf_importance,LassoLarsCV,15,0.137076272339121,1.5541604110621603,0.8802723972299159,16.0,7.9375,linear coefficients + intercept,{}
318,rf_importance,LassoCV,15,0.13664905162064378,1.554545084322459,0.8809121189699574,16.0,7.9375,linear coefficients + intercept,{}
319,mutual_info,ExtraTree-tiny,15,0.1300409242778967,1.5604830229833795,0.9437234996750171,9.0,14.11111111111111,"single tree, 9 nodes","{'max_depth': 3, 'min_samples_leaf': 10}"
320,rfe_ridge,RidgeCV,15,0.12953129210362713,1.5609400306416996,0.9288486075158583,16.0,7.9375,linear coefficients + intercept,{}
321,rfe_ridge,GradientBoosting-tiny,15,0.12702934577471303,1.563181688441864,0.720952814749388,686.0,0.18513119533527697,"100 stages, 686 total nodes","{'learning_rate': 0.1, 'max_depth': 2, 'n_estimators': 100}"
322,lasso,ExtraTree-tiny,15,0.12258797737499838,1.5671531035464854,0.9830584756259468,13.0,9.76923076923077,"single tree, 13 nodes","{'max_depth': 4, 'min_samples_leaf': 10}"
323,lasso,SVR-RBF,15,0.11953237256584193,1.5698795527978484,0.8148194476834922,107.0,1.1869158878504673,107 support vectors (of 127 training points),"{'C': 1, 'epsilon': 0.1, 'gamma': 0.1}"
324,rfe_ridge,KNN,15,0.1184342093689813,1.5708582638088735,0.6600199624823903,127.0,1.0,non-parametric: stores all 127 training points,"{'n_neighbors': 3, 'weights': 'distance'}"
325,f_regression,ExtraTree-tiny,15,0.11685575410837856,1.5722639561584564,0.9372633832686944,9.0,14.11111111111111,"single tree, 9 nodes","{'max_depth': 3, 'min_samples_leaf': 10}"
326,f_regression,AdaBoost-tiny,15,0.11565858136832607,1.573329260097634,0.9201340712971906,188.0,0.675531914893617,"30 trees, 188 total nodes","{'learning_rate': 0.05, 'n_estimators': 30}"
327,rfe_ridge,SGDRegressor,15,0.11003601790672557,1.5783228786251922,0.9356884410121699,16.0,7.9375,linear coefficients + intercept,"{'alpha': 0.01, 'penalty': 'l2'}"
328,rfe_ridge,LinearRegression,15,0.10785527200513056,1.5802554373004567,0.9269792737980384,16.0,7.9375,linear coefficients + intercept,{}
329,mutual_info,LassoLarsCV,15,0.10583207903285452,1.5820462628402872,0.8274119179636708,16.0,7.9375,linear coefficients + intercept,{}
330,mutual_info,LassoCV,15,0.10544132794454808,1.5823919019324602,0.8270990770683367,16.0,7.9375,linear coefficients + intercept,{}
331,mutual_info,ElasticNetCV,15,0.09869714892956871,1.588345617338554,0.8405667652093355,16.0,7.9375,linear coefficients + intercept,{}
332,rfe_ridge,LassoLarsIC,15,0.09826045430470165,1.5887303592682538,0.9422894011092476,16.0,7.9375,linear coefficients + intercept,{}
333,rfe_ridge,ExtraTrees-tiny,15,0.09680101285403875,1.5900154983850863,0.9148425566039802,904.0,0.1404867256637168,"100 trees, 904 total nodes","{'max_depth': 3, 'min_samples_leaf': 10, 'n_estimators': 100}"
334,rfe_ridge,PassiveAggressiveRegressor,15,0.09483019079541177,1.5917492968554159,0.9382725132646537,16.0,7.9375,linear coefficients + intercept,{'C': 0.1}
335,mutual_info,KNN,15,0.09396772672050935,1.5925074417428773,0.6824406055741651,127.0,1.0,non-parametric: stores all 127 training points,"{'n_neighbors': 7, 'weights': 'distance'}"
336,mutual_info,RidgeCV,15,0.0878482555953799,1.597876402451295,0.8425030283698516,16.0,7.9375,linear coefficients + intercept,{}
337,rfe_ridge,DecisionTree-tiny,15,0.084403022837089,1.6008911791866178,0.9344942364552645,11.0,11.545454545454545,"single tree, 11 nodes","{'max_depth': 4, 'min_samples_leaf': 10}"
338,correlation,OrthogonalMatchingPursuitCV,15,0.08250595636808289,1.6025488001472004,1.025802789762648,16.0,7.9375,linear coefficients + intercept,{}
339,f_regression,OrthogonalMatchingPursuitCV,15,0.08250595636808289,1.6025488001472004,1.025802789762648,16.0,7.9375,linear coefficients + intercept,{}
340,rfe_ridge,HuberRegressor,15,0.07250528689060076,1.6112590065387338,0.86307997162344,16.0,7.9375,linear coefficients + intercept,"{'alpha': 0.1, 'epsilon': 1.5}"
341,lasso,LassoCV,15,0.06997853518023867,1.6134522710179466,0.959511864346834,16.0,7.9375,linear coefficients + intercept,{}
342,lasso,LassoLarsCV,15,0.0679030786884004,1.615251575640517,0.960214190293575,16.0,7.9375,linear coefficients + intercept,{}
343,lasso,ElasticNetCV,15,0.06514385758055141,1.6176405669021257,0.9597309873570359,16.0,7.9375,linear coefficients + intercept,{}
344,mutual_info,ElasticNet,15,0.06268382217475155,1.6197675457950023,0.9161428817942304,16.0,7.9375,linear coefficients + intercept,"{'alpha': 0.001, 'l1_ratio': 0.8}"
345,correlation,ExtraTree-tiny,15,0.06189130334723236,1.6204521733912185,0.9534253124367748,5.0,25.4,"single tree, 5 nodes","{'max_depth': 2, 'min_samples_leaf': 10}"
346,rfe_ridge,Ridge,15,0.059932155387311226,1.6221433685556108,0.9319066001735262,16.0,7.9375,linear coefficients + intercept,{'alpha': 1}
347,lasso,NuSVR,15,0.05221252299461743,1.628790095106137,0.8545102409773044,101.0,1.2574257425742574,101 support vectors (of 127 training points),"{'C': 1, 'nu': 0.7}"
348,correlation,OrthogonalMatchingPursuit,15,0.05142122449948805,1.629469883708892,1.0744852929128226,16.0,7.9375,linear coefficients + intercept,{'n_nonzero_coefs': 3}
349,f_regression,OrthogonalMatchingPursuit,15,0.05142122449948805,1.629469883708892,1.0744852929128226,16.0,7.9375,linear coefficients + intercept,{'n_nonzero_coefs': 3}
350,rfe_ridge,TweedieRegressor,15,0.04517025340163383,1.6348300308350614,0.9297434553664969,16.0,7.9375,linear coefficients + intercept,{'alpha': 0.1}
351,rfe_ridge,HistGradientBoosting-tiny,15,0.04017472075038808,1.6391010502162315,0.8405414255933182,772.0,0.1645077720207254,"100 stages, 772 total nodes","{'learning_rate': 0.05, 'max_depth': 3, 'min_samples_leaf': 20}"
352,lasso,LarsCV,15,0.03332216084093753,1.6449417288155943,0.9921371892015012,16.0,7.9375,linear coefficients + intercept,{}
353,rfe_ridge,LassoCV,15,0.016470919531034744,1.6592171931483999,0.9808462460328821,16.0,7.9375,linear coefficients + intercept,{}
354,mutual_info,LassoLars,15,0.014005351023156809,1.6612956029855879,0.9662715642366008,16.0,7.9375,linear coefficients + intercept,{'alpha': 0.001}
355,mutual_info,Lasso,15,0.013995630317604202,1.6613037921403702,0.9663040702620622,16.0,7.9375,linear coefficients + intercept,{'alpha': 0.001}
356,rfe_ridge,ElasticNetCV,15,0.013513819056606202,1.661709640806113,0.9807773184987497,16.0,7.9375,linear coefficients + intercept,{}
357,rfe_ridge,LassoLarsCV,15,0.013318321350899942,1.661874287982793,0.9830582275818581,16.0,7.9375,linear coefficients + intercept,{}
358,rfe_ridge,LinearSVR,15,-0.0015073852769083018,1.6743132522191166,0.8705650224846038,16.0,7.9375,linear coefficients + intercept,"{'C': 10, 'epsilon': 0.1}"
359,rfe_ridge,Lasso,15,-0.01195903515206842,1.6830270757130785,1.0125325407424048,16.0,7.9375,linear coefficients + intercept,{'alpha': 1}
360,rfe_ridge,LassoLars,15,-0.011959579331669579,1.6830275282357834,1.012528432860421,16.0,7.9375,linear coefficients + intercept,{'alpha': 1}
361,rfe_ridge,ElasticNet,15,-0.013286491612882978,1.6841305852907282,1.0131908622799748,16.0,7.9375,linear coefficients + intercept,"{'alpha': 1, 'l1_ratio': 0.8}"
362,f_regression,ElasticNet,15,-0.0264165225727917,1.6950068349893201,1.0332502525444727,16.0,7.9375,linear coefficients + intercept,"{'alpha': 1, 'l1_ratio': 0.8}"
363,correlation,ElasticNet,15,-0.0264165225727917,1.6950068349893201,1.0332502525444727,16.0,7.9375,linear coefficients + intercept,"{'alpha': 1, 'l1_ratio': 0.8}"
364,rf_importance,ElasticNet,15,-0.0264165225727917,1.6950068349893201,1.0332502525444727,16.0,7.9375,linear coefficients + intercept,"{'alpha': 1, 'l1_ratio': 0.8}"
365,correlation,LarsCV,15,-0.03090958894229745,1.6987126707037254,1.0452116324625702,16.0,7.9375,linear coefficients + intercept,{}
366,f_regression,LarsCV,15,-0.03090958894229745,1.6987126707037254,1.0452116324625702,16.0,7.9375,linear coefficients + intercept,{}
367,correlation,Lasso,15,-0.03171061409469522,1.6993724993502757,1.034958690056282,16.0,7.9375,linear coefficients + intercept,{'alpha': 1}
368,rf_importance,Lasso,15,-0.03171061409469522,1.6993724993502757,1.034958690056282,16.0,7.9375,linear coefficients + intercept,{'alpha': 1}
369,rf_importance,Dummy-baseline,15,-0.03171061409469522,1.6993724993502757,1.034958690056282,1.0,127.0,constant baseline,{}
370,rf_importance,LassoLars,15,-0.03171061409469522,1.6993724993502757,1.034958690056282,16.0,7.9375,linear coefficients + intercept,{'alpha': 1}
371,mutual_info,Dummy-baseline,15,-0.03171061409469522,1.6993724993502757,1.034958690056282,1.0,127.0,constant baseline,{}
372,f_regression,Lasso,15,-0.03171061409469522,1.6993724993502757,1.034958690056282,16.0,7.9375,linear coefficients + intercept,{'alpha': 1}
373,correlation,LassoLarsCV,15,-0.03171061409469522,1.6993724993502757,1.034958690056282,16.0,7.9375,linear coefficients + intercept,{}
374,correlation,Dummy-baseline,15,-0.03171061409469522,1.6993724993502757,1.034958690056282,1.0,127.0,constant baseline,{}
375,rfe_ridge,Dummy-baseline,15,-0.03171061409469522,1.6993724993502757,1.034958690056282,1.0,127.0,constant baseline,{}
376,lasso,Dummy-baseline,15,-0.03171061409469522,1.6993724993502757,1.034958690056282,1.0,127.0,constant baseline,{}
377,f_regression,LassoLars,15,-0.03171061409469522,1.6993724993502757,1.034958690056282,16.0,7.9375,linear coefficients + intercept,{'alpha': 1}
378,f_regression,LassoLarsCV,15,-0.03171061409469522,1.6993724993502757,1.034958690056282,16.0,7.9375,linear coefficients + intercept,{}
379,f_regression,Dummy-baseline,15,-0.03171061409469522,1.6993724993502757,1.034958690056282,1.0,127.0,constant baseline,{}
380,correlation,LassoLars,15,-0.03171061409469522,1.6993724993502757,1.034958690056282,16.0,7.9375,linear coefficients + intercept,{'alpha': 1}
381,f_regression,ElasticNetCV,15,-0.03218331925327855,1.6997617607106967,1.034809824927835,16.0,7.9375,linear coefficients + intercept,{}
382,correlation,ElasticNetCV,15,-0.03218331925327855,1.6997617607106967,1.034809824927835,16.0,7.9375,linear coefficients + intercept,{}
383,correlation,LassoCV,15,-0.034177005044294884,1.7014025332381435,1.0362046908570455,16.0,7.9375,linear coefficients + intercept,{}
384,f_regression,LassoCV,15,-0.034177005044294884,1.7014025332381435,1.0362046908570455,16.0,7.9375,linear coefficients + intercept,{}
385,rfe_ridge,PLS,15,-0.04167935169946313,1.7075627192478953,1.0108729818793687,8.0,15.875,7 latent components (true PLS dimensionality),{'n_components': 7}
386,rfe_ridge,ExtraTree-tiny,15,-0.05195633422617951,1.715965267378692,1.035427782314839,13.0,9.76923076923077,"single tree, 13 nodes","{'max_depth': 4, 'min_samples_leaf': 10}"
387,lasso,LassoLars,15,-0.06657388797458186,1.7278463110100877,1.0514452139854837,16.0,7.9375,linear coefficients + intercept,{'alpha': 1}
388,lasso,Lasso,15,-0.06661298805657334,1.7278779817241532,1.0514641271269138,16.0,7.9375,linear coefficients + intercept,{'alpha': 1}
389,mutual_info,PassiveAggressiveRegressor,15,-0.07594469243523916,1.735420048609139,1.0701731843159898,16.0,7.9375,linear coefficients + intercept,{'C': 1}
390,rfe_ridge,OrthogonalMatchingPursuit,15,-0.10540498474246895,1.759018252436948,1.0722568083474993,16.0,7.9375,linear coefficients + intercept,{'n_nonzero_coefs': 5}
391,rfe_ridge,OrthogonalMatchingPursuitCV,15,-0.13112604876543443,1.7793653883075733,1.1300874071686084,16.0,7.9375,linear coefficients + intercept,{}
392,rfe_ridge,LarsCV,15,-0.1663207185905653,1.8068355708960062,1.1114336860131555,16.0,7.9375,linear coefficients + intercept,{}
393,rfe_ridge,RANSACRegressor,15,-0.22361237750331187,1.8506810043573532,0.939900089368613,16.0,7.9375,RANSAC inlier-fitted LinearRegression,{}
394,f_regression,KernelRidge,15,-0.5728791335123042,2.0982503878716776,0.9875749876465181,10.690230036181411,11.880006283322679,krr_effective_dof: trace(K(K+alpha*I)^-1),"{'alpha': 1, 'gamma': 0.01}"
395,correlation,KernelRidge,15,-0.5728791335123049,2.098250387871678,0.9875749876465186,10.690230036181413,11.880006283322677,krr_effective_dof: trace(K(K+alpha*I)^-1),"{'alpha': 1, 'gamma': 0.01}"
396,rf_importance,RANSACRegressor,15,-0.6358876087364151,2.139864963502043,1.1859640320367837,16.0,7.9375,RANSAC inlier-fitted LinearRegression,{}
397,lasso,KernelRidge,15,-0.8034582310681837,2.246791026926474,1.1223215254796601,21.510375505503927,5.904127520577412,krr_effective_dof: trace(K(K+alpha*I)^-1),"{'alpha': 0.1, 'gamma': 0.01}"
398,mutual_info,SmallMLP,15,-1.091573703797624,2.419614748968408,1.4238168870285643,69.0,1.8405797101449275,"layers (4,)","{'alpha': 1.0, 'hidden_layer_sizes': (4,)}"
399,rf_importance,SmallMLP,15,-2.626213627833304,3.185930733818242,2.190239073256913,69.0,1.8405797101449275,"layers (4,)","{'alpha': 1.0, 'hidden_layer_sizes': (4,)}"
400,rfe_ridge,SmallMLP,15,-3.4511402740397665,3.5297608110106404,2.2987888650699033,137.0,0.927007299270073,"layers (8,)","{'alpha': 0.1, 'hidden_layer_sizes': (8,)}"
401,mutual_info,RANSACRegressor,15,-4.051605787991998,3.7603161738445716,1.7664205627949292,16.0,7.9375,RANSAC inlier-fitted LinearRegression,{}
402,lasso,ElasticNet,15,-4.210629559529037,3.8190446510292593,1.3255309787862581,16.0,7.9375,linear coefficients + intercept,"{'alpha': 1, 'l1_ratio': 0.8}"
403,correlation,LinearRegression,15,-61.15814933520489,13.190421521575525,2.2586107481696738,16.0,7.9375,linear coefficients + intercept,{}
404,f_regression,LinearRegression,15,-61.158149335205096,13.190421521575548,2.258610748169676,16.0,7.9375,linear coefficients + intercept,{}
405,correlation,LassoLarsIC,15,-90.49352403990224,16.003125621447484,2.4863896959274814,16.0,7.9375,linear coefficients + intercept,{}
406,f_regression,LassoLarsIC,15,-90.49352403990223,16.003125621447484,2.4863896959274814,16.0,7.9375,linear coefficients + intercept,{}
407,f_regression,TweedieRegressor,15,-110.26459168638989,17.64770054594601,2.6740808946045265,16.0,7.9375,linear coefficients + intercept,{'alpha': 1}
408,correlation,TweedieRegressor,15,-110.26459168638999,17.647700545946016,2.6740808946045274,16.0,7.9375,linear coefficients + intercept,{'alpha': 1}
409,f_regression,RANSACRegressor,15,-157.75433663108905,21.080088769767023,3.2257882880172453,16.0,7.9375,RANSAC inlier-fitted LinearRegression,{}
410,correlation,RANSACRegressor,15,-157.75433663109496,21.080088769767414,3.2257882880172835,16.0,7.9375,RANSAC inlier-fitted LinearRegression,{}
411,correlation,Ridge,15,-198.10806268584008,23.607720782461957,3.2375345480520927,16.0,7.9375,linear coefficients + intercept,{'alpha': 50}
412,f_regression,Ridge,15,-198.10806268584025,23.607720782461964,3.2375345480520936,16.0,7.9375,linear coefficients + intercept,{'alpha': 50}
413,correlation,RidgeCV,15,-253.52147512855638,26.691430648886943,3.5464438871201316,16.0,7.9375,linear coefficients + intercept,{}
414,f_regression,RidgeCV,15,-253.5214751285845,26.691430648888417,3.546443887119957,16.0,7.9375,linear coefficients + intercept,{}
415,f_regression,BayesianRidge,15,-266.12075193529444,27.3440884935798,3.6057581809728054,16.0,7.9375,linear coefficients + intercept,{}
416,correlation,BayesianRidge,15,-266.1207519353008,27.344088493580127,3.605758180972838,16.0,7.9375,linear coefficients + intercept,{}
417,lasso,TweedieRegressor,15,-404.3376836090333,33.6835709830933,4.197951167863163,16.0,7.9375,linear coefficients + intercept,{'alpha': 1}
418,f_regression,SGDRegressor,15,-452.69218201525246,35.63610947278683,4.426053316357533,16.0,7.9375,linear coefficients + intercept,"{'alpha': 0.01, 'penalty': 'l2'}"
419,correlation,SGDRegressor,15,-452.69218201525246,35.63610947278683,4.426053316357533,16.0,7.9375,linear coefficients + intercept,"{'alpha': 0.01, 'penalty': 'l2'}"
420,f_regression,PLS,15,-493.6504132184974,37.20992757404421,4.6370323113091105,3.0,42.333333333333336,2 latent components (true PLS dimensionality),{'n_components': 2}
421,correlation,PLS,15,-493.6504132184988,37.20992757404426,4.637032311309116,3.0,42.333333333333336,2 latent components (true PLS dimensionality),{'n_components': 2}
422,lasso,RANSACRegressor,15,-549.2554633880543,39.24567637115447,4.8283483477504126,16.0,7.9375,RANSAC inlier-fitted LinearRegression,{}
423,lasso,Ridge,15,-813.4542412129566,47.74665826490296,5.597495887958118,16.0,7.9375,linear coefficients + intercept,{'alpha': 50}
424,correlation,PassiveAggressiveRegressor,15,-1116.6228294936132,55.93160331412165,6.463438996341054,16.0,7.9375,linear coefficients + intercept,{'C': 1}
425,f_regression,PassiveAggressiveRegressor,15,-1116.6228294936136,55.931603314121666,6.463438996341055,16.0,7.9375,linear coefficients + intercept,{'C': 1}
426,lasso,BayesianRidge,15,-1367.571842319202,61.89327120425064,6.991574777776319,16.0,7.9375,linear coefficients + intercept,{}
427,f_regression,SmallMLP,15,-1462.6011781244683,64.00604784163546,7.492722128056411,137.0,0.927007299270073,"layers (8,)","{'alpha': 0.1, 'hidden_layer_sizes': (8,)}"
428,lasso,LassoLarsIC,15,-1502.6594073569624,64.87604620748773,7.265225998231863,16.0,7.9375,linear coefficients + intercept,{}
429,f_regression,LinearSVR,15,-1561.5624270394228,66.13453817787844,7.3798937080492735,16.0,7.9375,linear coefficients + intercept,"{'C': 1, 'epsilon': 0.01}"
430,correlation,LinearSVR,15,-1561.562427039432,66.13453817787862,7.3798937080492895,16.0,7.9375,linear coefficients + intercept,"{'C': 1, 'epsilon': 0.01}"
431,lasso,RidgeCV,15,-1597.257411822352,66.8856574275648,7.497307613724117,16.0,7.9375,linear coefficients + intercept,{}
432,lasso,OrthogonalMatchingPursuitCV,15,-1626.3330565791737,67.49131031267325,7.56792562079659,16.0,7.9375,linear coefficients + intercept,{}
433,lasso,PLS,15,-1645.4325405286183,67.88621685571212,7.618487127259561,4.0,31.75,3 latent components (true PLS dimensionality),{'n_components': 3}
434,lasso,OrthogonalMatchingPursuit,15,-1739.8708451328337,69.80602567269332,7.746887431559149,16.0,7.9375,linear coefficients + intercept,{'n_nonzero_coefs': 10}
435,lasso,SGDRegressor,15,-1871.5698557864687,72.3983470117513,8.060550698173543,16.0,7.9375,linear coefficients + intercept,"{'alpha': 0.01, 'penalty': 'l2'}"
436,correlation,HuberRegressor,15,-1997.2156391856627,74.78780955431253,8.184987793658031,16.0,7.9375,linear coefficients + intercept,"{'alpha': 0.1, 'epsilon': 1.2}"
437,f_regression,HuberRegressor,15,-1997.2156391878866,74.78780955435414,8.184987793664655,16.0,7.9375,linear coefficients + intercept,"{'alpha': 0.1, 'epsilon': 1.2}"
438,lasso,LinearRegression,15,-2083.5206739546384,76.38581909324395,8.430777790596737,16.0,7.9375,linear coefficients + intercept,{}
439,lasso,HuberRegressor,15,-2768.1646379498825,88.04080910810995,9.55496363403489,16.0,7.9375,linear coefficients + intercept,"{'alpha': 0.1, 'epsilon': 1.5}"
440,lasso,PassiveAggressiveRegressor,15,-2831.1397077211886,89.03627314102229,9.735777286057088,16.0,7.9375,linear coefficients + intercept,{'C': 0.01}
441,lasso,LinearSVR,15,-2842.913399617192,89.22115074918597,9.671241540548165,16.0,7.9375,linear coefficients + intercept,"{'C': 1, 'epsilon': 0.01}"
442,lasso,SmallMLP,15,-4089.1851694611523,106.99934556548976,12.060415046189052,69.0,1.8405797101449275,"layers (4,)","{'alpha': 0.1, 'hidden_layer_sizes': (4,)}"
443,correlation,SmallMLP,15,-19205.138723225824,231.86204783654986,25.275466161418983,69.0,1.8405797101449275,"layers (4,)","{'alpha': 0.1, 'hidden_layer_sizes': (4,)}"
444,mutual_info,OrthogonalMatchingPursuit,20,0.5395462019490216,1.1352791618077533,0.764176871013311,21.0,6.0476190476190474,linear coefficients + intercept,{'n_nonzero_coefs': 10}
445,rf_importance,PassiveAggressiveRegressor,20,0.5316383632746624,1.1449863100695852,0.8337127925185724,21.0,6.0476190476190474,linear coefficients + intercept,{'C': 1}
446,rf_importance,BayesianRidge,20,0.5309619571857177,1.14581280420275,0.7707323241461836,21.0,6.0476190476190474,linear coefficients + intercept,{}
447,rf_importance,SGDRegressor,20,0.5091239507408923,1.1721833760174623,0.7677728077400182,21.0,6.0476190476190474,linear coefficients + intercept,"{'alpha': 0.01, 'penalty': 'elasticnet'}"
448,rf_importance,LinearRegression,20,0.507310362054625,1.1743467516639214,0.8150038301506711,21.0,6.0476190476190474,linear coefficients + intercept,{}
449,rf_importance,LassoLarsIC,20,0.5022388346142719,1.1803753782921316,0.7639470610218222,21.0,6.0476190476190474,linear coefficients + intercept,{}
450,rf_importance,GradientBoosting-tiny,20,0.49761462118789734,1.1858455612262868,0.6022403185859075,660.0,0.19242424242424241,"100 stages, 660 total nodes","{'learning_rate': 0.1, 'max_depth': 2, 'n_estimators': 100}"
451,rfe_ridge,LightGBM-tiny,20,0.4938993634867257,1.1902222874234087,0.6407777831325437,300.0,0.42333333333333334,"50 boosting trees, ~300 total nodes (leaf-based estimate)","{'learning_rate': 0.1, 'max_depth': 2, 'n_estimators': 50, 'num_leaves': 7}"
452,rf_importance,KernelRidge,20,0.47952418962749077,1.2070073414072304,0.7533925143317448,12.136636209793187,10.46418445808916,krr_effective_dof: trace(K(K+alpha*I)^-1),"{'alpha': 1, 'gamma': 0.01}"
453,rf_importance,RidgeCV,20,0.4731968645061363,1.2143218572465584,0.7969268123918806,21.0,6.0476190476190474,linear coefficients + intercept,{}
454,rf_importance,PLS,20,0.45355666965095565,1.2367508039761343,0.8454106632335165,6.0,21.166666666666668,5 latent components (true PLS dimensionality),{'n_components': 5}
455,rf_importance,LightGBM-tiny,20,0.451922042780462,1.2385992266501071,0.6281300854206251,952.0,0.1334033613445378,"100 boosting trees, ~952 total nodes (leaf-based estimate)","{'learning_rate': 0.1, 'max_depth': 3, 'n_estimators': 100, 'num_leaves': 7}"
456,f_regression,LightGBM-tiny,20,0.44795774664174526,1.2430706044013742,0.6657652724139701,944.0,0.13453389830508475,"100 boosting trees, ~944 total nodes (leaf-based estimate)","{'learning_rate': 0.1, 'max_depth': 3, 'n_estimators': 100, 'num_leaves': 7}"
457,correlation,LightGBM-tiny,20,0.44783966114400087,1.2432035478139793,0.6588351058913937,944.0,0.13453389830508475,"100 boosting trees, ~944 total nodes (leaf-based estimate)","{'learning_rate': 0.1, 'max_depth': 3, 'n_estimators': 100, 'num_leaves': 7}"
458,rf_importance,OrthogonalMatchingPursuit,20,0.44658052779542246,1.2446202265847754,0.8688873502469433,21.0,6.0476190476190474,linear coefficients + intercept,{'n_nonzero_coefs': 10}
459,mutual_info,KernelRidge,20,0.4223072257346484,1.2716222090704707,0.8310484794677178,11.776488231400004,10.784199627642483,krr_effective_dof: trace(K(K+alpha*I)^-1),"{'alpha': 1, 'gamma': 0.01}"
460,rf_importance,GaussianProcess,20,0.41880054858612825,1.2754758335699437,0.5854972029051569,28.536115792145573,4.450500584068843,gp_effective_dof: trace(K(K+sigma^2*I)^-1),"{'kernel': 1**2 * RationalQuadratic(alpha=1, length_scale=1) + WhiteKernel(noise_level=0.5)}"
461,lasso,LightGBM-tiny,20,0.40855375942042005,1.286670294326309,0.7158791211544252,518.0,0.24517374517374518,"50 boosting trees, ~518 total nodes (leaf-based estimate)","{'learning_rate': 0.1, 'max_depth': 3, 'n_estimators': 50, 'num_leaves': 7}"
462,rf_importance,Ridge,20,0.3965492961716748,1.2996623430102985,0.8014811329999842,21.0,6.0476190476190474,linear coefficients + intercept,{'alpha': 10}
463,correlation,GradientBoosting-tiny,20,0.3928339684698984,1.3036570868819082,0.6193412776694813,664.0,0.19126506024096385,"100 stages, 664 total nodes","{'learning_rate': 0.1, 'max_depth': 2, 'n_estimators': 100}"
464,rfe_ridge,KernelRidge,20,0.3908234902789639,1.3058136700202834,0.7720195634828891,13.051770434553381,9.730480675922632,krr_effective_dof: trace(K(K+alpha*I)^-1),"{'alpha': 1, 'gamma': 0.01}"
465,correlation,HistGradientBoosting-tiny,20,0.3876030181468699,1.3092607769980686,0.6612797938464796,802.0,0.15835411471321695,"100 stages, 802 total nodes","{'learning_rate': 0.05, 'max_depth': 3, 'min_samples_leaf': 10}"
466,mutual_info,GradientBoosting-tiny,20,0.3868702219058757,1.3100438756776716,0.6003281055464115,1404.0,0.09045584045584046,"100 stages, 1404 total nodes","{'learning_rate': 0.05, 'max_depth': 3, 'n_estimators': 100}"
467,f_regression,GradientBoosting-tiny,20,0.3854540476418543,1.3115559375882735,0.6114348058140255,664.0,0.19126506024096385,"100 stages, 664 total nodes","{'learning_rate': 0.1, 'max_depth': 2, 'n_estimators': 100}"
468,f_regression,HistGradientBoosting-tiny,20,0.3744248520923773,1.3232727835726608,0.6597891794091716,802.0,0.15835411471321695,"100 stages, 802 total nodes","{'learning_rate': 0.05, 'max_depth': 3, 'min_samples_leaf': 10}"
469,mutual_info,LightGBM-tiny,20,0.3725455963279185,1.3252588784679582,0.6797401756112553,314.0,0.40445859872611467,"50 boosting trees, ~314 total nodes (leaf-based estimate)","{'learning_rate': 0.1, 'max_depth': 2, 'n_estimators': 50, 'num_leaves': 7}"
470,lasso,GradientBoosting-tiny,20,0.36471102750202233,1.3335069853328623,0.658116828345517,660.0,0.19242424242424241,"50 stages, 660 total nodes","{'learning_rate': 0.1, 'max_depth': 3, 'n_estimators': 50}"
471,mutual_info,GaussianProcess,20,0.3617888791349141,1.3365703429311782,0.593523836641264,59.38436860740455,2.138609923422922,gp_effective_dof: trace(K(K+sigma^2*I)^-1),"{'kernel': 1**2 * Matern(length_scale=1, nu=2.5) + WhiteKernel(noise_level=0.5)}"
472,rfe_ridge,GradientBoosting-tiny,20,0.3564151163571705,1.3421855351418246,0.6619411432954915,678.0,0.1873156342182891,"100 stages, 678 total nodes","{'learning_rate': 0.1, 'max_depth': 2, 'n_estimators': 100}"
473,mutual_info,OrthogonalMatchingPursuitCV,20,0.3539281465662427,1.3447763017148253,0.8993261801166812,21.0,6.0476190476190474,linear coefficients + intercept,{}
474,mutual_info,SVR-RBF,20,0.3480086315162876,1.3509228878811177,0.6205683066855546,97.0,1.309278350515464,97 support vectors (of 127 training points),"{'C': 1, 'epsilon': 0.1, 'gamma': 0.1}"
475,mutual_info,NuSVR,20,0.3474911338527361,1.3514589078384942,0.6259203438321234,109.0,1.165137614678899,109 support vectors (of 127 training points),"{'C': 1, 'nu': 0.7}"
476,rf_importance,SVR-RBF,20,0.34627727193821856,1.3527153829172571,0.6045015485746382,102.0,1.2450980392156863,102 support vectors (of 127 training points),"{'C': 1, 'epsilon': 0.05, 'gamma': 'scale'}"
477,rf_importance,Bagging-tiny,20,0.34406469594830136,1.355002635009749,0.7246655998006518,238.0,0.5336134453781513,"20 trees, 238 total nodes","{'max_samples': 0.7, 'n_estimators': 20}"
478,rf_importance,NuSVR,20,0.3437435872370619,1.3553342606363488,0.605733326589936,111.0,1.1441441441441442,111 support vectors (of 127 training points),"{'C': 1, 'nu': 0.7}"
479,rf_importance,HuberRegressor,20,0.34245682492175666,1.3566623535629903,0.7396137237858867,21.0,6.0476190476190474,linear coefficients + intercept,"{'alpha': 0.1, 'epsilon': 1.2}"
480,rfe_ridge,SVR-RBF,20,0.33338321414094074,1.3659907524371884,0.6085882587159758,95.0,1.3368421052631578,95 support vectors (of 127 training points),"{'C': 1, 'epsilon': 0.1, 'gamma': 0.1}"
481,rf_importance,HistGradientBoosting-tiny,20,0.3315711674832762,1.3678460606278124,0.7715229081513724,790.0,0.16075949367088607,"100 stages, 790 total nodes","{'learning_rate': 0.05, 'max_depth': 3, 'min_samples_leaf': 20}"
482,rf_importance,TweedieRegressor,20,0.3247450462610382,1.3748126706130421,0.8140396946443746,21.0,6.0476190476190474,linear coefficients + intercept,{'alpha': 0.1}
483,rfe_ridge,NuSVR,20,0.32174938839426603,1.377858861348744,0.6279087875998322,51.0,2.4901960784313726,51 support vectors (of 127 training points),"{'C': 1, 'nu': 0.3}"
484,rf_importance,LinearSVR,20,0.3139541050982122,1.3857542575891935,0.7444946055328747,21.0,6.0476190476190474,linear coefficients + intercept,"{'C': 10, 'epsilon': 0.01}"
485,rf_importance,RandomForest-tiny,20,0.31268956301810835,1.387030803249735,0.7148032210213578,2166.0,0.05863342566943675,"200 trees, 2166 total nodes","{'max_depth': 3, 'min_samples_leaf': 3, 'n_estimators': 200}"
486,lasso,RandomForest-tiny,20,0.31231964136017265,1.3874040143102693,0.7660674343350281,1900.0,0.0668421052631579,"200 trees, 1900 total nodes","{'max_depth': 3, 'min_samples_leaf': 3, 'n_estimators': 200}"
487,mutual_info,HistGradientBoosting-tiny,20,0.3106452742126069,1.3890920161301181,0.7599753387523935,798.0,0.15914786967418545,"100 stages, 798 total nodes","{'learning_rate': 0.05, 'max_depth': 3, 'min_samples_leaf': 20}"
488,rf_importance,DecisionTree-tiny,20,0.3105997805498304,1.3891378516330808,0.764072976772165,13.0,9.76923076923077,"single tree, 13 nodes","{'max_depth': 4, 'min_samples_leaf': 10}"
489,rfe_ridge,GaussianProcess,20,0.30806577279967884,1.3916885161420631,0.641366153768867,31.330109738739463,4.053608527357483,gp_effective_dof: trace(K(K+sigma^2*I)^-1),"{'kernel': 1**2 * Matern(length_scale=1, nu=1.5) + WhiteKernel(noise_level=0.5)}"
490,lasso,HistGradientBoosting-tiny,20,0.3058731850845454,1.3938917498763936,0.8172605750781927,554.0,0.2292418772563177,"100 stages, 554 total nodes","{'learning_rate': 0.1, 'max_depth': 2, 'min_samples_leaf': 20}"
491,mutual_info,RandomForest-tiny,20,0.3043270859705237,1.3954432646879147,0.7156062418761194,1108.0,0.11462093862815885,"100 trees, 1108 total nodes","{'max_depth': 3, 'min_samples_leaf': 3, 'n_estimators': 100}"
492,mutual_info,DecisionTree-tiny,20,0.3029898499272763,1.3967837949283952,0.7521783184773432,13.0,9.76923076923077,"single tree, 13 nodes","{'max_depth': 4, 'min_samples_leaf': 10}"
493,lasso,GaussianProcess,20,0.2965589636484042,1.4032126350484733,0.6405478678119944,60.977754299885774,2.0827267494211066,gp_effective_dof: trace(K(K+sigma^2*I)^-1),{'kernel': 1**2 * RBF(length_scale=1) + WhiteKernel(noise_level=0.5)}
494,rf_importance,KNN,20,0.2922937762420953,1.4074602690097902,0.6338158605836427,127.0,1.0,non-parametric: stores all 127 training points,"{'n_neighbors': 3, 'weights': 'distance'}"
495,rfe_ridge,Ridge,20,0.2889843566184138,1.4107472571764863,0.7982235667916321,21.0,6.0476190476190474,linear coefficients + intercept,{'alpha': 50}
496,rfe_ridge,TweedieRegressor,20,0.28698167822132314,1.4127326469715595,0.8014962687313704,21.0,6.0476190476190474,linear coefficients + intercept,{'alpha': 1}
497,rf_importance,ExtraTrees-tiny,20,0.28451989549610224,1.41516936141017,0.7986238737917073,926.0,0.13714902807775378,"100 trees, 926 total nodes","{'max_depth': 3, 'min_samples_leaf': 10, 'n_estimators': 100}"
498,rfe_ridge,BayesianRidge,20,0.27785490307575234,1.4217455252807447,0.8026158180244257,21.0,6.0476190476190474,linear coefficients + intercept,{}
499,mutual_info,ExtraTrees-tiny,20,0.27318891660201505,1.4263312824255616,0.7968405610253122,956.0,0.13284518828451883,"100 trees, 956 total nodes","{'max_depth': 3, 'min_samples_leaf': 10, 'n_estimators': 100}"
500,rfe_ridge,PLS,20,0.2730688983959746,1.4264490425005394,0.8853684662220822,8.0,15.875,7 latent components (true PLS dimensionality),{'n_components': 7}
501,rfe_ridge,LassoLarsIC,20,0.2687755210028172,1.430655265002854,0.8127663562255691,21.0,6.0476190476190474,linear coefficients + intercept,{}
502,rfe_ridge,Bagging-tiny,20,0.2654507588834343,1.4339040579253932,0.7611405786828418,210.0,0.6047619047619047,"20 trees, 210 total nodes","{'max_samples': 0.7, 'n_estimators': 20}"
503,correlation,ExtraTrees-tiny,20,0.25750106028483566,1.4416424288610674,0.8088424866572199,1914.0,0.06635318704284221,"200 trees, 1914 total nodes","{'max_depth': 3, 'min_samples_leaf': 10, 'n_estimators': 200}"
504,f_regression,RandomForest-tiny,20,0.2553484480526431,1.4437306817784985,0.7449972244365544,942.0,0.13481953290870488,"100 trees, 942 total nodes","{'max_depth': 3, 'min_samples_leaf': 5, 'n_estimators': 100}"
505,f_regression,ExtraTrees-tiny,20,0.25426845121906083,1.4447772515597135,0.8142129156169372,1920.0,0.06614583333333333,"200 trees, 1920 total nodes","{'max_depth': 3, 'min_samples_leaf': 10, 'n_estimators': 200}"
506,correlation,RandomForest-tiny,20,0.25087755747696616,1.4480582778570088,0.7546357044689207,942.0,0.13481953290870488,"100 trees, 942 total nodes","{'max_depth': 3, 'min_samples_leaf': 5, 'n_estimators': 100}"
507,rfe_ridge,HistGradientBoosting-tiny,20,0.2506757172276254,1.4482533439386702,0.7878264610229336,532.0,0.2387218045112782,"100 stages, 532 total nodes","{'learning_rate': 0.05, 'max_depth': 2, 'min_samples_leaf': 20}"
508,f_regression,ExtraTree-tiny,20,0.2493172621858668,1.4495655236164546,0.8836659576815471,7.0,18.142857142857142,"single tree, 7 nodes","{'max_depth': 2, 'min_samples_leaf': 10}"
509,mutual_info,Bagging-tiny,20,0.24862503795013724,1.4502337108024652,0.7565734495127836,232.0,0.5474137931034483,"20 trees, 232 total nodes","{'max_samples': 1.0, 'n_estimators': 20}"
510,rfe_ridge,SGDRegressor,20,0.2476071075079549,1.4512157354039226,0.8508479856812073,21.0,6.0476190476190474,linear coefficients + intercept,"{'alpha': 0.01, 'penalty': 'l2'}"
511,f_regression,SVR-RBF,20,0.24634523377319562,1.452432176881506,0.6526062219044788,99.0,1.2828282828282829,99 support vectors (of 127 training points),"{'C': 1, 'epsilon': 0.1, 'gamma': 0.1}"
512,correlation,SVR-RBF,20,0.24634523377319562,1.452432176881506,0.6526062219044788,99.0,1.2828282828282829,99 support vectors (of 127 training points),"{'C': 1, 'epsilon': 0.1, 'gamma': 0.1}"
513,rfe_ridge,RidgeCV,20,0.24280947479456338,1.4558352210920351,0.8238236420727234,21.0,6.0476190476190474,linear coefficients + intercept,{}
514,rfe_ridge,HuberRegressor,20,0.23889899053261943,1.459589685191858,0.7899813404360603,21.0,6.0476190476190474,linear coefficients + intercept,"{'alpha': 0.1, 'epsilon': 1.5}"
515,f_regression,NuSVR,20,0.23819811623492204,1.4602615759668711,0.679419088403167,55.0,2.309090909090909,55 support vectors (of 127 training points),"{'C': 1, 'nu': 0.3}"
516,correlation,NuSVR,20,0.23819811623492204,1.4602615759668711,0.679419088403167,55.0,2.309090909090909,55 support vectors (of 127 training points),"{'C': 1, 'nu': 0.3}"
517,rfe_ridge,LinearRegression,20,0.2369783729926378,1.4614301421235734,0.8327172280315457,21.0,6.0476190476190474,linear coefficients + intercept,{}
518,rfe_ridge,RandomForest-tiny,20,0.23007175043358719,1.4680294362675437,0.758474354971701,1816.0,0.06993392070484582,"200 trees, 1816 total nodes","{'max_depth': 3, 'min_samples_leaf': 3, 'n_estimators': 200}"
519,lasso,Bagging-tiny,20,0.22553336836195592,1.4723497669132712,0.8164147019452362,212.0,0.5990566037735849,"20 trees, 212 total nodes","{'max_samples': 0.7, 'n_estimators': 20}"
520,rfe_ridge,ExtraTree-tiny,20,0.22536192735647487,1.4725127223888825,0.9193215305777418,11.0,11.545454545454545,"single tree, 11 nodes","{'max_depth': 3, 'min_samples_leaf': 10}"
521,rfe_ridge,ElasticNetCV,20,0.22502213356175527,1.4728356446966664,0.8414604626076724,21.0,6.0476190476190474,linear coefficients + intercept,{}
522,correlation,DecisionTree-tiny,20,0.22166498606935636,1.4760223055294475,0.8163194127186659,9.0,14.11111111111111,"single tree, 9 nodes","{'max_depth': 3, 'min_samples_leaf': 10}"
523,lasso,AdaBoost-tiny,20,0.22165218009717602,1.476034448001838,0.857327468182827,312.0,0.40705128205128205,"50 trees, 312 total nodes","{'learning_rate': 0.05, 'n_estimators': 50}"
524,f_regression,DecisionTree-tiny,20,0.22061867559090187,1.4770140757193781,0.8199793157999593,9.0,14.11111111111111,"single tree, 9 nodes","{'max_depth': 3, 'min_samples_leaf': 10}"
525,rfe_ridge,LassoCV,20,0.2205246055984088,1.4771032095659178,0.844306378042364,21.0,6.0476190476190474,linear coefficients + intercept,{}
526,rfe_ridge,LassoLarsCV,20,0.21804801461126566,1.4794479143425971,0.8445435804692356,21.0,6.0476190476190474,linear coefficients + intercept,{}
527,f_regression,Bagging-tiny,20,0.21135118829951904,1.4857695833661615,0.8161871816368229,222.0,0.5720720720720721,"20 trees, 222 total nodes","{'max_samples': 0.7, 'n_estimators': 20}"
528,correlation,Bagging-tiny,20,0.21018912641463883,1.4868638097389069,0.8032648839424821,222.0,0.5720720720720721,"20 trees, 222 total nodes","{'max_samples': 0.7, 'n_estimators': 20}"
529,lasso,SVR-RBF,20,0.20696400065365617,1.4898964581753413,0.72416364409373,105.0,1.2095238095238094,105 support vectors (of 127 training points),"{'C': 1, 'epsilon': 0.1, 'gamma': 0.1}"
530,rfe_ridge,LinearSVR,20,0.20526762645561525,1.4914891171216875,0.8053823233361777,21.0,6.0476190476190474,linear coefficients + intercept,"{'C': 10, 'epsilon': 0.01}"
531,correlation,ExtraTree-tiny,20,0.19714430814337758,1.499092329295157,0.9510863364129569,5.0,25.4,"single tree, 5 nodes","{'max_depth': 2, 'min_samples_leaf': 10}"
532,mutual_info,LinearRegression,20,0.19589456850937637,1.5002586326629734,0.7658188393682108,21.0,6.0476190476190474,linear coefficients + intercept,{}
533,mutual_info,Ridge,20,0.19480994046473232,1.5012701133520672,0.8164336734641243,21.0,6.0476190476190474,linear coefficients + intercept,{'alpha': 0.1}
534,lasso,ExtraTrees-tiny,20,0.19185486962816212,1.5040224427787936,0.8846581198164792,922.0,0.13774403470715835,"100 trees, 922 total nodes","{'max_depth': 3, 'min_samples_leaf': 10, 'n_estimators': 100}"
535,mutual_info,TweedieRegressor,20,0.1892814239143784,1.5064152331035923,0.8309891382193099,21.0,6.0476190476190474,linear coefficients + intercept,{'alpha': 0.001}
536,lasso,NuSVR,20,0.18580514042876783,1.5096414603726664,0.7678210167404903,103.0,1.233009708737864,103 support vectors (of 127 training points),"{'C': 1, 'nu': 0.7}"
537,rfe_ridge,AdaBoost-tiny,20,0.18456669216509347,1.5107891600971726,0.8563803636652391,312.0,0.40705128205128205,"50 trees, 312 total nodes","{'learning_rate': 0.05, 'n_estimators': 50}"
538,rfe_ridge,ExtraTrees-tiny,20,0.18439920389116982,1.5109443085772185,0.8614626396177113,1694.0,0.07497048406139316,"200 trees, 1694 total nodes","{'max_depth': 3, 'min_samples_leaf': 10, 'n_estimators': 200}"
539,correlation,KNN,20,0.18075037288514673,1.5143203646161134,0.7329343362719382,127.0,1.0,non-parametric: stores all 127 training points,"{'n_neighbors': 3, 'weights': 'distance'}"
540,f_regression,KNN,20,0.18075037288514673,1.5143203646161134,0.7329343362719384,127.0,1.0,non-parametric: stores all 127 training points,"{'n_neighbors': 3, 'weights': 'distance'}"
541,f_regression,GaussianProcess,20,0.1797273452426742,1.5152655638628794,0.6782817367823142,63.037651545569,2.014668961901183,gp_effective_dof: trace(K(K+sigma^2*I)^-1),{'kernel': 1**2 * RBF(length_scale=1) + WhiteKernel(noise_level=0.5)}
542,correlation,GaussianProcess,20,0.17972726072303935,1.5152656419281958,0.678281765006305,63.0376515455689,2.014668961901186,gp_effective_dof: trace(K(K+sigma^2*I)^-1),{'kernel': 1**2 * RBF(length_scale=1) + WhiteKernel(noise_level=0.5)}
543,mutual_info,KNN,20,0.17743767599031646,1.5173789094714487,0.6542462058244167,127.0,1.0,non-parametric: stores all 127 training points,"{'n_neighbors': 3, 'weights': 'distance'}"
544,rf_importance,ElasticNetCV,20,0.1754061338083367,1.5192515446354262,0.8414691567024611,21.0,6.0476190476190474,linear coefficients + intercept,{}
545,rfe_ridge,PassiveAggressiveRegressor,20,0.17460729594809132,1.5199872655236866,0.8625542091534766,21.0,6.0476190476190474,linear coefficients + intercept,{'C': 1}
546,rf_importance,LassoCV,20,0.17390158580643633,1.5206369206745411,0.8432612550224433,21.0,6.0476190476190474,linear coefficients + intercept,{}
547,rf_importance,LassoLarsCV,20,0.17339867203926795,1.5210997183710226,0.8430505676644129,21.0,6.0476190476190474,linear coefficients + intercept,{}
548,mutual_info,PLS,20,0.17168314326152767,1.5226773457720735,0.9167955455812103,4.0,31.75,3 latent components (true PLS dimensionality),{'n_components': 3}
549,mutual_info,LarsCV,20,0.15516301525037146,1.5377866825734683,0.8693008958511124,21.0,6.0476190476190474,linear coefficients + intercept,{}
550,rf_importance,AdaBoost-tiny,20,0.1510945148535041,1.5414850122802817,0.8793856427184621,312.0,0.40705128205128205,"50 trees, 312 total nodes","{'learning_rate': 0.05, 'n_estimators': 50}"
551,rfe_ridge,KNN,20,0.13677943287975736,1.5544276979927165,0.7156689325286735,127.0,1.0,non-parametric: stores all 127 training points,"{'n_neighbors': 9, 'weights': 'uniform'}"
552,lasso,DecisionTree-tiny,20,0.13568760808484503,1.5554104285090824,0.8684612722128112,11.0,11.545454545454545,"single tree, 11 nodes","{'max_depth': 4, 'min_samples_leaf': 10}"
553,mutual_info,BayesianRidge,20,0.1269078032197304,1.5632905045187468,0.7694344063524418,21.0,6.0476190476190474,linear coefficients + intercept,{}
554,correlation,AdaBoost-tiny,20,0.1235729819281467,1.5662731940046721,0.9217778434155827,189.0,0.671957671957672,"29 trees, 189 total nodes","{'learning_rate': 0.5, 'n_estimators': 30}"
555,mutual_info,AdaBoost-tiny,20,0.12145027467184832,1.5681688046540734,0.8799123090126217,186.0,0.6827956989247311,"30 trees, 186 total nodes","{'learning_rate': 0.05, 'n_estimators': 30}"
556,rfe_ridge,DecisionTree-tiny,20,0.12016636286888815,1.5693142465821475,0.8715464730527657,9.0,14.11111111111111,"single tree, 9 nodes","{'max_depth': 3, 'min_samples_leaf': 10}"
557,mutual_info,RidgeCV,20,0.11193414634989673,1.5766388449350839,0.7730747700007562,21.0,6.0476190476190474,linear coefficients + intercept,{}
558,correlation,OrthogonalMatchingPursuitCV,20,0.10584288243334106,1.5820367056136242,1.009872098668893,21.0,6.0476190476190474,linear coefficients + intercept,{}
559,f_regression,OrthogonalMatchingPursuitCV,20,0.10584288243334106,1.5820367056136242,1.009872098668893,21.0,6.0476190476190474,linear coefficients + intercept,{}
560,f_regression,AdaBoost-tiny,20,0.10242850096786482,1.585054368774498,0.9127321588164524,186.0,0.6827956989247311,"30 trees, 186 total nodes","{'learning_rate': 0.05, 'n_estimators': 30}"
561,rfe_ridge,ElasticNet,20,0.09619112758740889,1.5905522369073495,0.9485136047898046,21.0,6.0476190476190474,linear coefficients + intercept,"{'alpha': 1, 'l1_ratio': 0.8}"
562,mutual_info,SGDRegressor,20,0.09155403196554601,1.5946272725491295,0.8540013964097847,21.0,6.0476190476190474,linear coefficients + intercept,"{'alpha': 0.01, 'penalty': 'elasticnet'}"
563,rfe_ridge,Lasso,20,0.0908437907606574,1.5952505064866878,0.9518090640000499,21.0,6.0476190476190474,linear coefficients + intercept,{'alpha': 1}
564,rfe_ridge,LassoLars,20,0.09077278969085933,1.595312796267106,0.9518260545641762,21.0,6.0476190476190474,linear coefficients + intercept,{'alpha': 1}
565,rf_importance,ExtraTree-tiny,20,0.07378076409379364,1.6101507354442264,0.9715536302346952,11.0,11.545454545454545,"single tree, 11 nodes","{'max_depth': 4, 'min_samples_leaf': 10}"
566,correlation,LassoCV,20,0.06773173465325355,1.6154000317712414,0.9834211972767548,21.0,6.0476190476190474,linear coefficients + intercept,{}
567,f_regression,LassoCV,20,0.06769705592747133,1.6154300764997067,0.9834203346256706,21.0,6.0476190476190474,linear coefficients + intercept,{}
568,rf_importance,LarsCV,20,0.061928838117341733,1.6204197550219865,0.944507708011545,21.0,6.0476190476190474,linear coefficients + intercept,{}
569,mutual_info,RANSACRegressor,20,0.0484362885837849,1.6320316334436558,0.9938750757219748,21.0,6.0476190476190474,RANSAC inlier-fitted LinearRegression,{}
570,lasso,KNN,20,0.03271871131024595,1.6454550769075835,0.7745843615106995,127.0,1.0,non-parametric: stores all 127 training points,"{'n_neighbors': 3, 'weights': 'distance'}"
571,mutual_info,LassoLarsIC,20,0.032029842192833224,1.6460408948386211,0.7924263631366425,21.0,6.0476190476190474,linear coefficients + intercept,{}
572,f_regression,LassoLarsCV,20,0.028245299764883103,1.6492555778722544,1.0066387855748713,21.0,6.0476190476190474,linear coefficients + intercept,{}
573,correlation,LassoLarsCV,20,0.028245299764883103,1.6492555778722544,1.0066387855748713,21.0,6.0476190476190474,linear coefficients + intercept,{}
574,rf_importance,OrthogonalMatchingPursuitCV,20,0.027793497135091716,1.6496389315195643,1.0407480915360559,21.0,6.0476190476190474,linear coefficients + intercept,{}
575,mutual_info,ElasticNet,20,0.0226909223050068,1.6539622879135358,0.9658947179189155,21.0,6.0476190476190474,linear coefficients + intercept,"{'alpha': 0.001, 'l1_ratio': 0.8}"
576,mutual_info,LassoLars,20,0.022268334046987914,1.6543198357550701,0.9666123253970157,21.0,6.0476190476190474,linear coefficients + intercept,{'alpha': 0.001}
577,mutual_info,Lasso,20,0.02226800928148409,1.6543201105063077,0.966620777548284,21.0,6.0476190476190474,linear coefficients + intercept,{'alpha': 0.001}
578,rfe_ridge,LarsCV,20,0.02058279885264358,1.6557451826493215,0.9811163776176268,21.0,6.0476190476190474,linear coefficients + intercept,{}
579,f_regression,ElasticNetCV,20,0.018111587802820628,1.6578327088089506,1.0140289771436881,21.0,6.0476190476190474,linear coefficients + intercept,{}
580,correlation,ElasticNetCV,20,0.01810975102039747,1.6578342594314646,1.0140280688593835,21.0,6.0476190476190474,linear coefficients + intercept,{}
581,lasso,ExtraTree-tiny,20,0.0015330807067571728,1.6717698051434609,1.0170695909817862,13.0,9.76923076923077,"single tree, 13 nodes","{'max_depth': 4, 'min_samples_leaf': 10}"
582,f_regression,OrthogonalMatchingPursuit,20,0.0002984283928519904,1.6728030976526778,1.1093014582070202,21.0,6.0476190476190474,linear coefficients + intercept,{'n_nonzero_coefs': 3}
583,correlation,OrthogonalMatchingPursuit,20,0.0002984283928518794,1.672803097652678,1.1093014582070202,21.0,6.0476190476190474,linear coefficients + intercept,{'n_nonzero_coefs': 3}
584,correlation,LarsCV,20,-0.008412400643506679,1.6800752165590498,1.0164536486892521,21.0,6.0476190476190474,linear coefficients + intercept,{}
585,f_regression,LarsCV,20,-0.008412400643506679,1.6800752165590498,1.0164536486892521,21.0,6.0476190476190474,linear coefficients + intercept,{}
586,f_regression,ElasticNet,20,-0.018705314136113982,1.6886277518848014,1.03467670352551,21.0,6.0476190476190474,linear coefficients + intercept,"{'alpha': 1, 'l1_ratio': 0.8}"
587,correlation,ElasticNet,20,-0.018707131325846893,1.6886292579904447,1.0346779560564678,21.0,6.0476190476190474,linear coefficients + intercept,"{'alpha': 1, 'l1_ratio': 0.8}"
588,lasso,LassoLarsCV,20,-0.03171061409469522,1.6993724993502757,1.034958690056282,21.0,6.0476190476190474,linear coefficients + intercept,{}
589,f_regression,Lasso,20,-0.03171061409469522,1.6993724993502757,1.034958690056282,21.0,6.0476190476190474,linear coefficients + intercept,{'alpha': 1}
590,f_regression,LassoLars,20,-0.03171061409469522,1.6993724993502757,1.034958690056282,21.0,6.0476190476190474,linear coefficients + intercept,{'alpha': 1}
591,rf_importance,Dummy-baseline,20,-0.03171061409469522,1.6993724993502757,1.034958690056282,1.0,127.0,constant baseline,{}
592,correlation,Lasso,20,-0.03171061409469522,1.6993724993502757,1.034958690056282,21.0,6.0476190476190474,linear coefficients + intercept,{'alpha': 1}
593,f_regression,Dummy-baseline,20,-0.03171061409469522,1.6993724993502757,1.034958690056282,1.0,127.0,constant baseline,{}
594,correlation,LassoLars,20,-0.03171061409469522,1.6993724993502757,1.034958690056282,21.0,6.0476190476190474,linear coefficients + intercept,{'alpha': 1}
595,rf_importance,LassoLars,20,-0.03171061409469522,1.6993724993502757,1.034958690056282,21.0,6.0476190476190474,linear coefficients + intercept,{'alpha': 1}
596,mutual_info,Dummy-baseline,20,-0.03171061409469522,1.6993724993502757,1.034958690056282,1.0,127.0,constant baseline,{}
597,rf_importance,Lasso,20,-0.03171061409469522,1.6993724993502757,1.034958690056282,21.0,6.0476190476190474,linear coefficients + intercept,{'alpha': 1}
598,lasso,Lasso,20,-0.03171061409469522,1.6993724993502757,1.034958690056282,21.0,6.0476190476190474,linear coefficients + intercept,{'alpha': 1}
599,lasso,Dummy-baseline,20,-0.03171061409469522,1.6993724993502757,1.034958690056282,1.0,127.0,constant baseline,{}
600,lasso,LassoLars,20,-0.03171061409469522,1.6993724993502757,1.034958690056282,21.0,6.0476190476190474,linear coefficients + intercept,{'alpha': 1}
601,rfe_ridge,Dummy-baseline,20,-0.03171061409469522,1.6993724993502757,1.034958690056282,1.0,127.0,constant baseline,{}
602,correlation,Dummy-baseline,20,-0.03171061409469522,1.6993724993502757,1.034958690056282,1.0,127.0,constant baseline,{}
603,lasso,ElasticNetCV,20,-0.03509801289626435,1.7021599743521156,1.0379729840587835,21.0,6.0476190476190474,linear coefficients + intercept,{}
604,lasso,LassoCV,20,-0.03612950176380747,1.7030078756382612,1.0384506868140897,21.0,6.0476190476190474,linear coefficients + intercept,{}
605,lasso,LarsCV,20,-0.03721603693514286,1.703900569604687,1.036113744248285,21.0,6.0476190476190474,linear coefficients + intercept,{}
606,rf_importance,ElasticNet,20,-0.04339624181193491,1.7089693375786272,1.0453949513513465,21.0,6.0476190476190474,linear coefficients + intercept,"{'alpha': 1, 'l1_ratio': 0.8}"
607,rfe_ridge,OrthogonalMatchingPursuit,20,-0.09142236125306225,1.7478576525530256,0.9772559304208854,21.0,6.0476190476190474,linear coefficients + intercept,{'n_nonzero_coefs': 3}
608,mutual_info,ExtraTree-tiny,20,-0.10206945254385014,1.7563623503603685,1.0361004813409045,13.0,9.76923076923077,"single tree, 13 nodes","{'max_depth': 4, 'min_samples_leaf': 10}"
609,mutual_info,ElasticNetCV,20,-0.14725461997071077,1.7920063498929792,0.9393020502826246,21.0,6.0476190476190474,linear coefficients + intercept,{}
610,rfe_ridge,OrthogonalMatchingPursuitCV,20,-0.15366446768078768,1.7970054530433355,1.1540879853555697,21.0,6.0476190476190474,linear coefficients + intercept,{}
611,mutual_info,LassoLarsCV,20,-0.1960006523661706,1.8296808593842175,0.942701227291328,21.0,6.0476190476190474,linear coefficients + intercept,{}
612,mutual_info,LassoCV,20,-0.19650033320559324,1.830063033504822,0.9423447409055266,21.0,6.0476190476190474,linear coefficients + intercept,{}
613,mutual_info,HuberRegressor,20,-0.24580437328984228,1.8673879934689386,0.7829368986302536,21.0,6.0476190476190474,linear coefficients + intercept,"{'alpha': 0.01, 'epsilon': 1.5}"
614,mutual_info,LinearSVR,20,-0.30332778525447424,1.9100136175002862,0.7993755379770879,21.0,6.0476190476190474,linear coefficients + intercept,"{'C': 10, 'epsilon': 0.1}"
615,mutual_info,PassiveAggressiveRegressor,20,-0.3413420396767597,1.937668167937951,0.9506115989366495,21.0,6.0476190476190474,linear coefficients + intercept,{'C': 1}
616,rfe_ridge,RANSACRegressor,20,-0.547504951889707,2.081256754451564,1.110315832654569,21.0,6.0476190476190474,RANSAC inlier-fitted LinearRegression,{}
617,correlation,KernelRidge,20,-0.6861600720202539,2.1724962582968748,0.9992391346473282,13.288703096353709,9.556989803982269,krr_effective_dof: trace(K(K+alpha*I)^-1),"{'alpha': 1, 'gamma': 0.01}"
618,f_regression,KernelRidge,20,-0.6861600720202543,2.1724962582968748,0.9992391346473279,13.288703096353714,9.556989803982265,krr_effective_dof: trace(K(K+alpha*I)^-1),"{'alpha': 1, 'gamma': 0.01}"
619,rfe_ridge,SmallMLP,20,-0.7466192447972637,2.211101896688853,1.2264667545206542,177.0,0.7175141242937854,"layers (8,)","{'alpha': 0.1, 'hidden_layer_sizes': (8,)}"
620,mutual_info,SmallMLP,20,-0.8993502963542113,2.3057497543067997,1.4295933322669527,177.0,0.7175141242937854,"layers (8,)","{'alpha': 0.1, 'hidden_layer_sizes': (8,)}"
621,lasso,KernelRidge,20,-0.9492834553752572,2.3358617491914595,1.166452293793839,13.329818159774279,9.527511814320997,krr_effective_dof: trace(K(K+alpha*I)^-1),"{'alpha': 1, 'gamma': 0.01}"
622,rf_importance,SmallMLP,20,-1.1947794408266437,2.4785921978612984,1.6416487145074632,177.0,0.7175141242937854,"layers (8,)","{'alpha': 1.0, 'hidden_layer_sizes': (8,)}"
623,rf_importance,RANSACRegressor,20,-1.2577995234419066,2.5139250476956723,1.2596268289724415,21.0,6.0476190476190474,RANSAC inlier-fitted LinearRegression,{}
624,f_regression,PassiveAggressiveRegressor,20,-2.855100181430598,3.2849402216778274,1.211622513505307,21.0,6.0476190476190474,linear coefficients + intercept,{'C': 0.1}
625,correlation,PassiveAggressiveRegressor,20,-2.8551001814308403,3.284940221677931,1.2116225135053187,21.0,6.0476190476190474,linear coefficients + intercept,{'C': 0.1}
626,lasso,ElasticNet,20,-4.175390168424393,3.8061086784044926,1.3095227059880807,21.0,6.0476190476190474,linear coefficients + intercept,"{'alpha': 1, 'l1_ratio': 0.8}"
627,lasso,RANSACRegressor,20,-50.344834485886686,11.988311409815323,2.42118582816385,21.0,6.0476190476190474,RANSAC inlier-fitted LinearRegression,{}
628,f_regression,TweedieRegressor,20,-110.85721942381994,17.694636535969302,2.678915849836964,21.0,6.0476190476190474,linear coefficients + intercept,{'alpha': 1}
629,correlation,TweedieRegressor,20,-110.85721942381994,17.694636535969302,2.678915849836964,21.0,6.0476190476190474,linear coefficients + intercept,{'alpha': 1}
630,correlation,LinearRegression,20,-124.5238256525513,18.744450786682638,2.7309841789449516,21.0,6.0476190476190474,linear coefficients + intercept,{}
631,f_regression,LinearRegression,20,-124.52382565255209,18.7444507866827,2.7309841789449565,21.0,6.0476190476190474,linear coefficients + intercept,{}
632,correlation,LinearSVR,20,-141.65060714408563,19.982344811923458,2.762968652934929,21.0,6.0476190476190474,linear coefficients + intercept,"{'C': 10, 'epsilon': 0.1}"
633,f_regression,LinearSVR,20,-141.6506071440873,19.982344811923575,2.762968652934941,21.0,6.0476190476190474,linear coefficients + intercept,"{'C': 10, 'epsilon': 0.1}"
634,f_regression,HuberRegressor,20,-162.92136100145913,21.420391897942395,2.867150327146328,21.0,6.0476190476190474,linear coefficients + intercept,"{'alpha': 0.1, 'epsilon': 1.2}"
635,correlation,HuberRegressor,20,-162.98948363257267,21.424842391376384,2.877224621873592,21.0,6.0476190476190474,linear coefficients + intercept,"{'alpha': 0.1, 'epsilon': 1.2}"
636,correlation,Ridge,20,-201.81133290413717,23.826252846646547,3.269879611126869,21.0,6.0476190476190474,linear coefficients + intercept,{'alpha': 50}
637,f_regression,Ridge,20,-201.81133290413746,23.826252846646565,3.26987961112687,21.0,6.0476190476190474,linear coefficients + intercept,{'alpha': 50}
638,correlation,LassoLarsIC,20,-223.22518121685854,25.05254370464827,3.390285418045755,21.0,6.0476190476190474,linear coefficients + intercept,{}
639,f_regression,LassoLarsIC,20,-223.2251812168591,25.0525437046483,3.390285418045758,21.0,6.0476190476190474,linear coefficients + intercept,{}
640,correlation,RidgeCV,20,-256.0622631841054,26.824324856306113,3.524009234625128,21.0,6.0476190476190474,linear coefficients + intercept,{}
641,f_regression,RidgeCV,20,-256.06226318413314,26.824324856307562,3.524009234625621,21.0,6.0476190476190474,linear coefficients + intercept,{}
642,lasso,TweedieRegressor,20,-256.6693664053738,26.855981642536698,3.541526176104256,21.0,6.0476190476190474,linear coefficients + intercept,{'alpha': 1}
643,correlation,BayesianRidge,20,-261.89135249089725,27.126751374715052,3.560370160607714,21.0,6.0476190476190474,linear coefficients + intercept,{}
644,f_regression,BayesianRidge,20,-261.8913524908991,27.126751374715145,3.5603701606077243,21.0,6.0476190476190474,linear coefficients + intercept,{}
645,f_regression,PLS,20,-415.06663043824557,34.12644734863377,4.275679660089,3.0,42.333333333333336,2 latent components (true PLS dimensionality),{'n_components': 2}
646,correlation,PLS,20,-415.06663043824557,34.12644734863377,4.275679660089,3.0,42.333333333333336,2 latent components (true PLS dimensionality),{'n_components': 2}
647,correlation,SGDRegressor,20,-483.01549414321505,36.80774985252696,4.524274756210056,21.0,6.0476190476190474,linear coefficients + intercept,"{'alpha': 0.01, 'penalty': 'elasticnet'}"
648,f_regression,SGDRegressor,20,-483.01549414321505,36.80774985252696,4.524274756210056,21.0,6.0476190476190474,linear coefficients + intercept,"{'alpha': 0.01, 'penalty': 'elasticnet'}"
649,lasso,Ridge,20,-492.11093980493536,37.151979240829974,4.5605291109827615,21.0,6.0476190476190474,linear coefficients + intercept,{'alpha': 50}
650,lasso,PLS,20,-758.2577943857636,46.10035461446389,5.485283914957806,6.0,21.166666666666668,5 latent components (true PLS dimensionality),{'n_components': 5}
651,lasso,BayesianRidge,20,-885.915480513383,49.82539544793078,5.848018894011893,21.0,6.0476190476190474,linear coefficients + intercept,{}
652,lasso,LinearRegression,20,-938.9008791531867,51.29212175575229,6.06870672183308,21.0,6.0476190476190474,linear coefficients + intercept,{}
653,lasso,RidgeCV,20,-1033.7511882373478,53.81800608963112,6.247735748346661,21.0,6.0476190476190474,linear coefficients + intercept,{}
654,lasso,SGDRegressor,20,-1323.12058232807,60.87982631739254,6.962071538912037,21.0,6.0476190476190474,linear coefficients + intercept,"{'alpha': 0.01, 'penalty': 'l2'}"
655,f_regression,SmallMLP,20,-1545.6298331652304,65.79650544127588,8.894802641515335,177.0,0.7175141242937854,"layers (8,)","{'alpha': 1.0, 'hidden_layer_sizes': (8,)}"
656,lasso,OrthogonalMatchingPursuitCV,20,-1626.4309258935816,67.49333977705746,7.647856312484441,21.0,6.0476190476190474,linear coefficients + intercept,{}
657,lasso,OrthogonalMatchingPursuit,20,-1739.9287929635584,69.80718746884526,7.823383974828425,21.0,6.0476190476190474,linear coefficients + intercept,{'n_nonzero_coefs': 3}
658,correlation,RANSACRegressor,20,-1821.1226940057238,71.41648073248781,8.0295678811638,21.0,6.0476190476190474,RANSAC inlier-fitted LinearRegression,{}
659,f_regression,RANSACRegressor,20,-1821.1226940057322,71.41648073248797,8.029567881163828,21.0,6.0476190476190474,RANSAC inlier-fitted LinearRegression,{}
660,lasso,PassiveAggressiveRegressor,20,-1906.9812245759924,73.07968807030439,8.156694414972371,21.0,6.0476190476190474,linear coefficients + intercept,{'C': 0.01}
661,lasso,LassoLarsIC,20,-1915.3532213950623,73.23984510563437,8.142914761205903,21.0,6.0476190476190474,linear coefficients + intercept,{}
662,lasso,LinearSVR,20,-3773.6830393488344,102.78976696344701,11.041952706096854,21.0,6.0476190476190474,linear coefficients + intercept,"{'C': 1, 'epsilon': 0.01}"
663,lasso,HuberRegressor,20,-4194.31468406685,108.36571670866029,11.572399488236787,21.0,6.0476190476190474,linear coefficients + intercept,"{'alpha': 0.1, 'epsilon': 1.2}"
664,lasso,SmallMLP,20,-8839.723143942902,157.30898605987912,17.31659113582871,177.0,0.7175141242937854,"layers (8,)","{'alpha': 1.0, 'hidden_layer_sizes': (8,)}"
665,correlation,SmallMLP,20,-25824.921405138044,268.86702955097536,28.586188730147995,177.0,0.7175141242937854,"layers (8,)","{'alpha': 1.0, 'hidden_layer_sizes': (8,)}"
666,lasso,LightGBM-tiny,25,0.5326591470357543,1.1437378933872693,0.6457769038838974,930.0,0.13655913978494624,"100 boosting trees, ~930 total nodes (leaf-based estimate)","{'learning_rate': 0.1, 'max_depth': 3, 'n_estimators': 100, 'num_leaves': 7}"
667,mutual_info,GradientBoosting-tiny,25,0.47754722973882757,1.2092974992035341,0.6050202372022976,1330.0,0.09548872180451128,"100 stages, 1330 total nodes","{'learning_rate': 0.1, 'max_depth': 3, 'n_estimators': 100}"
668,mutual_info,KernelRidge,25,0.47453270012705995,1.2127812779330438,0.8249929945597625,14.132880994398683,8.986136658925679,krr_effective_dof: trace(K(K+alpha*I)^-1),"{'alpha': 1, 'gamma': 0.01}"
669,rf_importance,LightGBM-tiny,25,0.46299215760873735,1.2260267633935826,0.6474413674367063,912.0,0.13925438596491227,"100 boosting trees, ~912 total nodes (leaf-based estimate)","{'learning_rate': 0.1, 'max_depth': 3, 'n_estimators': 100, 'num_leaves': 7}"
670,rf_importance,GradientBoosting-tiny,25,0.4565440201494464,1.233365575089993,0.6288624828265028,656.0,0.19359756097560976,"100 stages, 656 total nodes","{'learning_rate': 0.1, 'max_depth': 2, 'n_estimators': 100}"
671,rfe_ridge,LightGBM-tiny,25,0.45176618791101364,1.2387753220363011,0.6574367991222556,956.0,0.13284518828451883,"100 boosting trees, ~956 total nodes (leaf-based estimate)","{'learning_rate': 0.1, 'max_depth': 3, 'n_estimators': 100, 'num_leaves': 7}"
672,lasso,GradientBoosting-tiny,25,0.4469490494084297,1.2442057617358968,0.6626820343946038,668.0,0.19011976047904192,"100 stages, 668 total nodes","{'learning_rate': 0.1, 'max_depth': 2, 'n_estimators': 100}"
673,correlation,LightGBM-tiny,25,0.4320860226999288,1.2608136888055732,0.648810083760935,954.0,0.1331236897274633,"100 boosting trees, ~954 total nodes (leaf-based estimate)","{'learning_rate': 0.1, 'max_depth': 3, 'n_estimators': 100, 'num_leaves': 7}"
674,rfe_ridge,KernelRidge,25,0.43179351617309203,1.2611383407533552,0.7679195455736246,15.244321914668545,8.330970751660445,krr_effective_dof: trace(K(K+alpha*I)^-1),"{'alpha': 1, 'gamma': 0.01}"
675,mutual_info,GaussianProcess,25,0.4191795933392706,1.275059847910677,0.5973686964906747,31.828185603730525,3.9901740420011427,gp_effective_dof: trace(K(K+sigma^2*I)^-1),"{'kernel': 1**2 * Matern(length_scale=1, nu=1.5) + WhiteKernel(noise_level=0.5)}"
676,f_regression,LightGBM-tiny,25,0.4105582216467143,1.2844881256700125,0.6628807351911274,954.0,0.1331236897274633,"100 boosting trees, ~954 total nodes (leaf-based estimate)","{'learning_rate': 0.1, 'max_depth': 3, 'n_estimators': 100, 'num_leaves': 7}"
677,rf_importance,GaussianProcess,25,0.40238737453052464,1.2933602778749145,0.6419903349832652,31.40464917165595,4.043987223223718,gp_effective_dof: trace(K(K+sigma^2*I)^-1),"{'kernel': 1**2 * Matern(length_scale=1, nu=1.5) + WhiteKernel(noise_level=0.5)}"
678,mutual_info,KNN,25,0.37470332850731747,1.3229782216156887,0.5789237154505295,127.0,1.0,non-parametric: stores all 127 training points,"{'n_neighbors': 3, 'weights': 'distance'}"
679,mutual_info,NuSVR,25,0.3740082446571372,1.3237133329850883,0.5806680866903667,112.0,1.1339285714285714,112 support vectors (of 127 training points),"{'C': 1, 'nu': 0.7}"
680,rf_importance,HistGradientBoosting-tiny,25,0.3732243632698792,1.324541865949581,0.7443603475977085,778.0,0.16323907455012854,"100 stages, 778 total nodes","{'learning_rate': 0.05, 'max_depth': 3, 'min_samples_leaf': 20}"
681,mutual_info,LightGBM-tiny,25,0.3678319723886998,1.3302274338704003,0.6881215687137151,952.0,0.1334033613445378,"100 boosting trees, ~952 total nodes (leaf-based estimate)","{'learning_rate': 0.1, 'max_depth': 3, 'n_estimators': 100, 'num_leaves': 7}"
682,mutual_info,SVR-RBF,25,0.3664308091280988,1.3317008033567954,0.5722631766539379,112.0,1.1339285714285714,112 support vectors (of 127 training points),"{'C': 1, 'epsilon': 0.05, 'gamma': 0.1}"
683,mutual_info,RandomForest-tiny,25,0.3643769080029351,1.3338576069697796,0.6933471199670246,1104.0,0.11503623188405797,"100 trees, 1104 total nodes","{'max_depth': 3, 'min_samples_leaf': 3, 'n_estimators': 100}"
684,rfe_ridge,NuSVR,25,0.3631693918569162,1.3351239945414728,0.6191146254092484,105.0,1.2095238095238094,105 support vectors (of 127 training points),"{'C': 1, 'nu': 0.7}"
685,correlation,GradientBoosting-tiny,25,0.3593614744694005,1.3391097204638311,0.597236775778568,670.0,0.18955223880597014,"100 stages, 670 total nodes","{'learning_rate': 0.1, 'max_depth': 2, 'n_estimators': 100}"
686,rfe_ridge,SVR-RBF,25,0.3509643150529702,1.347857328818826,0.58959979444629,108.0,1.1759259259259258,108 support vectors (of 127 training points),"{'C': 1, 'epsilon': 0.05, 'gamma': 0.1}"
687,mutual_info,Bagging-tiny,25,0.3413663262448515,1.3577868619406686,0.7320445123497348,232.0,0.5474137931034483,"20 trees, 232 total nodes","{'max_samples': 1.0, 'n_estimators': 20}"
688,lasso,RandomForest-tiny,25,0.33855274927475665,1.3606838947131976,0.7983093954317165,908.0,0.13986784140969163,"100 trees, 908 total nodes","{'max_depth': 3, 'min_samples_leaf': 3, 'n_estimators': 100}"
689,rf_importance,Bagging-tiny,25,0.33698543394504765,1.3622950276456465,0.7349652660239772,238.0,0.5336134453781513,"20 trees, 238 total nodes","{'max_samples': 0.7, 'n_estimators': 20}"
690,rf_importance,RandomForest-tiny,25,0.3339194171873052,1.3654412645106242,0.705316310587359,2138.0,0.05940130963517306,"200 trees, 2138 total nodes","{'max_depth': 3, 'min_samples_leaf': 3, 'n_estimators': 200}"
691,mutual_info,HistGradientBoosting-tiny,25,0.33137956845175287,1.3680420868836127,0.7589406699031134,786.0,0.16157760814249364,"100 stages, 786 total nodes","{'learning_rate': 0.05, 'max_depth': 3, 'min_samples_leaf': 20}"
692,rfe_ridge,GaussianProcess,25,0.3260444250654422,1.3734892722090293,0.6373610371366929,50.94919467223573,2.4926792428616626,gp_effective_dof: trace(K(K+sigma^2*I)^-1),{'kernel': 1**2 * RBF(length_scale=1) + WhiteKernel(noise_level=0.5)}
693,f_regression,GradientBoosting-tiny,25,0.32252939659165136,1.3770663442745836,0.6390266100758144,670.0,0.18955223880597014,"100 stages, 670 total nodes","{'learning_rate': 0.1, 'max_depth': 2, 'n_estimators': 100}"
694,rf_importance,DecisionTree-tiny,25,0.32028026789850217,1.3793503054373544,0.7637460560686199,13.0,9.76923076923077,"single tree, 13 nodes","{'max_depth': 4, 'min_samples_leaf': 10}"
695,lasso,GaussianProcess,25,0.32017648209962324,1.3794556073010584,0.5922230890367278,65.38505255834433,1.9423399543294009,gp_effective_dof: trace(K(K+sigma^2*I)^-1),"{'kernel': 1**2 * RationalQuadratic(alpha=1, length_scale=1) + WhiteKernel(noise_level=0.5)}"
696,mutual_info,DecisionTree-tiny,25,0.31701456697939445,1.3826598665731165,0.7798868355677078,13.0,9.76923076923077,"single tree, 13 nodes","{'max_depth': 4, 'min_samples_leaf': 10}"
697,rfe_ridge,GradientBoosting-tiny,25,0.3027496348047426,1.3970244655173023,0.6501184015672298,1344.0,0.09449404761904762,"100 stages, 1344 total nodes","{'learning_rate': 0.1, 'max_depth': 3, 'n_estimators': 100}"
698,lasso,HistGradientBoosting-tiny,25,0.29879884288285075,1.4009768166512906,0.8431975390201033,558.0,0.22759856630824374,"100 stages, 558 total nodes","{'learning_rate': 0.05, 'max_depth': 2, 'min_samples_leaf': 20}"
699,rf_importance,ExtraTrees-tiny,25,0.28780578217815167,1.4119159953309555,0.7912367720314132,1904.0,0.0667016806722689,"200 trees, 1904 total nodes","{'max_depth': 3, 'min_samples_leaf': 10, 'n_estimators': 200}"
700,mutual_info,ExtraTrees-tiny,25,0.2847873573379378,1.4149048263229211,0.7910045180884959,922.0,0.13774403470715835,"100 trees, 922 total nodes","{'max_depth': 3, 'min_samples_leaf': 10, 'n_estimators': 100}"
701,mutual_info,Ridge,25,0.2834375378875912,1.4162393705331289,0.832051950977619,26.0,4.884615384615385,linear coefficients + intercept,{'alpha': 10}
702,mutual_info,PLS,25,0.2831482997259085,1.4165251719569567,0.975203468125523,6.0,21.166666666666668,5 latent components (true PLS dimensionality),{'n_components': 5}
703,rf_importance,SVR-RBF,25,0.2818836340504315,1.4177741341557926,0.6510596477104528,106.0,1.1981132075471699,106 support vectors (of 127 training points),"{'C': 1, 'epsilon': 0.05, 'gamma': 'scale'}"
704,correlation,HistGradientBoosting-tiny,25,0.2720576289230333,1.4274408992427277,0.6892729915077166,828.0,0.15338164251207728,"100 stages, 828 total nodes","{'learning_rate': 0.05, 'max_depth': 3, 'min_samples_leaf': 10}"
705,rf_importance,NuSVR,25,0.2684931972771766,1.430931424347021,0.6537759652923498,113.0,1.1238938053097345,113 support vectors (of 127 training points),"{'C': 1, 'nu': 0.7}"
706,f_regression,HistGradientBoosting-tiny,25,0.2652957201178364,1.43405537452429,0.6881477965062979,812.0,0.1564039408866995,"100 stages, 812 total nodes","{'learning_rate': 0.1, 'max_depth': 3, 'min_samples_leaf': 10}"
707,f_regression,SVR-RBF,25,0.26140468649916293,1.4378477773899139,0.6451824862367834,100.0,1.27,100 support vectors (of 127 training points),"{'C': 1, 'epsilon': 0.1, 'gamma': 'scale'}"
708,correlation,SVR-RBF,25,0.26140468649916315,1.4378477773899139,0.6451824862367834,100.0,1.27,100 support vectors (of 127 training points),"{'C': 1, 'epsilon': 0.1, 'gamma': 'scale'}"
709,rfe_ridge,HistGradientBoosting-tiny,25,0.2587791600115871,1.4404011096467615,0.7283669427579805,840.0,0.15119047619047618,"100 stages, 840 total nodes","{'learning_rate': 0.1, 'max_depth': 3, 'min_samples_leaf': 10}"
710,rf_importance,KNN,25,0.2576840902156924,1.4414647316530875,0.6613074438463823,127.0,1.0,non-parametric: stores all 127 training points,"{'n_neighbors': 3, 'weights': 'distance'}"
711,lasso,Bagging-tiny,25,0.2449600832556319,1.4537662848349355,0.8140943135225238,216.0,0.5879629629629629,"20 trees, 216 total nodes","{'max_samples': 0.7, 'n_estimators': 20}"
712,mutual_info,OrthogonalMatchingPursuit,25,0.23262997376378114,1.4655885127353856,0.9522698440912712,26.0,4.884615384615385,linear coefficients + intercept,{'n_nonzero_coefs': 5}
713,mutual_info,TweedieRegressor,25,0.23112615316463836,1.4670238720710225,0.860383757037268,26.0,4.884615384615385,linear coefficients + intercept,{'alpha': 0.1}
714,f_regression,ExtraTrees-tiny,25,0.2301745334188009,1.4679314443546316,0.8151834448050157,964.0,0.13174273858921162,"100 trees, 964 total nodes","{'max_depth': 3, 'min_samples_leaf': 10, 'n_estimators': 100}"
715,correlation,ExtraTrees-tiny,25,0.22934722076978498,1.4687200076056044,0.8159970884592264,1920.0,0.06614583333333333,"200 trees, 1920 total nodes","{'max_depth': 3, 'min_samples_leaf': 10, 'n_estimators': 200}"
716,rfe_ridge,ExtraTrees-tiny,25,0.22525932148918115,1.4726102411189101,0.808200155697312,886.0,0.1433408577878104,"100 trees, 886 total nodes","{'max_depth': 3, 'min_samples_leaf': 10, 'n_estimators': 100}"
717,f_regression,NuSVR,25,0.22265541235969155,1.475082892148135,0.6714651958429377,110.0,1.1545454545454545,110 support vectors (of 127 training points),"{'C': 1, 'nu': 0.7}"
718,correlation,NuSVR,25,0.22265541235969155,1.475082892148135,0.6714651958429378,110.0,1.1545454545454545,110 support vectors (of 127 training points),"{'C': 1, 'nu': 0.7}"
719,correlation,RandomForest-tiny,25,0.21773528415621457,1.4797437267313203,0.7609021268801458,934.0,0.13597430406852248,"100 trees, 934 total nodes","{'max_depth': 3, 'min_samples_leaf': 5, 'n_estimators': 100}"
720,f_regression,RandomForest-tiny,25,0.21707461054167376,1.4803684649345585,0.7610699816966441,934.0,0.13597430406852248,"100 trees, 934 total nodes","{'max_depth': 3, 'min_samples_leaf': 5, 'n_estimators': 100}"
721,rfe_ridge,Bagging-tiny,25,0.21528750223091553,1.482057049083781,0.7783232595605475,572.0,0.22202797202797203,"50 trees, 572 total nodes","{'max_samples': 0.7, 'n_estimators': 50}"
722,lasso,ExtraTrees-tiny,25,0.2132249850693516,1.4840034703275207,0.8740260829693031,1850.0,0.06864864864864866,"200 trees, 1850 total nodes","{'max_depth': 3, 'min_samples_leaf': 10, 'n_estimators': 200}"
723,rfe_ridge,RandomForest-tiny,25,0.21223464510374768,1.4849371589479639,0.7521310474124443,946.0,0.13424947145877378,"100 trees, 946 total nodes","{'max_depth': 3, 'min_samples_leaf': 5, 'n_estimators': 100}"
724,correlation,Bagging-tiny,25,0.20657728161589328,1.490259683237434,0.8053026114043703,226.0,0.5619469026548672,"20 trees, 226 total nodes","{'max_samples': 0.7, 'n_estimators': 20}"
725,lasso,SVR-RBF,25,0.1987455286993145,1.4975966834995884,0.6939458236431986,115.0,1.1043478260869566,115 support vectors (of 127 training points),"{'C': 1, 'epsilon': 0.05, 'gamma': 0.1}"
726,rf_importance,AdaBoost-tiny,25,0.19832460450903844,1.4979899991856553,0.8612347092205085,188.0,0.675531914893617,"30 trees, 188 total nodes","{'learning_rate': 0.05, 'n_estimators': 30}"
727,rfe_ridge,AdaBoost-tiny,25,0.1961055217538985,1.500061826887538,0.8801179831877908,336.0,0.37797619047619047,"50 trees, 336 total nodes","{'learning_rate': 0.5, 'n_estimators': 50}"
728,mutual_info,AdaBoost-tiny,25,0.18427547417675816,1.5110589122037819,0.8481803378205445,188.0,0.675531914893617,"30 trees, 188 total nodes","{'learning_rate': 0.05, 'n_estimators': 30}"
729,mutual_info,OrthogonalMatchingPursuitCV,25,0.1784453088922231,1.5164492355745698,0.9874550736853807,26.0,4.884615384615385,linear coefficients + intercept,{}
730,lasso,NuSVR,25,0.1701248322252945,1.5241089778542563,0.7095618035886478,108.0,1.1759259259259258,108 support vectors (of 127 training points),"{'C': 1, 'nu': 0.7}"
731,f_regression,Bagging-tiny,25,0.16965544487668593,1.5245399440821494,0.8170683917197804,226.0,0.5619469026548672,"20 trees, 226 total nodes","{'max_samples': 0.7, 'n_estimators': 20}"
732,f_regression,KNN,25,0.16406783280983217,1.5296608633850242,0.7383103660262567,127.0,1.0,non-parametric: stores all 127 training points,"{'n_neighbors': 3, 'weights': 'distance'}"
733,correlation,KNN,25,0.16406783280983217,1.5296608633850242,0.7383103660262568,127.0,1.0,non-parametric: stores all 127 training points,"{'n_neighbors': 3, 'weights': 'distance'}"
734,lasso,AdaBoost-tiny,25,0.15290441875286143,1.5398408784872126,0.8810319338945937,312.0,0.40705128205128205,"50 trees, 312 total nodes","{'learning_rate': 0.05, 'n_estimators': 50}"
735,correlation,GaussianProcess,25,0.15153075559956908,1.5410888875069355,0.686644154156796,59.379787293807084,2.1387749230493664,gp_effective_dof: trace(K(K+sigma^2*I)^-1),{'kernel': 1**2 * RBF(length_scale=1) + WhiteKernel(noise_level=0.5)}
736,f_regression,GaussianProcess,25,0.15153016176684475,1.5410894268009987,0.6866442689924195,59.37978729380715,2.1387749230493642,gp_effective_dof: trace(K(K+sigma^2*I)^-1),{'kernel': 1**2 * RBF(length_scale=1) + WhiteKernel(noise_level=0.5)}
737,mutual_info,LinearRegression,25,0.15019584463035174,1.5423007216108922,0.7265292457198227,26.0,4.884615384615385,linear coefficients + intercept,{}
738,rf_importance,ElasticNetCV,25,0.14374771816181298,1.548140982719897,0.8607194171029234,26.0,4.884615384615385,linear coefficients + intercept,{}
739,lasso,DecisionTree-tiny,25,0.13375892454423588,1.5571448840395934,0.8851213895996014,11.0,11.545454545454545,"single tree, 11 nodes","{'max_depth': 4, 'min_samples_leaf': 10}"
740,rf_importance,LassoLarsCV,25,0.13354198115365845,1.5573398592909193,0.8891956845436876,26.0,4.884615384615385,linear coefficients + intercept,{}
741,rf_importance,LassoCV,25,0.13344153636949918,1.557430124560223,0.8884844909056155,26.0,4.884615384615385,linear coefficients + intercept,{}
742,lasso,KNN,25,0.12188167813746043,1.5677837402082295,0.7752565914574129,127.0,1.0,non-parametric: stores all 127 training points,"{'n_neighbors': 3, 'weights': 'distance'}"
743,correlation,DecisionTree-tiny,25,0.12108129053923877,1.568498079507431,0.8852934002989251,13.0,9.76923076923077,"single tree, 13 nodes","{'max_depth': 4, 'min_samples_leaf': 10}"
744,f_regression,DecisionTree-tiny,25,0.12108129053923855,1.5684980795074313,0.885293400298925,13.0,9.76923076923077,"single tree, 13 nodes","{'max_depth': 4, 'min_samples_leaf': 10}"
745,mutual_info,LassoCV,25,0.11434147867233779,1.574500450977166,0.9236952802305065,26.0,4.884615384615385,linear coefficients + intercept,{}
746,mutual_info,ExtraTree-tiny,25,0.10710899300750876,1.5809162409158062,0.9812951920283093,9.0,14.11111111111111,"single tree, 9 nodes","{'max_depth': 3, 'min_samples_leaf': 10}"
747,mutual_info,LarsCV,25,0.10239505645549407,1.5850838989437912,0.9404309849604917,26.0,4.884615384615385,linear coefficients + intercept,{}
748,rf_importance,ExtraTree-tiny,25,0.09810773793819472,1.5888648852836966,0.951006227931043,13.0,9.76923076923077,"single tree, 13 nodes","{'max_depth': 4, 'min_samples_leaf': 10}"
749,mutual_info,LassoLarsCV,25,0.09211695949501653,1.5941331327067139,0.9453290264312177,26.0,4.884615384615385,linear coefficients + intercept,{}
750,mutual_info,ElasticNetCV,25,0.08780946209416218,1.597910380658038,0.961991051741227,26.0,4.884615384615385,linear coefficients + intercept,{}
751,f_regression,AdaBoost-tiny,25,0.08727652847520473,1.5983770900691439,0.9235826912641381,144.0,0.8819444444444444,"22 trees, 144 total nodes","{'learning_rate': 0.5, 'n_estimators': 30}"
752,rfe_ridge,SGDRegressor,25,0.08149309945716765,1.603433113740587,0.8649017399149309,26.0,4.884615384615385,linear coefficients + intercept,"{'alpha': 0.01, 'penalty': 'l2'}"
753,correlation,AdaBoost-tiny,25,0.07286826978544514,1.6109436857698427,0.9366324833465395,202.0,0.6287128712871287,"30 trees, 202 total nodes","{'learning_rate': 0.5, 'n_estimators': 30}"
754,rfe_ridge,PLS,25,0.07002647272172058,1.6134106881433572,0.9248086108897584,8.0,15.875,7 latent components (true PLS dimensionality),{'n_components': 7}
755,rf_importance,OrthogonalMatchingPursuit,25,0.06797985529870942,1.6151850503190697,0.9641289006927174,26.0,4.884615384615385,linear coefficients + intercept,{'n_nonzero_coefs': 10}
756,lasso,LassoCV,25,0.06438638688115528,1.61829578387745,0.9582502279547537,26.0,4.884615384615385,linear coefficients + intercept,{}
757,rfe_ridge,DecisionTree-tiny,25,0.06404015542903363,1.6185951879608225,0.909543649965183,15.0,8.466666666666667,"single tree, 15 nodes","{'max_depth': 4, 'min_samples_leaf': 10}"
758,mutual_info,SGDRegressor,25,0.05852152023308621,1.6233599800471024,0.8535518879390754,26.0,4.884615384615385,linear coefficients + intercept,"{'alpha': 0.01, 'penalty': 'l2'}"
759,rfe_ridge,ExtraTree-tiny,25,0.05806138787364257,1.6237566270390333,0.9662230989410702,7.0,18.142857142857142,"single tree, 7 nodes","{'max_depth': 2, 'min_samples_leaf': 10}"
760,lasso,ElasticNetCV,25,0.057046467252503064,1.624631174692427,0.9523866193593409,26.0,4.884615384615385,linear coefficients + intercept,{}
761,lasso,LassoLarsCV,25,0.053450260202830724,1.6277262106521888,0.9781722278556676,26.0,4.884615384615385,linear coefficients + intercept,{}
762,rfe_ridge,LinearSVR,25,0.053336114190350226,1.6278243528033327,0.8300005848793537,26.0,4.884615384615385,linear coefficients + intercept,"{'C': 10, 'epsilon': 0.01}"
763,correlation,LassoCV,25,0.050314720382131695,1.6304199838430773,0.9884381640925028,26.0,4.884615384615385,linear coefficients + intercept,{}
764,f_regression,LassoCV,25,0.0503142599260753,1.6304203790985798,0.9884368493534954,26.0,4.884615384615385,linear coefficients + intercept,{}
765,rfe_ridge,BayesianRidge,25,0.04800942194859403,1.6323976529395339,0.8223436374055225,26.0,4.884615384615385,linear coefficients + intercept,{}
766,correlation,OrthogonalMatchingPursuitCV,25,0.04302823020024582,1.6366627565633647,1.0902769234560261,26.0,4.884615384615385,linear coefficients + intercept,{}
767,f_regression,OrthogonalMatchingPursuitCV,25,0.04302823020024582,1.6366627565633647,1.0902769234560261,26.0,4.884615384615385,linear coefficients + intercept,{}
768,rf_importance,ElasticNet,25,0.03958930937363769,1.6396008297892206,1.0273173874560755,26.0,4.884615384615385,linear coefficients + intercept,"{'alpha': 1, 'l1_ratio': 0.8}"
769,lasso,ExtraTree-tiny,25,0.039257964777764776,1.639883639023867,0.9609956553285567,13.0,9.76923076923077,"single tree, 13 nodes","{'max_depth': 4, 'min_samples_leaf': 10}"
770,rf_importance,LassoLars,25,0.0367412528348533,1.6420301129608705,1.028958395151478,26.0,4.884615384615385,linear coefficients + intercept,{'alpha': 1}
771,rf_importance,Lasso,25,0.03670370582892779,1.6420621151169768,1.0289677002197788,26.0,4.884615384615385,linear coefficients + intercept,{'alpha': 1}
772,mutual_info,LassoLarsIC,25,0.035158900149206085,1.6433782474015897,0.7647645984031014,26.0,4.884615384615385,linear coefficients + intercept,{}
773,mutual_info,BayesianRidge,25,0.03502316585404319,1.6434938389448703,0.7653411286095366,26.0,4.884615384615385,linear coefficients + intercept,{}
774,rf_importance,LarsCV,25,0.03196154067825818,1.6460989674465802,1.0094690450808135,26.0,4.884615384615385,linear coefficients + intercept,{}
775,correlation,LarsCV,25,0.030436549343141328,1.6473950413660052,0.9886894171636567,26.0,4.884615384615385,linear coefficients + intercept,{}
776,f_regression,LarsCV,25,0.030436549343140995,1.6473950413660055,0.9886894171636567,26.0,4.884615384615385,linear coefficients + intercept,{}
777,f_regression,ElasticNetCV,25,0.029798000955566062,1.6479374340805601,0.9922361199574368,26.0,4.884615384615385,linear coefficients + intercept,{}
778,correlation,ElasticNetCV,25,0.029784178496069624,1.6479491731139402,0.9922497214599918,26.0,4.884615384615385,linear coefficients + intercept,{}
779,rfe_ridge,LassoLarsIC,25,0.01963946907132519,1.6565423596997677,0.8486657715035195,26.0,4.884615384615385,linear coefficients + intercept,{}
780,correlation,LassoLarsCV,25,0.008426430520942718,1.6659889158581944,1.0077208229332506,26.0,4.884615384615385,linear coefficients + intercept,{}
781,f_regression,LassoLarsCV,25,0.008426430520942718,1.6659889158581944,1.0077208229332506,26.0,4.884615384615385,linear coefficients + intercept,{}
782,rfe_ridge,TweedieRegressor,25,0.004160240798996018,1.669568981213727,0.8538259074175852,26.0,4.884615384615385,linear coefficients + intercept,{'alpha': 0.01}
783,rfe_ridge,Ridge,25,0.0013218335406570692,1.6719466452316945,0.8522825848938903,26.0,4.884615384615385,linear coefficients + intercept,{'alpha': 1}
784,correlation,ElasticNet,25,-0.0007589936775262984,1.6736875573079841,1.026019414247184,26.0,4.884615384615385,linear coefficients + intercept,"{'alpha': 1, 'l1_ratio': 0.8}"
785,f_regression,ElasticNet,25,-0.0007923483713281332,1.6737154485741121,1.0260234472305876,26.0,4.884615384615385,linear coefficients + intercept,"{'alpha': 1, 'l1_ratio': 0.8}"
786,rfe_ridge,RidgeCV,25,-0.002100008755179017,1.6748085509142216,0.8400535184508736,26.0,4.884615384615385,linear coefficients + intercept,{}
787,correlation,OrthogonalMatchingPursuit,25,-0.008993981147593422,1.6805596206337354,1.1023298298422248,26.0,4.884615384615385,linear coefficients + intercept,{'n_nonzero_coefs': 3}
788,f_regression,OrthogonalMatchingPursuit,25,-0.0089939811475932,1.6805596206337354,1.1023298298422248,26.0,4.884615384615385,linear coefficients + intercept,{'n_nonzero_coefs': 3}
789,rfe_ridge,LinearRegression,25,-0.012744104706038373,1.6836797884746504,0.842289587800223,26.0,4.884615384615385,linear coefficients + intercept,{}
790,lasso,LarsCV,25,-0.013999353528416192,1.6847228864255162,1.0242894410008867,26.0,4.884615384615385,linear coefficients + intercept,{}
791,rfe_ridge,LassoLars,25,-0.01408940720697216,1.6847976952133197,0.9550243715894605,26.0,4.884615384615385,linear coefficients + intercept,{'alpha': 0.01}
792,rfe_ridge,Lasso,25,-0.014090856668408147,1.6847988992730387,0.9550388405596273,26.0,4.884615384615385,linear coefficients + intercept,{'alpha': 0.01}
793,rfe_ridge,KNN,25,-0.014995050548087363,1.6855498405819824,0.7399027997766445,127.0,1.0,non-parametric: stores all 127 training points,"{'n_neighbors': 9, 'weights': 'distance'}"
794,mutual_info,RidgeCV,25,-0.015104432940039159,1.6856406609787296,0.79899428141122,26.0,4.884615384615385,linear coefficients + intercept,{}
795,f_regression,ExtraTree-tiny,25,-0.021524653279783923,1.690962835854372,0.9917726326936677,15.0,8.466666666666667,"single tree, 15 nodes","{'max_depth': 4, 'min_samples_leaf': 10}"
796,rfe_ridge,ElasticNetCV,25,-0.025088193196668884,1.6939096896086479,0.8632696000684631,26.0,4.884615384615385,linear coefficients + intercept,{}
797,correlation,LassoLars,25,-0.03171061409469522,1.6993724993502757,1.034958690056282,26.0,4.884615384615385,linear coefficients + intercept,{'alpha': 1}
798,lasso,Dummy-baseline,25,-0.03171061409469522,1.6993724993502757,1.034958690056282,1.0,127.0,constant baseline,{}
799,lasso,LassoLars,25,-0.03171061409469522,1.6993724993502757,1.034958690056282,26.0,4.884615384615385,linear coefficients + intercept,{'alpha': 1}
800,f_regression,Dummy-baseline,25,-0.03171061409469522,1.6993724993502757,1.034958690056282,1.0,127.0,constant baseline,{}
801,correlation,Lasso,25,-0.03171061409469522,1.6993724993502757,1.034958690056282,26.0,4.884615384615385,linear coefficients + intercept,{'alpha': 1}
802,f_regression,Lasso,25,-0.03171061409469522,1.6993724993502757,1.034958690056282,26.0,4.884615384615385,linear coefficients + intercept,{'alpha': 1}
803,lasso,Lasso,25,-0.03171061409469522,1.6993724993502757,1.034958690056282,26.0,4.884615384615385,linear coefficients + intercept,{'alpha': 1}
804,correlation,Dummy-baseline,25,-0.03171061409469522,1.6993724993502757,1.034958690056282,1.0,127.0,constant baseline,{}
805,f_regression,LassoLars,25,-0.03171061409469522,1.6993724993502757,1.034958690056282,26.0,4.884615384615385,linear coefficients + intercept,{'alpha': 1}
806,rfe_ridge,Dummy-baseline,25,-0.03171061409469522,1.6993724993502757,1.034958690056282,1.0,127.0,constant baseline,{}
807,mutual_info,Dummy-baseline,25,-0.03171061409469522,1.6993724993502757,1.034958690056282,1.0,127.0,constant baseline,{}
808,rf_importance,Dummy-baseline,25,-0.03171061409469522,1.6993724993502757,1.034958690056282,1.0,127.0,constant baseline,{}
809,mutual_info,Lasso,25,-0.03171061409469522,1.6993724993502757,1.034958690056282,26.0,4.884615384615385,linear coefficients + intercept,{'alpha': 1}
810,mutual_info,LassoLars,25,-0.03171061409469522,1.6993724993502757,1.034958690056282,26.0,4.884615384615385,linear coefficients + intercept,{'alpha': 1}
811,mutual_info,ElasticNet,25,-0.03171061409469522,1.6993724993502757,1.034958690056282,26.0,4.884615384615385,linear coefficients + intercept,"{'alpha': 1, 'l1_ratio': 0.8}"
812,rf_importance,OrthogonalMatchingPursuitCV,25,-0.0374726316856957,1.7041113188069548,1.0629085229592483,26.0,4.884615384615385,linear coefficients + intercept,{}
813,rfe_ridge,LassoCV,25,-0.052816691537606486,1.7166668371479223,0.8621558139447463,26.0,4.884615384615385,linear coefficients + intercept,{}
814,rfe_ridge,HuberRegressor,25,-0.05743809986049331,1.7204304227095448,0.8499527584119896,26.0,4.884615384615385,linear coefficients + intercept,"{'alpha': 0.1, 'epsilon': 1.2}"
815,rfe_ridge,LassoLarsCV,25,-0.060458016717090945,1.7228853430731703,0.8658516057989862,26.0,4.884615384615385,linear coefficients + intercept,{}
816,rfe_ridge,OrthogonalMatchingPursuitCV,25,-0.10992715549974164,1.762612619269512,1.1202527302242695,26.0,4.884615384615385,linear coefficients + intercept,{}
817,rfe_ridge,ElasticNet,25,-0.11815607418475937,1.7691344938854532,0.9937008647947788,26.0,4.884615384615385,linear coefficients + intercept,"{'alpha': 0.01, 'l1_ratio': 0.2}"
818,correlation,ExtraTree-tiny,25,-0.1338964522782069,1.7815431055455118,1.0868032383612627,9.0,14.11111111111111,"single tree, 9 nodes","{'max_depth': 3, 'min_samples_leaf': 10}"
819,rfe_ridge,RANSACRegressor,25,-0.25963674695593775,1.87772633572038,0.9431158713705867,26.0,4.884615384615385,RANSAC inlier-fitted LinearRegression,{}
820,mutual_info,PassiveAggressiveRegressor,25,-0.36315629626527524,1.953360779636589,0.998502620630277,26.0,4.884615384615385,linear coefficients + intercept,{'C': 0.1}
821,rfe_ridge,PassiveAggressiveRegressor,25,-0.40616935693826894,1.9839396239997102,1.0896524568066293,26.0,4.884615384615385,linear coefficients + intercept,{'C': 1}
822,mutual_info,HuberRegressor,25,-0.5036406794548558,2.0515479400056966,0.7459909425979527,26.0,4.884615384615385,linear coefficients + intercept,"{'alpha': 0.1, 'epsilon': 1.2}"
823,rf_importance,KernelRidge,25,-0.5046910780123852,2.052264390023637,0.9385273361249263,14.800770950821134,8.580634104938577,krr_effective_dof: trace(K(K+alpha*I)^-1),"{'alpha': 1, 'gamma': 0.01}"
824,rfe_ridge,OrthogonalMatchingPursuit,25,-0.520217509365918,2.0628255492203835,1.065161722420824,26.0,4.884615384615385,linear coefficients + intercept,{'n_nonzero_coefs': 3}
825,mutual_info,SmallMLP,25,-0.592008325673735,2.1109711788377172,1.2913410032004222,217.0,0.5852534562211982,"layers (8,)","{'alpha': 0.1, 'hidden_layer_sizes': (8,)}"
826,f_regression,KernelRidge,25,-0.6070904577036604,2.1209469104964414,0.9504525172086048,15.421757291142459,8.235118579705757,krr_effective_dof: trace(K(K+alpha*I)^-1),"{'alpha': 1, 'gamma': 0.01}"
827,correlation,KernelRidge,25,-0.6070904577036607,2.1209469104964414,0.9504525172086055,15.421757291142459,8.235118579705757,krr_effective_dof: trace(K(K+alpha*I)^-1),"{'alpha': 1, 'gamma': 0.01}"
828,lasso,KernelRidge,25,-0.6532479539903437,2.151189322335945,1.0046086035316737,35.886773456202775,3.538908287617285,krr_effective_dof: trace(K(K+alpha*I)^-1),"{'alpha': 0.1, 'gamma': 0.01}"
829,mutual_info,LinearSVR,25,-0.6541727421765251,2.1517909006833884,0.7488303612135632,26.0,4.884615384615385,linear coefficients + intercept,"{'C': 10, 'epsilon': 0.01}"
830,mutual_info,RANSACRegressor,25,-1.032504158168385,2.385203060798125,1.3229493268423023,26.0,4.884615384615385,RANSAC inlier-fitted LinearRegression,{}
831,rfe_ridge,LarsCV,25,-1.4121441531122936,2.598431460094097,1.1562343516989415,26.0,4.884615384615385,linear coefficients + intercept,{}
832,lasso,LinearRegression,25,-1.7764932644219877,2.7877764737045565,1.1819035404452378,26.0,4.884615384615385,linear coefficients + intercept,{}
833,lasso,RidgeCV,25,-2.0670035706268926,2.9299943129173327,1.1876138901035533,26.0,4.884615384615385,linear coefficients + intercept,{}
834,rfe_ridge,SmallMLP,25,-3.0788212327256934,3.378912708729714,1.545662581501986,217.0,0.5852534562211982,"layers (8,)","{'alpha': 1.0, 'hidden_layer_sizes': (8,)}"
835,lasso,ElasticNet,25,-4.175390168424393,3.8061086784044926,1.3095227059880807,26.0,4.884615384615385,linear coefficients + intercept,"{'alpha': 1, 'l1_ratio': 0.8}"
836,f_regression,LinearRegression,25,-43.79345638935758,11.197393078736722,2.058399629828027,26.0,4.884615384615385,linear coefficients + intercept,{}
837,correlation,LinearRegression,25,-43.79345638935842,11.197393078736827,2.0583996298280383,26.0,4.884615384615385,linear coefficients + intercept,{}
838,f_regression,TweedieRegressor,25,-113.47638053676147,17.90059972490273,2.6771646117580743,26.0,4.884615384615385,linear coefficients + intercept,{'alpha': 1}
839,correlation,TweedieRegressor,25,-113.47638053676147,17.90059972490273,2.6771646117580743,26.0,4.884615384615385,linear coefficients + intercept,{'alpha': 1}
840,f_regression,PassiveAggressiveRegressor,25,-159.83696208940174,21.217908261447644,2.931345655617057,26.0,4.884615384615385,linear coefficients + intercept,{'C': 0.1}
841,correlation,PassiveAggressiveRegressor,25,-159.83696208940205,21.21790826144766,2.9313456556170583,26.0,4.884615384615385,linear coefficients + intercept,{'C': 0.1}
842,lasso,RANSACRegressor,25,-174.3880109039641,22.15693011867535,3.511008362914889,26.0,4.884615384615385,RANSAC inlier-fitted LinearRegression,{}
843,rf_importance,LinearRegression,25,-176.94416776650397,22.317806906344867,2.965093678843384,26.0,4.884615384615385,linear coefficients + intercept,{}
844,correlation,LassoLarsIC,25,-178.46842303606275,22.413189341821038,3.1114700930666874,26.0,4.884615384615385,linear coefficients + intercept,{}
845,f_regression,LassoLarsIC,25,-178.46842303606385,22.41318934182111,3.111470093066695,26.0,4.884615384615385,linear coefficients + intercept,{}
846,rf_importance,LassoLarsIC,25,-191.6547353911203,23.221992515412644,3.0740405340385775,26.0,4.884615384615385,linear coefficients + intercept,{}
847,correlation,Ridge,25,-209.16496038468694,24.254358455820498,3.2997626753214657,26.0,4.884615384615385,linear coefficients + intercept,{'alpha': 50}
848,f_regression,Ridge,25,-209.16496038468702,24.2543584558205,3.2997626753214657,26.0,4.884615384615385,linear coefficients + intercept,{'alpha': 50}
849,rf_importance,RidgeCV,25,-214.0777622001739,24.536204980861225,3.1461176854839965,26.0,4.884615384615385,linear coefficients + intercept,{}
850,lasso,TweedieRegressor,25,-237.18146363220595,25.82043867646806,3.4445844074549266,26.0,4.884615384615385,linear coefficients + intercept,{'alpha': 1}
851,f_regression,RidgeCV,25,-282.8771036229533,28.1886851825019,3.661049805479706,26.0,4.884615384615385,linear coefficients + intercept,{}
852,correlation,RidgeCV,25,-282.8771036229774,28.188685182503097,3.661049805479817,26.0,4.884615384615385,linear coefficients + intercept,{}
853,f_regression,PLS,25,-292.2616611336833,28.650834877890997,3.798862260768327,4.0,31.75,3 latent components (true PLS dimensionality),{'n_components': 3}
854,correlation,PLS,25,-292.2616611336834,28.650834877891004,3.798862260768327,4.0,31.75,3 latent components (true PLS dimensionality),{'n_components': 3}
855,f_regression,BayesianRidge,25,-297.7548118383792,28.917922604299008,3.7424029437026833,26.0,4.884615384615385,linear coefficients + intercept,{}
856,correlation,BayesianRidge,25,-297.7548118383843,28.917922604299253,3.7424029437027073,26.0,4.884615384615385,linear coefficients + intercept,{}
857,correlation,LinearSVR,25,-342.4997082013451,31.00793341822804,3.8550632143132906,26.0,4.884615384615385,linear coefficients + intercept,"{'C': 10, 'epsilon': 0.1}"
858,f_regression,LinearSVR,25,-342.49970820135246,31.007933418228372,3.855063214313324,26.0,4.884615384615385,linear coefficients + intercept,"{'C': 10, 'epsilon': 0.1}"
859,rf_importance,TweedieRegressor,25,-395.7482460769539,33.32476874676256,4.046333116590516,26.0,4.884615384615385,linear coefficients + intercept,{'alpha': 0.1}
860,rf_importance,BayesianRidge,25,-401.0105341118831,33.54504302570256,4.064481218725733,26.0,4.884615384615385,linear coefficients + intercept,{}
861,rf_importance,Ridge,25,-402.0024811092247,33.58640314067578,4.060494334936907,26.0,4.884615384615385,linear coefficients + intercept,{'alpha': 10}
862,lasso,HuberRegressor,25,-433.1098194339217,34.85855990779683,4.168593491670824,26.0,4.884615384615385,linear coefficients + intercept,"{'alpha': 0.1, 'epsilon': 1.5}"
863,lasso,Ridge,25,-436.472859567696,34.99332369327008,4.347339434265194,26.0,4.884615384615385,linear coefficients + intercept,{'alpha': 50}
864,correlation,HuberRegressor,25,-498.93308279323395,37.408093505517726,4.456060834127916,26.0,4.884615384615385,linear coefficients + intercept,"{'alpha': 0.1, 'epsilon': 1.5}"
865,f_regression,HuberRegressor,25,-498.9336059179017,37.408113077228464,4.458119108347122,26.0,4.884615384615385,linear coefficients + intercept,"{'alpha': 0.1, 'epsilon': 1.5}"
866,correlation,SGDRegressor,25,-500.0323113707415,37.44919647354639,4.590485393635994,26.0,4.884615384615385,linear coefficients + intercept,"{'alpha': 0.01, 'penalty': 'l2'}"
867,f_regression,SGDRegressor,25,-500.0323113707419,37.44919647354641,4.590485393635995,26.0,4.884615384615385,linear coefficients + intercept,"{'alpha': 0.01, 'penalty': 'l2'}"
868,rf_importance,PLS,25,-504.3614324289714,37.61063657045363,4.534345944816755,6.0,21.166666666666668,5 latent components (true PLS dimensionality),{'n_components': 5}
869,rf_importance,SGDRegressor,25,-507.4603035889046,37.72577435459901,4.484316687909828,26.0,4.884615384615385,linear coefficients + intercept,"{'alpha': 0.01, 'penalty': 'l2'}"
870,rf_importance,PassiveAggressiveRegressor,25,-603.302787099407,41.127937911355424,5.010052445440342,26.0,4.884615384615385,linear coefficients + intercept,{'C': 1}
871,lasso,PLS,25,-651.2827743181938,42.7294784040901,5.201901531788104,3.0,42.333333333333336,2 latent components (true PLS dimensionality),{'n_components': 2}
872,rf_importance,LinearSVR,25,-694.926352567805,44.135827919940034,5.0699694809511415,26.0,4.884615384615385,linear coefficients + intercept,"{'C': 10, 'epsilon': 0.1}"
873,rf_importance,RANSACRegressor,25,-706.9018859896486,44.513953858056546,5.823059675117141,26.0,4.884615384615385,RANSAC inlier-fitted LinearRegression,{}
874,lasso,BayesianRidge,25,-786.2268753273515,46.94178421068028,5.509803604871049,26.0,4.884615384615385,linear coefficients + intercept,{}
875,rf_importance,HuberRegressor,25,-822.6790855256484,48.016296069673935,5.470405506646668,26.0,4.884615384615385,linear coefficients + intercept,"{'alpha': 0.1, 'epsilon': 1.35}"
876,lasso,LassoLarsIC,25,-1030.6007576851514,53.736015779585614,6.2230071384411705,26.0,4.884615384615385,linear coefficients + intercept,{}
877,lasso,SGDRegressor,25,-1112.9215737623688,55.83891155708965,6.4105668562790274,26.0,4.884615384615385,linear coefficients + intercept,"{'alpha': 0.01, 'penalty': 'l2'}"
878,lasso,PassiveAggressiveRegressor,25,-1367.7660604822956,61.89766277896481,7.062998318339714,26.0,4.884615384615385,linear coefficients + intercept,{'C': 0.1}
879,lasso,OrthogonalMatchingPursuit,25,-1446.366458992138,63.6500704485523,7.193254983323886,26.0,4.884615384615385,linear coefficients + intercept,{'n_nonzero_coefs': 3}
880,lasso,LinearSVR,25,-1592.8411712020782,66.79318562509705,7.348838854370814,26.0,4.884615384615385,linear coefficients + intercept,"{'C': 1, 'epsilon': 0.1}"
881,lasso,OrthogonalMatchingPursuitCV,25,-1626.4309258935816,67.49333977705746,7.647856312484441,26.0,4.884615384615385,linear coefficients + intercept,{}
882,correlation,RANSACRegressor,25,-2400.535791414525,81.98873171875357,9.193368497409002,26.0,4.884615384615385,RANSAC inlier-fitted LinearRegression,{}
883,f_regression,RANSACRegressor,25,-2400.5357914145293,81.98873171875364,9.193368497408796,26.0,4.884615384615385,RANSAC inlier-fitted LinearRegression,{}
884,correlation,SmallMLP,25,-2664.442205271861,86.37623534795677,10.731959768845279,217.0,0.5852534562211982,"layers (8,)","{'alpha': 1.0, 'hidden_layer_sizes': (8,)}"
885,lasso,SmallMLP,25,-6254.803827771239,132.32783201943343,14.838633272892826,217.0,0.5852534562211982,"layers (8,)","{'alpha': 1.0, 'hidden_layer_sizes': (8,)}"
886,rf_importance,SmallMLP,25,-7465.093192187913,144.5627295922584,15.727569109373816,217.0,0.5852534562211982,"layers (8,)","{'alpha': 1.0, 'hidden_layer_sizes': (8,)}"
887,f_regression,SmallMLP,25,-18442.866813310662,227.21428146996945,24.22689536202259,217.0,0.5852534562211982,"layers (8,)","{'alpha': 0.1, 'hidden_layer_sizes': (8,)}"
888,lasso,GradientBoosting-tiny,30,0.530844015498185,1.145956854993013,0.5740271942046068,668.0,0.19011976047904192,"100 stages, 668 total nodes","{'learning_rate': 0.1, 'max_depth': 2, 'n_estimators': 100}"
889,mutual_info,GradientBoosting-tiny,30,0.5098498923380993,1.171316302229283,0.5540469044052038,1390.0,0.09136690647482014,"100 stages, 1390 total nodes","{'learning_rate': 0.05, 'max_depth': 3, 'n_estimators': 100}"
890,rf_importance,GradientBoosting-tiny,30,0.5030978198020357,1.179356453106443,0.6007127853316565,328.0,0.3871951219512195,"50 stages, 328 total nodes","{'learning_rate': 0.05, 'max_depth': 2, 'n_estimators': 50}"
891,mutual_info,LinearRegression,30,0.48375117891319896,1.202096058183522,0.7236172975117376,31.0,4.096774193548387,linear coefficients + intercept,{}
892,mutual_info,KernelRidge,30,0.4821422602848159,1.2039678011226778,0.7567416348301158,16.66427489187368,7.6210936763850095,krr_effective_dof: trace(K(K+alpha*I)^-1),"{'alpha': 1, 'gamma': 0.01}"
893,correlation,LightGBM-tiny,30,0.4810073234101655,1.205286386809838,0.6060990552052081,922.0,0.13774403470715835,"100 boosting trees, ~922 total nodes (leaf-based estimate)","{'learning_rate': 0.1, 'max_depth': 3, 'n_estimators': 100, 'num_leaves': 7}"
894,rf_importance,LightGBM-tiny,30,0.47389107423060806,1.2135214900049192,0.6402195036822669,600.0,0.21166666666666667,"100 boosting trees, ~600 total nodes (leaf-based estimate)","{'learning_rate': 0.1, 'max_depth': 2, 'n_estimators': 100, 'num_leaves': 7}"
895,lasso,LightGBM-tiny,30,0.4728488752768678,1.2147228620409156,0.6323183380994349,948.0,0.1339662447257384,"100 boosting trees, ~948 total nodes (leaf-based estimate)","{'learning_rate': 0.1, 'max_depth': 3, 'n_estimators': 100, 'num_leaves': 7}"
896,f_regression,LightGBM-tiny,30,0.47259336697367815,1.2150172123352192,0.620610286358948,922.0,0.13774403470715835,"100 boosting trees, ~922 total nodes (leaf-based estimate)","{'learning_rate': 0.1, 'max_depth': 3, 'n_estimators': 100, 'num_leaves': 7}"
897,rfe_ridge,LightGBM-tiny,30,0.4649274639316756,1.2238155489757396,0.6467631229034759,974.0,0.13039014373716631,"100 boosting trees, ~974 total nodes (leaf-based estimate)","{'learning_rate': 0.1, 'max_depth': 3, 'n_estimators': 100, 'num_leaves': 7}"
898,mutual_info,OrthogonalMatchingPursuit,30,0.4570371005977315,1.2328059286053665,0.8733576528038889,31.0,4.096774193548387,linear coefficients + intercept,{'n_nonzero_coefs': 5}
899,rfe_ridge,KernelRidge,30,0.44022246696820455,1.251749332607833,0.7373601659206149,38.73169544823284,3.2789682592062843,krr_effective_dof: trace(K(K+alpha*I)^-1),"{'alpha': 0.1, 'gamma': 0.01}"
900,mutual_info,KNN,30,0.43920403535776187,1.252887500633264,0.6002588840750316,127.0,1.0,non-parametric: stores all 127 training points,"{'n_neighbors': 3, 'weights': 'distance'}"
901,rfe_ridge,HuberRegressor,30,0.4064692140739299,1.28893572714908,0.6781228424494454,31.0,4.096774193548387,linear coefficients + intercept,"{'alpha': 0.1, 'epsilon': 1.5}"
902,mutual_info,LightGBM-tiny,30,0.40452495226713125,1.2910451203224202,0.6636133843319089,916.0,0.13864628820960698,"100 boosting trees, ~916 total nodes (leaf-based estimate)","{'learning_rate': 0.1, 'max_depth': 3, 'n_estimators': 100, 'num_leaves': 7}"
903,rfe_ridge,GradientBoosting-tiny,30,0.4021404541507285,1.2936274442770355,0.6749952000822498,684.0,0.18567251461988304,"100 stages, 684 total nodes","{'learning_rate': 0.1, 'max_depth': 2, 'n_estimators': 100}"
904,rf_importance,HistGradientBoosting-tiny,30,0.3859412282459611,1.3110359672781777,0.7490644429829243,780.0,0.16282051282051282,"100 stages, 780 total nodes","{'learning_rate': 0.05, 'max_depth': 3, 'min_samples_leaf': 20}"
905,mutual_info,GaussianProcess,30,0.3767769514435221,1.3207827548196303,0.5807232443468155,62.92992091381516,2.0181179025146267,gp_effective_dof: trace(K(K+sigma^2*I)^-1),{'kernel': 1**2 * RBF(length_scale=1) + WhiteKernel(noise_level=0.5)}
906,f_regression,GradientBoosting-tiny,30,0.3711353918420758,1.3267473030466206,0.6146071393131622,1360.0,0.09338235294117647,"100 stages, 1360 total nodes","{'learning_rate': 0.1, 'max_depth': 3, 'n_estimators': 100}"
907,mutual_info,NuSVR,30,0.36762600862226313,1.3304441138733696,0.5738095343045139,113.0,1.1238938053097345,113 support vectors (of 127 training points),"{'C': 1, 'nu': 0.7}"
908,correlation,GradientBoosting-tiny,30,0.36506819569765725,1.3331320746489541,0.6198482998215861,1330.0,0.09548872180451128,"100 stages, 1330 total nodes","{'learning_rate': 0.05, 'max_depth': 3, 'n_estimators': 100}"
909,mutual_info,PassiveAggressiveRegressor,30,0.3585041440005531,1.3400054484599395,0.8756226735063033,31.0,4.096774193548387,linear coefficients + intercept,{'C': 0.1}
910,rfe_ridge,GaussianProcess,30,0.3534628069528185,1.3452605087275464,0.5583319529564483,53.47168871569666,2.375088631953362,gp_effective_dof: trace(K(K+sigma^2*I)^-1),{'kernel': 1**2 * RBF(length_scale=1) + WhiteKernel(noise_level=0.5)}
911,rf_importance,Bagging-tiny,30,0.34674486201682553,1.3522315161255989,0.7296640353965499,238.0,0.5336134453781513,"20 trees, 238 total nodes","{'max_samples': 0.7, 'n_estimators': 20}"
912,lasso,HistGradientBoosting-tiny,30,0.34520564592757685,1.3538236596691535,0.7745567025657202,566.0,0.22438162544169613,"100 stages, 566 total nodes","{'learning_rate': 0.05, 'max_depth': 2, 'min_samples_leaf': 20}"
913,mutual_info,RandomForest-tiny,30,0.3437483729451859,1.35532931878292,0.7052673296139697,2230.0,0.056950672645739914,"200 trees, 2230 total nodes","{'max_depth': 3, 'min_samples_leaf': 3, 'n_estimators': 200}"
914,rf_importance,OrthogonalMatchingPursuit,30,0.34142613188029647,1.3577252152675907,0.9043399069330854,31.0,4.096774193548387,linear coefficients + intercept,{'n_nonzero_coefs': 3}
915,mutual_info,SVR-RBF,30,0.3366393073723064,1.3626505741216264,0.5904230553851101,105.0,1.2095238095238094,105 support vectors (of 127 training points),"{'C': 1, 'epsilon': 0.05, 'gamma': 'scale'}"
916,lasso,Bagging-tiny,30,0.3354590902030343,1.3638622142893642,0.7881541045314555,222.0,0.5720720720720721,"20 trees, 222 total nodes","{'max_samples': 0.7, 'n_estimators': 20}"
917,mutual_info,DecisionTree-tiny,30,0.33002165318745447,1.3694305749539477,0.7353151487963536,13.0,9.76923076923077,"single tree, 13 nodes","{'max_depth': 4, 'min_samples_leaf': 10}"
918,rf_importance,DecisionTree-tiny,30,0.32897504716796955,1.3704997848675269,0.7556786001155203,13.0,9.76923076923077,"single tree, 13 nodes","{'max_depth': 4, 'min_samples_leaf': 10}"
919,mutual_info,Bagging-tiny,30,0.3288129959561603,1.3706652613844277,0.7322264914049287,232.0,0.5474137931034483,"20 trees, 232 total nodes","{'max_samples': 0.7, 'n_estimators': 20}"
920,rf_importance,RandomForest-tiny,30,0.326279042903326,1.3732501814252218,0.7063911578307354,1040.0,0.12211538461538461,"100 trees, 1040 total nodes","{'max_depth': 3, 'min_samples_leaf': 3, 'n_estimators': 100}"
921,rfe_ridge,NuSVR,30,0.32113635354446735,1.3784814075783323,0.5895358506061373,127.0,1.0,127 support vectors (of 127 training points),"{'C': 50, 'nu': 0.7}"
922,rfe_ridge,LinearSVR,30,0.3162224358839688,1.3834614433248575,0.673754732792642,31.0,4.096774193548387,linear coefficients + intercept,"{'C': 10, 'epsilon': 0.1}"
923,f_regression,HistGradientBoosting-tiny,30,0.30979514520673257,1.3899482832404824,0.7254199673684902,838.0,0.1515513126491647,"100 stages, 838 total nodes","{'learning_rate': 0.05, 'max_depth': 3, 'min_samples_leaf': 10}"
924,rfe_ridge,BayesianRidge,30,0.30765401648984414,1.3921025376487441,0.694083981070192,31.0,4.096774193548387,linear coefficients + intercept,{}
925,correlation,HistGradientBoosting-tiny,30,0.30552560867772727,1.3942406942196213,0.7260387110771758,838.0,0.1515513126491647,"100 stages, 838 total nodes","{'learning_rate': 0.05, 'max_depth': 3, 'min_samples_leaf': 10}"
926,f_regression,Bagging-tiny,30,0.30452313308367107,1.3952466263722418,0.786600316148791,604.0,0.21026490066225165,"50 trees, 604 total nodes","{'max_samples': 1.0, 'n_estimators': 50}"
927,mutual_info,HuberRegressor,30,0.3035523212775113,1.3962200947931664,0.653854402445005,31.0,4.096774193548387,linear coefficients + intercept,"{'alpha': 0.1, 'epsilon': 1.2}"
928,mutual_info,ExtraTrees-tiny,30,0.30072752803673963,1.3990487652339971,0.7785638442659238,980.0,0.12959183673469388,"100 trees, 980 total nodes","{'max_depth': 3, 'min_samples_leaf': 10, 'n_estimators': 100}"
929,mutual_info,HistGradientBoosting-tiny,30,0.3005485947229384,1.3992277515587028,0.7821701608028773,798.0,0.15914786967418545,"100 stages, 798 total nodes","{'learning_rate': 0.05, 'max_depth': 3, 'min_samples_leaf': 20}"
930,rf_importance,GaussianProcess,30,0.29716134625983726,1.4026116948953398,0.6547705506158765,58.33441834096011,2.177102362754265,gp_effective_dof: trace(K(K+sigma^2*I)^-1),{'kernel': 1**2 * RBF(length_scale=1) + WhiteKernel(noise_level=0.5)}
931,f_regression,RandomForest-tiny,30,0.2971130435289935,1.402659891455691,0.7594591630322425,936.0,0.13568376068376067,"100 trees, 936 total nodes","{'max_depth': 3, 'min_samples_leaf': 5, 'n_estimators': 100}"
932,lasso,GaussianProcess,30,0.2947670102897688,1.4049987778379875,0.6316118695107873,66.23338431928686,1.9174620367846458,gp_effective_dof: trace(K(K+sigma^2*I)^-1),"{'kernel': 1**2 * RationalQuadratic(alpha=1, length_scale=1) + WhiteKernel(noise_level=0.5)}"
933,rf_importance,ExtraTrees-tiny,30,0.29354768888609994,1.4062128484043632,0.7888026519008451,1868.0,0.06798715203426124,"200 trees, 1868 total nodes","{'max_depth': 3, 'min_samples_leaf': 10, 'n_estimators': 200}"
934,lasso,RandomForest-tiny,30,0.29278024400604186,1.406976451199494,0.7727991374530545,902.0,0.14079822616407983,"100 trees, 902 total nodes","{'max_depth': 3, 'min_samples_leaf': 5, 'n_estimators': 100}"
935,correlation,RandomForest-tiny,30,0.2903744512056956,1.4093675184904892,0.747858875761781,936.0,0.13568376068376067,"100 trees, 936 total nodes","{'max_depth': 3, 'min_samples_leaf': 5, 'n_estimators': 100}"
936,rf_importance,SVR-RBF,30,0.28745478767006427,1.412263873552717,0.6352319523961694,110.0,1.1545454545454545,110 support vectors (of 127 training points),"{'C': 1, 'epsilon': 0.05, 'gamma': 'scale'}"
937,rfe_ridge,HistGradientBoosting-tiny,30,0.2851271653943849,1.4145686653322591,0.758142032233163,878.0,0.14464692482915717,"100 stages, 878 total nodes","{'learning_rate': 0.05, 'max_depth': 3, 'min_samples_leaf': 10}"
938,rfe_ridge,Bagging-tiny,30,0.283622154624357,1.41605691725938,0.7638217012107276,230.0,0.5521739130434783,"20 trees, 230 total nodes","{'max_samples': 1.0, 'n_estimators': 20}"
939,rfe_ridge,RandomForest-tiny,30,0.2794278115109512,1.4201963251420926,0.7452696383060031,946.0,0.13424947145877378,"100 trees, 946 total nodes","{'max_depth': 3, 'min_samples_leaf': 5, 'n_estimators': 100}"
940,rfe_ridge,SVR-RBF,30,0.27746561572825834,1.4221286844112662,0.6151205129796343,107.0,1.1869158878504673,107 support vectors (of 127 training points),"{'C': 1, 'epsilon': 0.05, 'gamma': 0.1}"
941,rf_importance,NuSVR,30,0.27612576055424476,1.4234466590148185,0.629359555441529,114.0,1.1140350877192982,114 support vectors (of 127 training points),"{'C': 1, 'nu': 0.7}"
942,correlation,SVR-RBF,30,0.27579054018814064,1.42377621424261,0.6250394475345756,112.0,1.1339285714285714,112 support vectors (of 127 training points),"{'C': 1, 'epsilon': 0.05, 'gamma': 'scale'}"
943,f_regression,SVR-RBF,30,0.27579054018814064,1.42377621424261,0.625039447534576,112.0,1.1339285714285714,112 support vectors (of 127 training points),"{'C': 1, 'epsilon': 0.05, 'gamma': 'scale'}"
944,correlation,Bagging-tiny,30,0.2752959174795768,1.4242623386879372,0.7859150347355611,228.0,0.5570175438596491,"20 trees, 228 total nodes","{'max_samples': 0.7, 'n_estimators': 20}"
945,f_regression,NuSVR,30,0.2718176517653842,1.4276761685415207,0.6356414507582452,111.0,1.1441441441441442,111 support vectors (of 127 training points),"{'C': 1, 'nu': 0.7}"
946,correlation,NuSVR,30,0.27181765176538397,1.4276761685415207,0.6356414507582451,111.0,1.1441441441441442,111 support vectors (of 127 training points),"{'C': 1, 'nu': 0.7}"
947,f_regression,ExtraTrees-tiny,30,0.26297821887294326,1.4363153371618858,0.8036372517376427,1918.0,0.0662148070907195,"200 trees, 1918 total nodes","{'max_depth': 3, 'min_samples_leaf': 10, 'n_estimators': 200}"
948,correlation,ExtraTrees-tiny,30,0.26052452140990223,1.4387042454650407,0.8142205380914624,982.0,0.12932790224032586,"100 trees, 982 total nodes","{'max_depth': 3, 'min_samples_leaf': 10, 'n_estimators': 100}"
949,rfe_ridge,ExtraTrees-tiny,30,0.2602376473722823,1.4389832857354503,0.7978113398898801,894.0,0.14205816554809844,"100 trees, 894 total nodes","{'max_depth': 3, 'min_samples_leaf': 10, 'n_estimators': 100}"
950,rfe_ridge,TweedieRegressor,30,0.2566612627442342,1.4424574775838366,0.7203890774234389,31.0,4.096774193548387,linear coefficients + intercept,{'alpha': 0.01}
951,rfe_ridge,Ridge,30,0.2544789060482814,1.44457337001167,0.7203700359702279,31.0,4.096774193548387,linear coefficients + intercept,{'alpha': 1}
952,rfe_ridge,SGDRegressor,30,0.24953174254599142,1.449358428441371,0.7607633734247274,31.0,4.096774193548387,linear coefficients + intercept,"{'alpha': 0.01, 'penalty': 'elasticnet'}"
953,rfe_ridge,ElasticNetCV,30,0.2485541875330578,1.4503020836165716,0.711589977876986,31.0,4.096774193548387,linear coefficients + intercept,{}
954,rfe_ridge,RidgeCV,30,0.2482508825419535,1.4505947457585424,0.7153140468596535,31.0,4.096774193548387,linear coefficients + intercept,{}
955,rf_importance,KNN,30,0.23700338306720325,1.4614061907865157,0.6353011024915236,127.0,1.0,non-parametric: stores all 127 training points,"{'n_neighbors': 3, 'weights': 'distance'}"
956,rfe_ridge,PLS,30,0.22681077875354416,1.4711350140726784,0.8355944479917126,8.0,15.875,7 latent components (true PLS dimensionality),{'n_components': 7}
957,f_regression,ExtraTree-tiny,30,0.22581155694948407,1.4720853089797954,0.9617421370688861,9.0,14.11111111111111,"single tree, 9 nodes","{'max_depth': 3, 'min_samples_leaf': 10}"
958,rfe_ridge,LassoLarsIC,30,0.22250372368090776,1.4752268067414755,0.7129112773950036,31.0,4.096774193548387,linear coefficients + intercept,{}
959,mutual_info,Ridge,30,0.21778150011930164,1.4797000146795174,0.8501771494035003,31.0,4.096774193548387,linear coefficients + intercept,{'alpha': 50}
960,f_regression,LassoLarsCV,30,0.20916413708568438,1.4878282972226327,0.9107479282609682,31.0,4.096774193548387,linear coefficients + intercept,{}
961,correlation,LassoLarsCV,30,0.20916413708568293,1.487828297222634,0.9107479282609687,31.0,4.096774193548387,linear coefficients + intercept,{}
962,rfe_ridge,LinearRegression,30,0.20904611715306465,1.487939310678753,0.7335911174984486,31.0,4.096774193548387,linear coefficients + intercept,{}
963,f_regression,LassoCV,30,0.2044502325292158,1.4922559292416888,0.9115606020167656,31.0,4.096774193548387,linear coefficients + intercept,{}
964,correlation,LassoCV,30,0.20440232231536093,1.4923008624609893,0.9115743724931068,31.0,4.096774193548387,linear coefficients + intercept,{}
965,rfe_ridge,ExtraTree-tiny,30,0.20023209389178842,1.4962067950550701,0.9044653912723016,5.0,25.4,"single tree, 5 nodes","{'max_depth': 2, 'min_samples_leaf': 10}"
966,mutual_info,LassoLarsIC,30,0.19895918149976088,1.49739700470264,0.7319293130265911,31.0,4.096774193548387,linear coefficients + intercept,{}
967,f_regression,ElasticNetCV,30,0.19685681426340385,1.4993607095901254,0.9090232768877072,31.0,4.096774193548387,linear coefficients + intercept,{}
968,correlation,ElasticNetCV,30,0.196832174197084,1.499383709264793,0.9090106640344275,31.0,4.096774193548387,linear coefficients + intercept,{}
969,lasso,ExtraTrees-tiny,30,0.19459020897536383,1.5014749431384034,0.8482737329938975,1890.0,0.0671957671957672,"200 trees, 1890 total nodes","{'max_depth': 3, 'min_samples_leaf': 10, 'n_estimators': 200}"
970,rfe_ridge,LassoCV,30,0.1903623594535061,1.5054106422750004,0.7273457167542865,31.0,4.096774193548387,linear coefficients + intercept,{}
971,rfe_ridge,ElasticNet,30,0.19035134095067419,1.505420885940907,0.7881796127945904,31.0,4.096774193548387,linear coefficients + intercept,"{'alpha': 0.01, 'l1_ratio': 0.2}"
972,rfe_ridge,DecisionTree-tiny,30,0.18990727546118003,1.5058336661122742,0.8280339979706675,9.0,14.11111111111111,"single tree, 9 nodes","{'max_depth': 3, 'min_samples_leaf': 10}"
973,mutual_info,PLS,30,0.18789163864652636,1.507705876543486,0.9593005604478915,8.0,15.875,7 latent components (true PLS dimensionality),{'n_components': 7}
974,rfe_ridge,LassoLarsCV,30,0.18703082303139507,1.5085047311552,0.7304893682996872,31.0,4.096774193548387,linear coefficients + intercept,{}
975,rfe_ridge,AdaBoost-tiny,30,0.18669442768458488,1.5088167980226066,0.8929593953139267,125.0,1.016,"19 trees, 125 total nodes","{'learning_rate': 0.5, 'n_estimators': 30}"
976,correlation,GaussianProcess,30,0.18591866652536537,1.5095362093539328,0.6722309754486683,62.27401747885279,2.039373805345497,gp_effective_dof: trace(K(K+sigma^2*I)^-1),{'kernel': 1**2 * RBF(length_scale=1) + WhiteKernel(noise_level=0.5)}
977,f_regression,GaussianProcess,30,0.185914963450165,1.5095396426225232,0.6722321948550743,62.27401693824013,2.0393738230496914,gp_effective_dof: trace(K(K+sigma^2*I)^-1),{'kernel': 1**2 * RBF(length_scale=1) + WhiteKernel(noise_level=0.5)}
978,mutual_info,ExtraTree-tiny,30,0.18192564675850165,1.513233772781244,0.8841824401299693,17.0,7.470588235294118,"single tree, 17 nodes","{'max_depth': 4, 'min_samples_leaf': 10}"
979,mutual_info,TweedieRegressor,30,0.17964274803798386,1.515343698813136,0.8880301766965729,31.0,4.096774193548387,linear coefficients + intercept,{'alpha': 1}
980,lasso,SVR-RBF,30,0.17618360715476156,1.5185351579495925,0.7031775326564236,110.0,1.1545454545454545,110 support vectors (of 127 training points),"{'C': 1, 'epsilon': 0.05, 'gamma': 0.1}"
981,mutual_info,AdaBoost-tiny,30,0.1756758702447857,1.5190030398668006,0.8871892849344155,167.0,0.7604790419161677,"25 trees, 167 total nodes","{'learning_rate': 0.5, 'n_estimators': 30}"
982,mutual_info,OrthogonalMatchingPursuitCV,30,0.17388470276195478,1.5206524592890465,1.0051383218726262,31.0,4.096774193548387,linear coefficients + intercept,{}
983,correlation,AdaBoost-tiny,30,0.17262976288373533,1.5218070216365807,0.920307334504613,204.0,0.6225490196078431,"30 trees, 204 total nodes","{'learning_rate': 0.5, 'n_estimators': 30}"
984,mutual_info,BayesianRidge,30,0.1724974078324858,1.5219287390870444,0.763833170792376,31.0,4.096774193548387,linear coefficients + intercept,{}
985,rfe_ridge,Lasso,30,0.16961061809100086,1.5245810952540304,0.7975088215611345,31.0,4.096774193548387,linear coefficients + intercept,{'alpha': 0.01}
986,lasso,NuSVR,30,0.1685245278485923,1.5255777912699802,0.7085815914947896,81.0,1.5679012345679013,81 support vectors (of 127 training points),"{'C': 1, 'nu': 0.5}"
987,rfe_ridge,LassoLars,30,0.1684820520585344,1.52561675771974,0.7977293809115967,31.0,4.096774193548387,linear coefficients + intercept,{'alpha': 0.01}
988,rf_importance,AdaBoost-tiny,30,0.1626263859218694,1.53097913732875,0.8856202021233573,188.0,0.675531914893617,"30 trees, 188 total nodes","{'learning_rate': 0.05, 'n_estimators': 30}"
989,mutual_info,RidgeCV,30,0.16210663318047058,1.5314541983721641,0.7634021380464212,31.0,4.096774193548387,linear coefficients + intercept,{}
990,lasso,AdaBoost-tiny,30,0.15680430050580518,1.536292208681518,0.8793213100802614,318.0,0.39937106918238996,"50 trees, 318 total nodes","{'learning_rate': 0.05, 'n_estimators': 50}"
991,mutual_info,LinearSVR,30,0.15202408647366839,1.540640799802651,0.6547530919581426,31.0,4.096774193548387,linear coefficients + intercept,"{'C': 10, 'epsilon': 0.01}"
992,f_regression,KNN,30,0.14979949512369517,1.5426603449819356,0.7254931500306616,127.0,1.0,non-parametric: stores all 127 training points,"{'n_neighbors': 3, 'weights': 'distance'}"
993,correlation,KNN,30,0.14979949512369517,1.5426603449819356,0.7254931500306616,127.0,1.0,non-parametric: stores all 127 training points,"{'n_neighbors': 3, 'weights': 'distance'}"
994,mutual_info,SGDRegressor,30,0.14430537648873665,1.5476367654804515,0.8330707384320655,31.0,4.096774193548387,linear coefficients + intercept,"{'alpha': 0.01, 'penalty': 'l2'}"
995,f_regression,DecisionTree-tiny,30,0.14418218362538604,1.5477481667547224,0.907219237084594,13.0,9.76923076923077,"single tree, 13 nodes","{'max_depth': 4, 'min_samples_leaf': 10}"
996,correlation,DecisionTree-tiny,30,0.1441821836253857,1.5477481667547228,0.907219237084594,13.0,9.76923076923077,"single tree, 13 nodes","{'max_depth': 4, 'min_samples_leaf': 10}"
997,f_regression,AdaBoost-tiny,30,0.14336441572127456,1.5484874576050764,0.8984322493142414,192.0,0.6614583333333334,"30 trees, 192 total nodes","{'learning_rate': 0.05, 'n_estimators': 30}"
998,mutual_info,LarsCV,30,0.09643103252950935,1.5903411266390006,0.9533673291778537,31.0,4.096774193548387,linear coefficients + intercept,{}
999,correlation,OrthogonalMatchingPursuitCV,30,0.07744654772117177,1.606961255166442,1.0607170090237499,31.0,4.096774193548387,linear coefficients + intercept,{}
1000,rf_importance,OrthogonalMatchingPursuitCV,30,0.07744654772117177,1.606961255166442,1.0607170090237499,31.0,4.096774193548387,linear coefficients + intercept,{}
1001,f_regression,OrthogonalMatchingPursuitCV,30,0.07744654772117177,1.606961255166442,1.0607170090237499,31.0,4.096774193548387,linear coefficients + intercept,{}
1002,lasso,ExtraTree-tiny,30,0.07001068707685987,1.6134243813396216,0.9524036026780048,11.0,11.545454545454545,"single tree, 11 nodes","{'max_depth': 3, 'min_samples_leaf': 10}"
1003,correlation,ExtraTree-tiny,30,0.05934599640676608,1.6226490159601408,0.9696820349746649,13.0,9.76923076923077,"single tree, 13 nodes","{'max_depth': 4, 'min_samples_leaf': 10}"
1004,lasso,LassoLarsCV,30,0.05397687169430909,1.6272733561706745,0.9498261778398365,31.0,4.096774193548387,linear coefficients + intercept,{}
1005,lasso,LassoCV,30,0.05291580375610605,1.6281856825445171,0.9525211534748675,31.0,4.096774193548387,linear coefficients + intercept,{}
1006,mutual_info,LassoCV,30,0.051368706002184794,1.6295149912568518,0.9873281731364436,31.0,4.096774193548387,linear coefficients + intercept,{}
1007,lasso,KNN,30,0.049656395223827365,1.6309849923619815,0.7225831748604454,127.0,1.0,non-parametric: stores all 127 training points,"{'n_neighbors': 3, 'weights': 'distance'}"
1008,rf_importance,LassoLarsCV,30,0.04951682886383013,1.631104750247798,0.9618949583060644,31.0,4.096774193548387,linear coefficients + intercept,{}
1009,rf_importance,LassoCV,30,0.049405275958836925,1.6312004642700617,0.9590273927649748,31.0,4.096774193548387,linear coefficients + intercept,{}
1010,mutual_info,LassoLarsCV,30,0.0494037514133685,1.6312017723134453,0.9906608742250815,31.0,4.096774193548387,linear coefficients + intercept,{}
1011,rf_importance,ElasticNetCV,30,0.04891462358359322,1.6316213845174687,0.9588520731573009,31.0,4.096774193548387,linear coefficients + intercept,{}
1012,rfe_ridge,KNN,30,0.044134758875040925,1.6357162615142449,0.7011310292911791,127.0,1.0,non-parametric: stores all 127 training points,"{'n_neighbors': 9, 'weights': 'distance'}"
1013,lasso,ElasticNetCV,30,0.040906064826268906,1.6384764702516705,0.9567397816757464,31.0,4.096774193548387,linear coefficients + intercept,{}
1014,mutual_info,ElasticNetCV,30,0.039095648619626555,1.6400221613121575,0.9996161380989727,31.0,4.096774193548387,linear coefficients + intercept,{}
1015,rf_importance,LarsCV,30,0.026627544106129553,1.650627829028455,0.9804141298693455,31.0,4.096774193548387,linear coefficients + intercept,{}
1016,rf_importance,ElasticNet,30,0.010115952266072314,1.6645689886851303,1.0279782907145967,31.0,4.096774193548387,linear coefficients + intercept,"{'alpha': 1, 'l1_ratio': 0.8}"
1017,lasso,DecisionTree-tiny,30,-0.0050186669070590995,1.6772457525378492,0.9403155542515397,13.0,9.76923076923077,"single tree, 13 nodes","{'max_depth': 4, 'min_samples_leaf': 10}"
1018,rfe_ridge,LarsCV,30,-0.005373867290972223,1.677542118030807,1.0106486359226592,31.0,4.096774193548387,linear coefficients + intercept,{}
1019,rfe_ridge,PassiveAggressiveRegressor,30,-0.006003217817990292,1.6780670952949406,0.8386753280332638,31.0,4.096774193548387,linear coefficients + intercept,{'C': 1}
1020,rfe_ridge,OrthogonalMatchingPursuit,30,-0.013091757522000647,1.6839687488311172,1.0523198347414748,31.0,4.096774193548387,linear coefficients + intercept,{'n_nonzero_coefs': 3}
1021,rf_importance,ExtraTree-tiny,30,-0.023387714743141608,1.6925041264046619,1.0142499337091837,11.0,11.545454545454545,"single tree, 11 nodes","{'max_depth': 4, 'min_samples_leaf': 10}"
1022,f_regression,ElasticNet,30,-0.0264165225727917,1.6950068349893201,1.0332502525444727,31.0,4.096774193548387,linear coefficients + intercept,"{'alpha': 1, 'l1_ratio': 0.8}"
1023,correlation,ElasticNet,30,-0.0264165225727917,1.6950068349893201,1.0332502525444727,31.0,4.096774193548387,linear coefficients + intercept,"{'alpha': 1, 'l1_ratio': 0.8}"
1024,correlation,Lasso,30,-0.03171061409469522,1.6993724993502757,1.034958690056282,31.0,4.096774193548387,linear coefficients + intercept,{'alpha': 1}
1025,rfe_ridge,Dummy-baseline,30,-0.03171061409469522,1.6993724993502757,1.034958690056282,1.0,127.0,constant baseline,{}
1026,lasso,Lasso,30,-0.03171061409469522,1.6993724993502757,1.034958690056282,31.0,4.096774193548387,linear coefficients + intercept,{'alpha': 1}
1027,lasso,LassoLars,30,-0.03171061409469522,1.6993724993502757,1.034958690056282,31.0,4.096774193548387,linear coefficients + intercept,{'alpha': 1}
1028,f_regression,Lasso,30,-0.03171061409469522,1.6993724993502757,1.034958690056282,31.0,4.096774193548387,linear coefficients + intercept,{'alpha': 1}
1029,correlation,LassoLars,30,-0.03171061409469522,1.6993724993502757,1.034958690056282,31.0,4.096774193548387,linear coefficients + intercept,{'alpha': 1}
1030,f_regression,LassoLars,30,-0.03171061409469522,1.6993724993502757,1.034958690056282,31.0,4.096774193548387,linear coefficients + intercept,{'alpha': 1}
1031,rf_importance,LassoLars,30,-0.03171061409469522,1.6993724993502757,1.034958690056282,31.0,4.096774193548387,linear coefficients + intercept,{'alpha': 1}
1032,mutual_info,LassoLars,30,-0.03171061409469522,1.6993724993502757,1.034958690056282,31.0,4.096774193548387,linear coefficients + intercept,{'alpha': 1}
1033,mutual_info,ElasticNet,30,-0.03171061409469522,1.6993724993502757,1.034958690056282,31.0,4.096774193548387,linear coefficients + intercept,"{'alpha': 1, 'l1_ratio': 0.8}"
1034,mutual_info,Dummy-baseline,30,-0.03171061409469522,1.6993724993502757,1.034958690056282,1.0,127.0,constant baseline,{}
1035,rf_importance,Lasso,30,-0.03171061409469522,1.6993724993502757,1.034958690056282,31.0,4.096774193548387,linear coefficients + intercept,{'alpha': 1}
1036,mutual_info,Lasso,30,-0.03171061409469522,1.6993724993502757,1.034958690056282,31.0,4.096774193548387,linear coefficients + intercept,{'alpha': 1}
1037,rf_importance,Dummy-baseline,30,-0.03171061409469522,1.6993724993502757,1.034958690056282,1.0,127.0,constant baseline,{}
1038,f_regression,Dummy-baseline,30,-0.03171061409469522,1.6993724993502757,1.034958690056282,1.0,127.0,constant baseline,{}
1039,correlation,Dummy-baseline,30,-0.03171061409469522,1.6993724993502757,1.034958690056282,1.0,127.0,constant baseline,{}
1040,lasso,Dummy-baseline,30,-0.03171061409469522,1.6993724993502757,1.034958690056282,1.0,127.0,constant baseline,{}
1041,f_regression,OrthogonalMatchingPursuit,30,-0.055855384168346234,1.7191424173490133,1.1256421230514206,31.0,4.096774193548387,linear coefficients + intercept,{'n_nonzero_coefs': 5}
1042,correlation,OrthogonalMatchingPursuit,30,-0.055855384168346234,1.7191424173490133,1.1256421230514206,31.0,4.096774193548387,linear coefficients + intercept,{'n_nonzero_coefs': 5}
1043,correlation,LarsCV,30,-0.10453617142282323,1.7583268502282197,1.0622179902456108,31.0,4.096774193548387,linear coefficients + intercept,{}
1044,f_regression,LarsCV,30,-0.10453617142283078,1.7583268502282257,1.0622179902456133,31.0,4.096774193548387,linear coefficients + intercept,{}
1045,rfe_ridge,OrthogonalMatchingPursuitCV,30,-0.12544758511663123,1.7748933956920203,1.1200609718984895,31.0,4.096774193548387,linear coefficients + intercept,{}
1046,rfe_ridge,RANSACRegressor,30,-0.4385944502806607,2.0066832560119714,1.0906089005961788,31.0,4.096774193548387,RANSAC inlier-fitted LinearRegression,{}
1047,rf_importance,KernelRidge,30,-0.591328161942563,2.1105201889150775,0.9876087522681889,16.6491339680286,7.6280243911712535,krr_effective_dof: trace(K(K+alpha*I)^-1),"{'alpha': 1, 'gamma': 0.01}"
1048,mutual_info,SmallMLP,30,-0.6290308611541306,2.1353756816791054,1.2753567383943751,129.0,0.9844961240310077,"layers (4,)","{'alpha': 1.0, 'hidden_layer_sizes': (4,)}"
1049,correlation,KernelRidge,30,-0.6302825162351238,2.136195875048208,0.9486796613696635,18.06139762546237,7.031571013140176,krr_effective_dof: trace(K(K+alpha*I)^-1),"{'alpha': 1, 'gamma': 0.01}"
1050,f_regression,KernelRidge,30,-0.6302825162351242,2.136195875048208,0.9486796613696643,18.061397625462362,7.031571013140178,krr_effective_dof: trace(K(K+alpha*I)^-1),"{'alpha': 1, 'gamma': 0.01}"
1051,lasso,KernelRidge,30,-0.8934180446293423,2.302146157575871,1.1236009807052998,39.4522177926206,3.219083922419056,krr_effective_dof: trace(K(K+alpha*I)^-1),"{'alpha': 0.1, 'gamma': 0.01}"
1052,rfe_ridge,SmallMLP,30,-2.3551845398794278,3.064557981203233,1.7589042945919973,129.0,0.9844961240310077,"layers (4,)","{'alpha': 1.0, 'hidden_layer_sizes': (4,)}"
1053,mutual_info,RANSACRegressor,30,-3.6629961240178623,3.6127853887923846,1.8758244742727626,31.0,4.096774193548387,RANSAC inlier-fitted LinearRegression,{}
1054,lasso,ElasticNet,30,-4.175390168424393,3.8061086784044926,1.3095227059880807,31.0,4.096774193548387,linear coefficients + intercept,"{'alpha': 1, 'l1_ratio': 0.8}"
1055,lasso,HuberRegressor,30,-17.580233112746264,7.211659543239671,1.521471714831081,31.0,4.096774193548387,linear coefficients + intercept,"{'alpha': 0.1, 'epsilon': 1.2}"
1056,f_regression,TweedieRegressor,30,-110.5395295556853,17.669491069960298,2.6017743429184432,31.0,4.096774193548387,linear coefficients + intercept,{'alpha': 1}
1057,correlation,TweedieRegressor,30,-110.53952955568963,17.66949106996064,2.601774342918622,31.0,4.096774193548387,linear coefficients + intercept,{'alpha': 1}
1058,correlation,HuberRegressor,30,-155.10224260530055,20.903268918316595,2.854471361220761,31.0,4.096774193548387,linear coefficients + intercept,"{'alpha': 0.1, 'epsilon': 1.2}"
1059,f_regression,HuberRegressor,30,-155.19179193817854,20.909263724599963,2.850641018090049,31.0,4.096774193548387,linear coefficients + intercept,"{'alpha': 0.1, 'epsilon': 1.2}"
1060,lasso,SmallMLP,30,-177.2205815371225,22.335134125956856,3.6310517098941735,129.0,0.9844961240310077,"layers (4,)","{'alpha': 1.0, 'hidden_layer_sizes': (4,)}"
1061,lasso,TweedieRegressor,30,-197.9004818329644,23.595411414684364,3.1837665441307608,31.0,4.096774193548387,linear coefficients + intercept,{'alpha': 1}
1062,f_regression,Ridge,30,-206.75552592813915,24.114925726140633,3.2008186619780004,31.0,4.096774193548387,linear coefficients + intercept,{'alpha': 50}
1063,correlation,Ridge,30,-206.75552592813932,24.114925726140644,3.2008186619780004,31.0,4.096774193548387,linear coefficients + intercept,{'alpha': 50}
1064,lasso,LinearRegression,30,-215.17883662753022,24.598930431790965,3.515541597454242,31.0,4.096774193548387,linear coefficients + intercept,{}
1065,lasso,LarsCV,30,-238.37303467510546,25.88494517181877,3.474140244223907,31.0,4.096774193548387,linear coefficients + intercept,{}
1066,correlation,LinearRegression,30,-242.2768073525554,26.0951615871817,3.5673106261411394,31.0,4.096774193548387,linear coefficients + intercept,{}
1067,f_regression,LinearRegression,30,-242.276807352557,26.095161587181785,3.5673106261411474,31.0,4.096774193548387,linear coefficients + intercept,{}
1068,correlation,PLS,30,-254.2687208030765,26.73058341280086,3.599523108406857,4.0,31.75,3 latent components (true PLS dimensionality),{'n_components': 3}
1069,f_regression,PLS,30,-254.26872080307655,26.730583412800865,3.599523108406856,4.0,31.75,3 latent components (true PLS dimensionality),{'n_components': 3}
1070,rf_importance,BayesianRidge,30,-259.3047611657289,26.9929712711984,3.4277241165141223,31.0,4.096774193548387,linear coefficients + intercept,{}
1071,rf_importance,TweedieRegressor,30,-260.1414193663078,27.03631618118104,3.4822114513633355,31.0,4.096774193548387,linear coefficients + intercept,{'alpha': 1}
1072,rf_importance,Ridge,30,-263.5259162347685,27.21095287876107,3.476342460087521,31.0,4.096774193548387,linear coefficients + intercept,{'alpha': 50}
1073,f_regression,PassiveAggressiveRegressor,30,-270.90659047832634,27.58795466694338,3.7008093622910945,31.0,4.096774193548387,linear coefficients + intercept,{'C': 0.01}
1074,correlation,PassiveAggressiveRegressor,30,-270.90659047832673,27.5879546669434,3.700809362291097,31.0,4.096774193548387,linear coefficients + intercept,{'C': 0.01}
1075,rf_importance,PLS,30,-277.14140378177603,27.902457654110915,3.623764008505393,3.0,42.333333333333336,2 latent components (true PLS dimensionality),{'n_components': 2}
1076,lasso,Ridge,30,-335.88445584349284,30.70790037387469,3.8853113860125283,31.0,4.096774193548387,linear coefficients + intercept,{'alpha': 50}
1077,rf_importance,SGDRegressor,30,-358.3874103794897,31.716924346344573,3.9051019702974257,31.0,4.096774193548387,linear coefficients + intercept,"{'alpha': 0.01, 'penalty': 'elasticnet'}"
1078,correlation,BayesianRidge,30,-364.4658864742936,31.98402079288435,3.996182238096425,31.0,4.096774193548387,linear coefficients + intercept,{}
1079,f_regression,BayesianRidge,30,-364.46588647429644,31.984020792884476,3.996182238096437,31.0,4.096774193548387,linear coefficients + intercept,{}
1080,correlation,RidgeCV,30,-401.2255449359745,33.55401242153117,4.1372166614928965,31.0,4.096774193548387,linear coefficients + intercept,{}
1081,f_regression,RidgeCV,30,-401.22554493599415,33.554012421531986,4.137216661493081,31.0,4.096774193548387,linear coefficients + intercept,{}
1082,rf_importance,RANSACRegressor,30,-457.95306770021966,35.84212706581375,4.88799409061472,31.0,4.096774193548387,RANSAC inlier-fitted LinearRegression,{}
1083,lasso,PassiveAggressiveRegressor,30,-491.5572955278212,37.13111704150537,4.733941134797095,31.0,4.096774193548387,linear coefficients + intercept,{'C': 0.1}
1084,lasso,PLS,30,-494.40675782364247,37.23836460476028,4.606806345849372,4.0,31.75,3 latent components (true PLS dimensionality),{'n_components': 3}
1085,lasso,BayesianRidge,30,-535.2939761236064,38.744592365071085,4.677531108916351,31.0,4.096774193548387,linear coefficients + intercept,{}
1086,lasso,RidgeCV,30,-535.2996071219238,38.74479577045269,4.70325923643803,31.0,4.096774193548387,linear coefficients + intercept,{}
1087,rf_importance,RidgeCV,30,-546.1964609767232,39.13643626142964,4.624156180869163,31.0,4.096774193548387,linear coefficients + intercept,{}
1088,rf_importance,PassiveAggressiveRegressor,30,-554.141599766801,39.419537354175006,4.8566509465176075,31.0,4.096774193548387,linear coefficients + intercept,{'C': 1}
1089,rf_importance,LinearSVR,30,-558.794830638201,39.58440108818127,4.657990791912406,31.0,4.096774193548387,linear coefficients + intercept,"{'C': 10, 'epsilon': 0.1}"
1090,correlation,SGDRegressor,30,-584.5768290518768,40.48569307793814,4.876489433882354,31.0,4.096774193548387,linear coefficients + intercept,"{'alpha': 0.01, 'penalty': 'l2'}"
1091,f_regression,SGDRegressor,30,-584.5768290518776,40.485693077938166,4.876489433882358,31.0,4.096774193548387,linear coefficients + intercept,"{'alpha': 0.01, 'penalty': 'l2'}"
1092,rf_importance,HuberRegressor,30,-616.5111184176519,41.57497793331494,4.901618208989086,31.0,4.096774193548387,linear coefficients + intercept,"{'alpha': 0.01, 'epsilon': 1.35}"
1093,correlation,LassoLarsIC,30,-641.1606427054434,42.39664385362823,5.02226178773126,31.0,4.096774193548387,linear coefficients + intercept,{}
1094,f_regression,LassoLarsIC,30,-641.1606427054436,42.396643853628234,5.02226178773126,31.0,4.096774193548387,linear coefficients + intercept,{}
1095,lasso,SGDRegressor,30,-665.846612883344,43.20386609830112,5.149289166502449,31.0,4.096774193548387,linear coefficients + intercept,"{'alpha': 0.01, 'penalty': 'l2'}"
1096,rf_importance,LassoLarsIC,30,-677.8393176784286,43.59062849081741,5.062932699933456,31.0,4.096774193548387,linear coefficients + intercept,{}
1097,rf_importance,LinearRegression,30,-757.9482994010131,46.0909577515386,5.4490771273666425,31.0,4.096774193548387,linear coefficients + intercept,{}
1098,lasso,OrthogonalMatchingPursuit,30,-765.4676145557854,46.31871914389896,5.412046628781628,31.0,4.096774193548387,linear coefficients + intercept,{'n_nonzero_coefs': 10}
1099,lasso,LinearSVR,30,-776.4534798998425,46.64948380887621,5.378233657582303,31.0,4.096774193548387,linear coefficients + intercept,"{'C': 10, 'epsilon': 0.1}"
1100,lasso,LassoLarsIC,30,-789.9503557875975,47.0526675083554,5.534041253512233,31.0,4.096774193548387,linear coefficients + intercept,{}
1101,correlation,LinearSVR,30,-960.3046574542806,51.872855989839245,5.894089610543324,31.0,4.096774193548387,linear coefficients + intercept,"{'C': 10, 'epsilon': 0.01}"
1102,f_regression,LinearSVR,30,-960.3046574543506,51.87285598984114,5.894089610543509,31.0,4.096774193548387,linear coefficients + intercept,"{'C': 10, 'epsilon': 0.01}"
1103,lasso,OrthogonalMatchingPursuitCV,30,-1626.404162718763,67.49278480927076,7.611006521554382,31.0,4.096774193548387,linear coefficients + intercept,{}
1104,correlation,RANSACRegressor,30,-1780.4683997254142,70.61528205727313,8.086957571265545,31.0,4.096774193548387,RANSAC inlier-fitted LinearRegression,{}
1105,f_regression,RANSACRegressor,30,-1780.468399725486,70.61528205727457,8.086957571265687,31.0,4.096774193548387,RANSAC inlier-fitted LinearRegression,{}
1106,lasso,RANSACRegressor,30,-3244.9278264245027,95.31890971192718,17.70017706017879,31.0,4.096774193548387,RANSAC inlier-fitted LinearRegression,{}
1107,f_regression,SmallMLP,30,-4270.734747907813,109.348234469271,12.011084440251059,129.0,0.9844961240310077,"layers (4,)","{'alpha': 1.0, 'hidden_layer_sizes': (4,)}"
1108,rf_importance,SmallMLP,30,-4364.3586802552445,110.54003640713269,12.08199705344395,129.0,0.9844961240310077,"layers (4,)","{'alpha': 0.1, 'hidden_layer_sizes': (4,)}"
1109,correlation,SmallMLP,30,-5650.52850483232,125.77449950290699,13.952966942504961,129.0,0.9844961240310077,"layers (4,)","{'alpha': 1.0, 'hidden_layer_sizes': (4,)}"
