,feature_method,model,n_features,R2,RMSE,MAE,n_params,samples_per_param,param_note,best_params
0,f_regression,LightGBM-tiny,10,0.9113032868484819,0.5077194005514385,0.32687931104688195,1124.0,0.11298932384341637,"100 boosting trees, ~1124 total nodes (leaf-based estimate)","{'learning_rate': 0.1, 'max_depth': 3, 'n_estimators': 100, 'num_leaves': 15}"
1,correlation,LightGBM-tiny,10,0.9100814098304361,0.5112045844723572,0.32893377610111557,1124.0,0.11298932384341637,"100 boosting trees, ~1124 total nodes (leaf-based estimate)","{'learning_rate': 0.1, 'max_depth': 3, 'n_estimators': 100, 'num_leaves': 15}"
2,rf_importance,GaussianProcess,10,0.89542684040645,0.5512899945281574,0.311203448629356,23.150506056996317,5.485841203096263,gp_effective_dof: trace(K(K+sigma^2*I)^-1),"{'kernel': 1**2 * Matern(length_scale=1, nu=1.5) + WhiteKernel(noise_level=0.5)}"
3,rf_importance,NuSVR,10,0.8880701176739215,0.5703520659537651,0.3211845799844994,60.0,2.1166666666666667,60 support vectors (of 127 training points),"{'C': 10, 'nu': 0.3}"
4,f_regression,GaussianProcess,10,0.8854723759600229,0.5769326546828532,0.3528552485480232,43.11915632086687,2.9453266444951347,gp_effective_dof: trace(K(K+sigma^2*I)^-1),"{'kernel': 1**2 * Matern(length_scale=1, nu=1.5) + WhiteKernel(noise_level=0.5)}"
5,correlation,GaussianProcess,10,0.8854723759600226,0.5769326546828539,0.3528552485480233,43.11915632086679,2.94532664449514,gp_effective_dof: trace(K(K+sigma^2*I)^-1),"{'kernel': 1**2 * Matern(length_scale=1, nu=1.5) + WhiteKernel(noise_level=0.5)}"
6,rf_importance,SVR-RBF,10,0.8810408036873324,0.5879887355711656,0.3184106422790673,84.0,1.5119047619047619,84 support vectors (of 127 training points),"{'C': 10, 'epsilon': 0.1, 'gamma': 0.1}"
7,f_regression,NuSVR,10,0.8776876945125548,0.5962179838210923,0.3502035506940078,83.0,1.5301204819277108,83 support vectors (of 127 training points),"{'C': 50, 'nu': 0.3}"
8,correlation,NuSVR,10,0.8776876945125529,0.5962179838210969,0.3502035506940093,83.0,1.5301204819277108,83 support vectors (of 127 training points),"{'C': 50, 'nu': 0.3}"
9,f_regression,SVR-RBF,10,0.8761742732270628,0.5998952708143045,0.34698658270617044,103.0,1.233009708737864,103 support vectors (of 127 training points),"{'C': 50, 'epsilon': 0.05, 'gamma': 0.1}"
10,correlation,SVR-RBF,10,0.8761742732270625,0.5998952708143052,0.34698658270617183,103.0,1.233009708737864,103 support vectors (of 127 training points),"{'C': 50, 'epsilon': 0.05, 'gamma': 0.1}"
11,rf_importance,KNN,10,0.871830330458101,0.6103270628952719,0.31453736520515263,127.0,1.0,non-parametric: stores all 127 training points,"{'n_neighbors': 3, 'weights': 'distance'}"
12,correlation,GradientBoosting-tiny,10,0.8655787823920391,0.6250343822351861,0.3770867540935772,688.0,0.18459302325581395,"100 stages, 688 total nodes","{'learning_rate': 0.1, 'max_depth': 2, 'n_estimators': 100}"
13,f_regression,GradientBoosting-tiny,10,0.8638173998240583,0.6291161099642993,0.3788074586747807,688.0,0.18459302325581395,"100 stages, 688 total nodes","{'learning_rate': 0.1, 'max_depth': 2, 'n_estimators': 100}"
14,correlation,KNN,10,0.8628169593241265,0.6314227245052866,0.37707874308959066,127.0,1.0,non-parametric: stores all 127 training points,"{'n_neighbors': 9, 'weights': 'distance'}"
15,f_regression,KNN,10,0.8628169593241265,0.6314227245052866,0.3770787430895906,127.0,1.0,non-parametric: stores all 127 training points,"{'n_neighbors': 9, 'weights': 'distance'}"
16,rfe_ridge,LightGBM-tiny,10,0.8566303676180226,0.6455034700313848,0.4072904078054199,1148.0,0.11062717770034843,"100 boosting trees, ~1148 total nodes (leaf-based estimate)","{'learning_rate': 0.1, 'max_depth': 3, 'n_estimators': 100, 'num_leaves': 7}"
17,rfe_ridge,HistGradientBoosting-tiny,10,0.8518854852892104,0.6560981382476981,0.42215061534308856,788.0,0.16116751269035534,"100 stages, 788 total nodes","{'learning_rate': 0.1, 'max_depth': 3, 'min_samples_leaf': 20}"
18,rfe_ridge,GaussianProcess,10,0.8512980850504477,0.6573978449560901,0.4070291599273461,39.71291693588464,3.1979519460894257,gp_effective_dof: trace(K(K+sigma^2*I)^-1),"{'kernel': 1**2 * Matern(length_scale=1, nu=1.5) + WhiteKernel(noise_level=0.5)}"
19,mutual_info,GaussianProcess,10,0.8510129376837776,0.6580278485626055,0.39081475025286955,25.086555535783294,5.062472598872653,gp_effective_dof: trace(K(K+sigma^2*I)^-1),"{'kernel': 1**2 * Matern(length_scale=1, nu=1.5) + WhiteKernel(noise_level=0.5)}"
20,rfe_ridge,GradientBoosting-tiny,10,0.8502887409130439,0.6596251817302663,0.4251719715889972,1328.0,0.09563253012048192,"100 stages, 1328 total nodes","{'learning_rate': 0.1, 'max_depth': 3, 'n_estimators': 100}"
21,rf_importance,GradientBoosting-tiny,10,0.8497888543437434,0.6607255097240528,0.3380339379523903,698.0,0.1819484240687679,"100 stages, 698 total nodes","{'learning_rate': 0.1, 'max_depth': 2, 'n_estimators': 100}"
22,mutual_info,HistGradientBoosting-tiny,10,0.8448120763848177,0.6715818594627577,0.3883093492506096,646.0,0.19659442724458204,"100 stages, 646 total nodes","{'learning_rate': 0.1, 'max_depth': 2, 'min_samples_leaf': 10}"
23,rf_importance,HistGradientBoosting-tiny,10,0.8429269274212421,0.6756485748537239,0.3898543561947581,802.0,0.15835411471321695,"100 stages, 802 total nodes","{'learning_rate': 0.05, 'max_depth': 3, 'min_samples_leaf': 20}"
24,f_regression,HistGradientBoosting-tiny,10,0.8416118340915154,0.6784711110109042,0.44683526892309544,584.0,0.21746575342465754,"100 stages, 584 total nodes","{'learning_rate': 0.1, 'max_depth': 2, 'min_samples_leaf': 20}"
25,correlation,HistGradientBoosting-tiny,10,0.8387966217963578,0.6844741715155604,0.44344948489275393,584.0,0.21746575342465754,"100 stages, 584 total nodes","{'learning_rate': 0.1, 'max_depth': 2, 'min_samples_leaf': 20}"
26,lasso,GradientBoosting-tiny,10,0.8365501895253961,0.6892268790463912,0.3905223712535802,1360.0,0.09338235294117647,"100 stages, 1360 total nodes","{'learning_rate': 0.1, 'max_depth': 3, 'n_estimators': 100}"
27,rfe_ridge,NuSVR,10,0.832035070437641,0.698681592555317,0.41004851255150887,106.0,1.1981132075471699,106 support vectors (of 127 training points),"{'C': 1, 'nu': 0.7}"
28,rf_importance,LightGBM-tiny,10,0.8316699308777786,0.6994406134735587,0.36680028758193356,1152.0,0.11024305555555555,"100 boosting trees, ~1152 total nodes (leaf-based estimate)","{'learning_rate': 0.1, 'max_depth': 3, 'n_estimators': 100, 'num_leaves': 15}"
29,mutual_info,GradientBoosting-tiny,10,0.8305533371467726,0.7017565993748764,0.37936284750499655,676.0,0.1878698224852071,"100 stages, 676 total nodes","{'learning_rate': 0.1, 'max_depth': 2, 'n_estimators': 100}"
30,mutual_info,KNN,10,0.8303160566757646,0.7022477712907583,0.38376074537050564,127.0,1.0,non-parametric: stores all 127 training points,"{'n_neighbors': 7, 'weights': 'distance'}"
31,rfe_ridge,SVR-RBF,10,0.8274463880696102,0.7081610279383141,0.40695519532626145,82.0,1.548780487804878,82 support vectors (of 127 training points),"{'C': 10, 'epsilon': 0.1, 'gamma': 0.1}"
32,lasso,SVR-RBF,10,0.8262600046964976,0.7105913198926392,0.35927902376723925,79.0,1.6075949367088607,79 support vectors (of 127 training points),"{'C': 50, 'epsilon': 0.1, 'gamma': 0.1}"
33,mutual_info,RandomForest-tiny,10,0.8239875476849512,0.7152233629153084,0.4117220956814852,1488.0,0.08534946236559139,"100 trees, 1488 total nodes","{'max_depth': 3, 'min_samples_leaf': 3, 'n_estimators': 100}"
34,f_regression,RandomForest-tiny,10,0.8217948955889927,0.7196644753131317,0.4663036221136803,2674.0,0.047494390426327596,"200 trees, 2674 total nodes","{'max_depth': 3, 'min_samples_leaf': 5, 'n_estimators': 200}"
35,lasso,NuSVR,10,0.8216710568076278,0.7199144874943079,0.36593212252193213,83.0,1.5301204819277108,83 support vectors (of 127 training points),"{'C': 50, 'nu': 0.3}"
36,mutual_info,Bagging-tiny,10,0.821536912373473,0.720185207337844,0.41618294350918333,750.0,0.16933333333333334,"50 trees, 750 total nodes","{'max_samples': 0.7, 'n_estimators': 50}"
37,lasso,HistGradientBoosting-tiny,10,0.8209407497763687,0.7213871071932656,0.41951771795427883,776.0,0.163659793814433,"100 stages, 776 total nodes","{'learning_rate': 0.1, 'max_depth': 3, 'min_samples_leaf': 20}"
38,correlation,RandomForest-tiny,10,0.820394925024967,0.7224857695844704,0.467602712238711,2674.0,0.047494390426327596,"200 trees, 2674 total nodes","{'max_depth': 3, 'min_samples_leaf': 5, 'n_estimators': 200}"
39,correlation,Bagging-tiny,10,0.8180325559656165,0.7272217222541643,0.47050162437784143,300.0,0.42333333333333334,"20 trees, 300 total nodes","{'max_samples': 0.7, 'n_estimators': 20}"
40,lasso,LightGBM-tiny,10,0.8108236457367581,0.7414867951325557,0.42513135569613925,1150.0,0.11043478260869566,"100 boosting trees, ~1150 total nodes (leaf-based estimate)","{'learning_rate': 0.1, 'max_depth': 3, 'n_estimators': 100, 'num_leaves': 15}"
41,rfe_ridge,KernelRidge,10,0.8106809334345909,0.7417664266391089,0.5214190335920986,16.430179579641194,7.729678144076223,krr_effective_dof: trace(K(K+alpha*I)^-1),"{'alpha': 0.1, 'gamma': 0.01}"
42,mutual_info,LightGBM-tiny,10,0.8098756188031906,0.743342394305144,0.4105491531660341,1114.0,0.11400359066427289,"100 boosting trees, ~1114 total nodes (leaf-based estimate)","{'learning_rate': 0.1, 'max_depth': 3, 'n_estimators': 100, 'num_leaves': 7}"
43,f_regression,Bagging-tiny,10,0.8079167819737811,0.7471618812116686,0.47546607600378765,300.0,0.42333333333333334,"20 trees, 300 total nodes","{'max_samples': 0.7, 'n_estimators': 20}"
44,rf_importance,KernelRidge,10,0.80763155301567,0.7477164146892445,0.44952236948746854,30.75572507659735,4.129312499825824,krr_effective_dof: trace(K(K+alpha*I)^-1),"{'alpha': 0.1, 'gamma': 0.1}"
45,rfe_ridge,Bagging-tiny,10,0.8025590208750074,0.7575104762605113,0.49073492311170874,740.0,0.17162162162162162,"50 trees, 740 total nodes","{'max_samples': 0.7, 'n_estimators': 50}"
46,rfe_ridge,KNN,10,0.8010781875699711,0.760345883798207,0.46222087010241303,127.0,1.0,non-parametric: stores all 127 training points,"{'n_neighbors': 3, 'weights': 'distance'}"
47,lasso,KernelRidge,10,0.7986457071284861,0.7649806360774023,0.4534876520824975,13.935585060377122,9.113359751295807,krr_effective_dof: trace(K(K+alpha*I)^-1),"{'alpha': 0.1, 'gamma': 0.01}"
48,mutual_info,ExtraTrees-tiny,10,0.789034379081193,0.7830253809838533,0.49348221207366255,2802.0,0.04532476802284083,"200 trees, 2802 total nodes","{'max_depth': 3, 'min_samples_leaf': 5, 'n_estimators': 200}"
49,rf_importance,ExtraTrees-tiny,10,0.7864397985721389,0.7878257223310797,0.4831393649202446,1116.0,0.11379928315412187,"100 trees, 1116 total nodes","{'max_depth': 3, 'min_samples_leaf': 10, 'n_estimators': 100}"
50,rfe_ridge,SmallMLP,10,0.7843915638744698,0.7915946861150679,0.5585923363826476,97.0,1.309278350515464,"layers (8,)","{'alpha': 1.0, 'hidden_layer_sizes': (8,)}"
51,rf_importance,RandomForest-tiny,10,0.7839656976971756,0.7923760727528202,0.4648229758893664,1400.0,0.09071428571428572,"200 trees, 1400 total nodes","{'max_depth': 2, 'min_samples_leaf': 5, 'n_estimators': 200}"
52,rf_importance,Bagging-tiny,10,0.7809698586382807,0.7978512635102751,0.4441282373713889,300.0,0.42333333333333334,"20 trees, 300 total nodes","{'max_samples': 0.7, 'n_estimators': 20}"
53,mutual_info,KernelRidge,10,0.7802006859226797,0.7992509512202681,0.5356553793491013,12.516709933114527,10.146436298248437,krr_effective_dof: trace(K(K+alpha*I)^-1),"{'alpha': 0.1, 'gamma': 0.01}"
54,lasso,GaussianProcess,10,0.7793502367079982,0.8007956924284771,0.4078821028014088,35.658235697001345,3.561589560379735,gp_effective_dof: trace(K(K+sigma^2*I)^-1),"{'kernel': 1**2 * Matern(length_scale=1, nu=1.5) + WhiteKernel(noise_level=0.5)}"
55,mutual_info,SVR-RBF,10,0.778471294958798,0.8023890619671795,0.3987714526858211,102.0,1.2450980392156863,102 support vectors (of 127 training points),"{'C': 50, 'epsilon': 0.05, 'gamma': 0.1}"
56,rfe_ridge,ExtraTrees-tiny,10,0.777539232399899,0.8040752809072146,0.5489330275262321,1186.0,0.10708263069139966,"100 trees, 1186 total nodes","{'max_depth': 3, 'min_samples_leaf': 10, 'n_estimators': 100}"
57,mutual_info,NuSVR,10,0.776397322044489,0.8061363333735952,0.4045469441366718,100.0,1.27,100 support vectors (of 127 training points),"{'C': 50, 'nu': 0.5}"
58,lasso,ExtraTrees-tiny,10,0.7730680363348039,0.812115558891374,0.5300915278263163,2232.0,0.056899641577060935,"200 trees, 2232 total nodes","{'max_depth': 3, 'min_samples_leaf': 10, 'n_estimators': 200}"
59,correlation,KernelRidge,10,0.7700611351230229,0.8174782131095297,0.5257992748563091,13.147250383841122,9.6598145081417,krr_effective_dof: trace(K(K+alpha*I)^-1),"{'alpha': 0.1, 'gamma': 0.01}"
60,f_regression,KernelRidge,10,0.7700611351230218,0.8174782131095318,0.5257992748563105,13.147250383841058,9.659814508141746,krr_effective_dof: trace(K(K+alpha*I)^-1),"{'alpha': 0.1, 'gamma': 0.01}"
61,lasso,Bagging-tiny,10,0.7698974921157715,0.8177690530258276,0.4803886699780311,742.0,0.1711590296495957,"50 trees, 742 total nodes","{'max_samples': 0.7, 'n_estimators': 50}"
62,rfe_ridge,RANSACRegressor,10,0.76776452807322,0.8215505164292433,0.5233505816788576,11.0,11.545454545454545,RANSAC inlier-fitted LinearRegression,{}
63,mutual_info,LinearRegression,10,0.7604539310400968,0.8343812181102113,0.6078641197291733,11.0,11.545454545454545,linear coefficients + intercept,{}
64,mutual_info,RidgeCV,10,0.7604335322628268,0.8344167436238829,0.6033487836088473,11.0,11.545454545454545,linear coefficients + intercept,{}
65,f_regression,AdaBoost-tiny,10,0.7576232446603968,0.8392966295749188,0.6011431293740468,350.0,0.3628571428571429,"50 trees, 350 total nodes","{'learning_rate': 0.5, 'n_estimators': 50}"
66,mutual_info,BayesianRidge,10,0.7562046103416471,0.8417492530761013,0.6069025539905394,11.0,11.545454545454545,linear coefficients + intercept,{}
67,rfe_ridge,LassoLarsIC,10,0.7532291018520522,0.8468704247969383,0.6110268087467802,11.0,11.545454545454545,linear coefficients + intercept,{}
68,rfe_ridge,HuberRegressor,10,0.7512198881368931,0.8503110537627924,0.5521945186148368,11.0,11.545454545454545,linear coefficients + intercept,"{'alpha': 0.1, 'epsilon': 1.5}"
69,lasso,KNN,10,0.7498336696081865,0.8526767563835623,0.4205191738282994,127.0,1.0,non-parametric: stores all 127 training points,"{'n_neighbors': 3, 'weights': 'distance'}"
70,mutual_info,Lasso,10,0.7478373816813659,0.856072109376661,0.6132483318026392,11.0,11.545454545454545,linear coefficients + intercept,{'alpha': 0.01}
71,mutual_info,LassoLars,10,0.7472125471725051,0.8571320849785119,0.6135622890677038,11.0,11.545454545454545,linear coefficients + intercept,{'alpha': 0.01}
72,rfe_ridge,LinearSVR,10,0.7461495480793716,0.85893236180462,0.5537813201083045,11.0,11.545454545454545,linear coefficients + intercept,"{'C': 1, 'epsilon': 0.1}"
73,rfe_ridge,BayesianRidge,10,0.7436170079073194,0.8632062997990023,0.6134314552522024,11.0,11.545454545454545,linear coefficients + intercept,{}
74,rfe_ridge,RidgeCV,10,0.7429197630567447,0.8643792666516465,0.6160373638079383,11.0,11.545454545454545,linear coefficients + intercept,{}
75,lasso,RandomForest-tiny,10,0.7422190126533457,0.8655565292916362,0.5236260128444734,2772.0,0.045815295815295816,"200 trees, 2772 total nodes","{'max_depth': 3, 'min_samples_leaf': 5, 'n_estimators': 200}"
76,rfe_ridge,SGDRegressor,10,0.7420925497152165,0.8657688168643706,0.6227612451049918,11.0,11.545454545454545,linear coefficients + intercept,"{'alpha': 0.01, 'penalty': 'l2'}"
77,rfe_ridge,RandomForest-tiny,10,0.7411183009657138,0.867402501987738,0.5259654673814412,2766.0,0.04591467823571945,"200 trees, 2766 total nodes","{'max_depth': 3, 'min_samples_leaf': 5, 'n_estimators': 200}"
78,rfe_ridge,ElasticNetCV,10,0.7408720960747589,0.867814867921717,0.6152210937139949,11.0,11.545454545454545,linear coefficients + intercept,{}
79,rfe_ridge,LassoCV,10,0.740632887755419,0.868215327785925,0.614404661410624,11.0,11.545454545454545,linear coefficients + intercept,{}
80,rfe_ridge,LassoLarsCV,10,0.7393536157476241,0.8703538359639267,0.6146996576976389,11.0,11.545454545454545,linear coefficients + intercept,{}
81,rfe_ridge,LassoLars,10,0.7393163759666328,0.8704160095265979,0.6179151652958773,11.0,11.545454545454545,linear coefficients + intercept,{'alpha': 0.01}
82,rfe_ridge,Lasso,10,0.7392999094813462,0.8704434996808754,0.6179503193024452,11.0,11.545454545454545,linear coefficients + intercept,{'alpha': 0.01}
83,rfe_ridge,LinearRegression,10,0.7384405303820958,0.8718769964959268,0.6188465833538681,11.0,11.545454545454545,linear coefficients + intercept,{}
84,rfe_ridge,ElasticNet,10,0.7379136954696147,0.872754625157966,0.6196963777055579,11.0,11.545454545454545,linear coefficients + intercept,"{'alpha': 0.01, 'l1_ratio': 0.8}"
85,rfe_ridge,Ridge,10,0.7374089595429361,0.8735946132129905,0.6200446813344972,11.0,11.545454545454545,linear coefficients + intercept,{'alpha': 1}
86,rfe_ridge,TweedieRegressor,10,0.7372647890515562,0.8738343953511244,0.6202384083253101,11.0,11.545454545454545,linear coefficients + intercept,{'alpha': 0.01}
87,rfe_ridge,OrthogonalMatchingPursuit,10,0.7366902528954231,0.8747893021722232,0.6246505117119335,11.0,11.545454545454545,linear coefficients + intercept,{'n_nonzero_coefs': 10}
88,rfe_ridge,AdaBoost-tiny,10,0.7355991216098964,0.8765999513783077,0.5937604721450379,210.0,0.6047619047619047,"30 trees, 210 total nodes","{'learning_rate': 0.05, 'n_estimators': 30}"
89,mutual_info,Ridge,10,0.7336330503183717,0.8798530910420866,0.6226935791965652,11.0,11.545454545454545,linear coefficients + intercept,{'alpha': 1}
90,mutual_info,SGDRegressor,10,0.7291734832417773,0.887187853923604,0.6121000659311625,11.0,11.545454545454545,linear coefficients + intercept,"{'alpha': 0.0001, 'penalty': 'l2'}"
91,rf_importance,AdaBoost-tiny,10,0.7287143844747828,0.8879395055465612,0.6114266004333582,161.0,0.7888198757763976,"23 trees, 161 total nodes","{'learning_rate': 0.5, 'n_estimators': 50}"
92,rfe_ridge,PLS,10,0.7280613437146206,0.8890075904626974,0.635995472969511,6.0,21.166666666666668,5 latent components (true PLS dimensionality),{'n_components': 5}
93,mutual_info,SmallMLP,10,0.726083392058567,0.8922348406264593,0.6022137526560324,97.0,1.309278350515464,"layers (8,)","{'alpha': 1.0, 'hidden_layer_sizes': (8,)}"
94,correlation,ExtraTrees-tiny,10,0.7221682086748917,0.8985887248777943,0.6099362711863786,2034.0,0.0624385447394297,"200 trees, 2034 total nodes","{'max_depth': 3, 'min_samples_leaf': 10, 'n_estimators': 200}"
95,mutual_info,TweedieRegressor,10,0.7213644630683678,0.8998875595915248,0.6154850519688312,11.0,11.545454545454545,linear coefficients + intercept,{'alpha': 0.01}
96,mutual_info,PLS,10,0.7204395595994642,0.9013798666862892,0.6280852290626852,6.0,21.166666666666668,5 latent components (true PLS dimensionality),{'n_components': 5}
97,mutual_info,ElasticNet,10,0.7182597976393779,0.9048871198510116,0.6297051751697056,11.0,11.545454545454545,linear coefficients + intercept,"{'alpha': 0.01, 'l1_ratio': 0.8}"
98,mutual_info,PassiveAggressiveRegressor,10,0.7179371557730263,0.9054050987014177,0.6354011001889216,11.0,11.545454545454545,linear coefficients + intercept,{'C': 0.01}
99,rf_importance,SmallMLP,10,0.7165316434734921,0.9076581013289331,0.5943901121104418,97.0,1.309278350515464,"layers (8,)","{'alpha': 0.1, 'hidden_layer_sizes': (8,)}"
100,mutual_info,LinearSVR,10,0.7149142914394211,0.910243777370984,0.6063538946995212,11.0,11.545454545454545,linear coefficients + intercept,"{'C': 1, 'epsilon': 0.1}"
101,f_regression,ExtraTrees-tiny,10,0.7145112711491683,0.9108869473736132,0.624090956038225,1024.0,0.1240234375,"100 trees, 1024 total nodes","{'max_depth': 3, 'min_samples_leaf': 10, 'n_estimators': 100}"
102,mutual_info,ElasticNetCV,10,0.7119583667072165,0.9149505611611926,0.6238595854639415,11.0,11.545454545454545,linear coefficients + intercept,{}
103,mutual_info,HuberRegressor,10,0.711033763499259,0.9164178636852851,0.6072356254268428,11.0,11.545454545454545,linear coefficients + intercept,"{'alpha': 0.1, 'epsilon': 1.2}"
104,rfe_ridge,PassiveAggressiveRegressor,10,0.7092080553504978,0.9193083002797512,0.6412430670096803,11.0,11.545454545454545,linear coefficients + intercept,{'C': 0.01}
105,rfe_ridge,OrthogonalMatchingPursuitCV,10,0.7040216502423258,0.9274702067849265,0.64635675089724,11.0,11.545454545454545,linear coefficients + intercept,{}
106,rf_importance,ExtraTree-tiny,10,0.6978039241299931,0.9371614285198658,0.6533002603234226,17.0,7.470588235294118,"single tree, 17 nodes","{'max_depth': 4, 'min_samples_leaf': 5}"
107,lasso,AdaBoost-tiny,10,0.691199806019253,0.9473463314098721,0.6219052542149818,350.0,0.3628571428571429,"50 trees, 350 total nodes","{'learning_rate': 0.5, 'n_estimators': 50}"
108,correlation,ExtraTree-tiny,10,0.6813980292995864,0.9622639688406213,0.6409465560397202,9.0,14.11111111111111,"single tree, 9 nodes","{'max_depth': 3, 'min_samples_leaf': 10}"
109,f_regression,ExtraTree-tiny,10,0.6791063255133387,0.965718549850442,0.6508559773255088,9.0,14.11111111111111,"single tree, 9 nodes","{'max_depth': 3, 'min_samples_leaf': 10}"
110,correlation,AdaBoost-tiny,10,0.6747423051932553,0.9722630593663744,0.6842376008308249,210.0,0.6047619047619047,"30 trees, 210 total nodes","{'learning_rate': 0.5, 'n_estimators': 30}"
111,correlation,DecisionTree-tiny,10,0.667155512374299,0.9835369488112989,0.6416694720893459,21.0,6.0476190476190474,"single tree, 21 nodes","{'max_depth': 4, 'min_samples_leaf': 5}"
112,rfe_ridge,LarsCV,10,0.6669538670802024,0.9838348290168403,0.7237916611642379,11.0,11.545454545454545,linear coefficients + intercept,{}
113,correlation,LinearRegression,10,0.6655069484741547,0.985969647587464,0.7120898713759907,11.0,11.545454545454545,linear coefficients + intercept,{}
114,f_regression,LinearRegression,10,0.6655069484741547,0.985969647587464,0.7120898713759908,11.0,11.545454545454545,linear coefficients + intercept,{}
115,mutual_info,ExtraTree-tiny,10,0.6647753315619223,0.9870473352313672,0.6218498575631513,11.0,11.545454545454545,"single tree, 11 nodes","{'max_depth': 3, 'min_samples_leaf': 10}"
116,mutual_info,AdaBoost-tiny,10,0.6644150896580074,0.9875775473071875,0.6118564924511707,210.0,0.6047619047619047,"30 trees, 210 total nodes","{'learning_rate': 0.05, 'n_estimators': 30}"
117,correlation,RidgeCV,10,0.6566677749224166,0.9989121129386854,0.7157773685037079,11.0,11.545454545454545,linear coefficients + intercept,{}
118,f_regression,RidgeCV,10,0.6566677749220959,0.9989121129391518,0.7157773685034864,11.0,11.545454545454545,linear coefficients + intercept,{}
119,mutual_info,LassoCV,10,0.6529502978174302,1.0043054823431166,0.6419518095563519,11.0,11.545454545454545,linear coefficients + intercept,{}
120,correlation,SmallMLP,10,0.6473745424228914,1.0123410013117426,0.6931324219957224,97.0,1.309278350515464,"layers (8,)","{'alpha': 1.0, 'hidden_layer_sizes': (8,)}"
121,rf_importance,BayesianRidge,10,0.6453870491549326,1.0151899076636703,0.6652241285878095,11.0,11.545454545454545,linear coefficients + intercept,{}
122,mutual_info,LassoLarsCV,10,0.6443798533121703,1.016630591148877,0.6439537136252974,11.0,11.545454545454545,linear coefficients + intercept,{}
123,f_regression,BayesianRidge,10,0.642546173269374,1.019248241417678,0.7166050965114414,11.0,11.545454545454545,linear coefficients + intercept,{}
124,correlation,BayesianRidge,10,0.642546173269374,1.019248241417678,0.716605096511441,11.0,11.545454545454545,linear coefficients + intercept,{}
125,rf_importance,SGDRegressor,10,0.6413564337935854,1.020943051242438,0.6826332291779471,11.0,11.545454545454545,linear coefficients + intercept,"{'alpha': 0.01, 'penalty': 'elasticnet'}"
126,f_regression,DecisionTree-tiny,10,0.6401982294553994,1.0225902403466332,0.6559457647652789,21.0,6.0476190476190474,"single tree, 21 nodes","{'max_depth': 4, 'min_samples_leaf': 5}"
127,correlation,HuberRegressor,10,0.6333559045328834,1.0322677113620073,0.6539606973939898,11.0,11.545454545454545,linear coefficients + intercept,"{'alpha': 0.1, 'epsilon': 1.5}"
128,f_regression,HuberRegressor,10,0.6333559045328798,1.0322677113620125,0.6539606973939933,11.0,11.545454545454545,linear coefficients + intercept,"{'alpha': 0.1, 'epsilon': 1.5}"
129,rf_importance,RidgeCV,10,0.6323571526669991,1.0336727226030433,0.6738609796665734,11.0,11.545454545454545,linear coefficients + intercept,{}
130,mutual_info,LassoLarsIC,10,0.6315847637062779,1.0347579857911866,0.6518813906464159,11.0,11.545454545454545,linear coefficients + intercept,{}
131,f_regression,SmallMLP,10,0.6274604137864772,1.040533841295405,0.7636137776357678,49.0,2.5918367346938775,"layers (4,)","{'alpha': 1.0, 'hidden_layer_sizes': (4,)}"
132,lasso,ExtraTree-tiny,10,0.6237323612865469,1.0457272601439562,0.7107502144280644,5.0,25.4,"single tree, 5 nodes","{'max_depth': 2, 'min_samples_leaf': 10}"
133,mutual_info,OrthogonalMatchingPursuit,10,0.6206462351991003,1.050007000710228,0.6643846276344035,11.0,11.545454545454545,linear coefficients + intercept,{'n_nonzero_coefs': 8}
134,rf_importance,Ridge,10,0.6190381201794415,1.0522301845926771,0.7016185527373923,11.0,11.545454545454545,linear coefficients + intercept,{'alpha': 50}
135,f_regression,LassoLarsIC,10,0.6177715183143188,1.0539779326652134,0.73332033424062,11.0,11.545454545454545,linear coefficients + intercept,{}
136,correlation,LassoLarsIC,10,0.617771518314318,1.0539779326652146,0.7333203342406216,11.0,11.545454545454545,linear coefficients + intercept,{}
137,lasso,DecisionTree-tiny,10,0.6156405882128211,1.0569118214245166,0.6615947469516197,23.0,5.521739130434782,"single tree, 23 nodes","{'max_depth': 4, 'min_samples_leaf': 5}"
138,f_regression,LassoCV,10,0.6123623498805915,1.0614095027068036,0.7498728427721305,11.0,11.545454545454545,linear coefficients + intercept,{}
139,correlation,LassoCV,10,0.6123558730454663,1.0614183699383941,0.7498738235519953,11.0,11.545454545454545,linear coefficients + intercept,{}
140,correlation,LassoLarsCV,10,0.6106518078542307,1.0637487840482596,0.7531126566654018,11.0,11.545454545454545,linear coefficients + intercept,{}
141,f_regression,LassoLarsCV,10,0.6106518078542305,1.0637487840482598,0.7531126566654018,11.0,11.545454545454545,linear coefficients + intercept,{}
142,f_regression,SGDRegressor,10,0.6098193475024469,1.0648853706252668,0.7463101684469966,11.0,11.545454545454545,linear coefficients + intercept,"{'alpha': 0.001, 'penalty': 'l2'}"
143,correlation,SGDRegressor,10,0.6098193475024469,1.064885370625267,0.7463101684469966,11.0,11.545454545454545,linear coefficients + intercept,"{'alpha': 0.001, 'penalty': 'l2'}"
144,rf_importance,LassoLarsIC,10,0.6069273383697187,1.0688245365748628,0.6937694596564747,11.0,11.545454545454545,linear coefficients + intercept,{}
145,rf_importance,TweedieRegressor,10,0.6051834206912514,1.0711929017078516,0.7213422003809994,11.0,11.545454545454545,linear coefficients + intercept,{'alpha': 1}
146,mutual_info,OrthogonalMatchingPursuitCV,10,0.6051063813746644,1.07129740586008,0.675383360445894,11.0,11.545454545454545,linear coefficients + intercept,{}
147,f_regression,ElasticNetCV,10,0.6023625681510887,1.0750127756877415,0.7626798090578487,11.0,11.545454545454545,linear coefficients + intercept,{}
148,correlation,ElasticNetCV,10,0.6023043083787996,1.075091525448976,0.7627266753624096,11.0,11.545454545454545,linear coefficients + intercept,{}
149,f_regression,PLS,10,0.5979855527980011,1.0809132131675872,0.7752629708252469,4.0,31.75,3 latent components (true PLS dimensionality),{'n_components': 3}
150,correlation,PLS,10,0.5979855527980011,1.0809132131675872,0.7752629708252468,4.0,31.75,3 latent components (true PLS dimensionality),{'n_components': 3}
151,rf_importance,PLS,10,0.5931812708969703,1.0873527690622085,0.7731570182767075,3.0,42.333333333333336,2 latent components (true PLS dimensionality),{'n_components': 2}
152,rfe_ridge,DecisionTree-tiny,10,0.5929636587416698,1.0876435491176912,0.7419916884670643,19.0,6.684210526315789,"single tree, 19 nodes","{'max_depth': 4, 'min_samples_leaf': 10}"
153,rf_importance,ElasticNetCV,10,0.5856759802344814,1.0973370712704953,0.7395596353060461,11.0,11.545454545454545,linear coefficients + intercept,{}
154,f_regression,Ridge,10,0.5809688087148953,1.1035529377257,0.7900838627487878,11.0,11.545454545454545,linear coefficients + intercept,{'alpha': 50}
155,correlation,Ridge,10,0.580968808714895,1.1035529377257005,0.7900838627487881,11.0,11.545454545454545,linear coefficients + intercept,{'alpha': 50}
156,f_regression,Lasso,10,0.5797082261973185,1.1052116148180482,0.7825674219775941,11.0,11.545454545454545,linear coefficients + intercept,{'alpha': 0.1}
157,f_regression,LassoLars,10,0.5797081443533386,1.1052117224277118,0.7825720194574791,11.0,11.545454545454545,linear coefficients + intercept,{'alpha': 0.1}
158,correlation,LassoLars,10,0.5797081443533385,1.105211722427712,0.7825720194574793,11.0,11.545454545454545,linear coefficients + intercept,{'alpha': 0.1}
159,correlation,Lasso,10,0.5797020929396348,1.1052196788860622,0.7825654464588221,11.0,11.545454545454545,linear coefficients + intercept,{'alpha': 0.1}
160,rf_importance,LassoLarsCV,10,0.5794737609372278,1.1055198502091101,0.7255587391918251,11.0,11.545454545454545,linear coefficients + intercept,{}
161,rf_importance,LassoCV,10,0.5785374272966715,1.1067499278696824,0.7265746925493926,11.0,11.545454545454545,linear coefficients + intercept,{}
162,f_regression,ElasticNet,10,0.5759506225798047,1.1101411737161015,0.7914221245463091,11.0,11.545454545454545,linear coefficients + intercept,"{'alpha': 0.1, 'l1_ratio': 0.8}"
163,correlation,ElasticNet,10,0.5758634151544548,1.1102553203010637,0.7914793640381543,11.0,11.545454545454545,linear coefficients + intercept,"{'alpha': 0.1, 'l1_ratio': 0.8}"
164,mutual_info,DecisionTree-tiny,10,0.5706471699739837,1.1170616965411067,0.7540282314323982,7.0,18.142857142857142,"single tree, 7 nodes","{'max_depth': 2, 'min_samples_leaf': 5}"
165,correlation,TweedieRegressor,10,0.5627365251469153,1.1273054231491502,0.8230237454967796,11.0,11.545454545454545,linear coefficients + intercept,{'alpha': 1}
166,f_regression,TweedieRegressor,10,0.5627365251469124,1.127305423149154,0.8230237454967836,11.0,11.545454545454545,linear coefficients + intercept,{'alpha': 1}
167,f_regression,LinearSVR,10,0.5528392765928056,1.1399920441208788,0.6996765412170296,11.0,11.545454545454545,linear coefficients + intercept,"{'C': 0.1, 'epsilon': 0.01}"
168,correlation,LinearSVR,10,0.5528392765928056,1.139992044120879,0.6996765412170296,11.0,11.545454545454545,linear coefficients + intercept,"{'C': 0.1, 'epsilon': 0.01}"
169,rf_importance,ElasticNet,10,0.5525762929264566,1.1403272202725758,0.7556072470116588,11.0,11.545454545454545,linear coefficients + intercept,"{'alpha': 1, 'l1_ratio': 0.2}"
170,f_regression,OrthogonalMatchingPursuit,10,0.5448525141388021,1.1501277165039043,0.8093083603442277,11.0,11.545454545454545,linear coefficients + intercept,{'n_nonzero_coefs': 5}
171,correlation,OrthogonalMatchingPursuit,10,0.5448525141388019,1.1501277165039048,0.8093083603442287,11.0,11.545454545454545,linear coefficients + intercept,{'n_nonzero_coefs': 5}
172,rf_importance,DecisionTree-tiny,10,0.5436654269756722,1.1516265853606373,0.7420000512221158,7.0,18.142857142857142,"single tree, 7 nodes","{'max_depth': 2, 'min_samples_leaf': 5}"
173,rfe_ridge,ExtraTree-tiny,10,0.5435452797763519,1.1517781798385116,0.8070218124859919,7.0,18.142857142857142,"single tree, 7 nodes","{'max_depth': 2, 'min_samples_leaf': 10}"
174,rf_importance,LinearRegression,10,0.5363212092671921,1.1608566965248677,0.6862523420097385,11.0,11.545454545454545,linear coefficients + intercept,{}
175,rf_importance,OrthogonalMatchingPursuit,10,0.5351009147221586,1.1623832449839138,0.74583683131095,11.0,11.545454545454545,linear coefficients + intercept,{'n_nonzero_coefs': 3}
176,correlation,OrthogonalMatchingPursuitCV,10,0.48053572887631923,1.2287055966076894,0.9300310576408708,11.0,11.545454545454545,linear coefficients + intercept,{}
177,f_regression,OrthogonalMatchingPursuitCV,10,0.48053572887631923,1.2287055966076894,0.9300310576408708,11.0,11.545454545454545,linear coefficients + intercept,{}
178,f_regression,PassiveAggressiveRegressor,10,0.4657279959559997,1.246095145895136,0.8675905903025175,11.0,11.545454545454545,linear coefficients + intercept,{'C': 0.1}
179,correlation,PassiveAggressiveRegressor,10,0.46572799595599956,1.2460951458951361,0.8675905903025175,11.0,11.545454545454545,linear coefficients + intercept,{'C': 0.1}
180,rf_importance,LinearSVR,10,0.46313457494699006,1.2491158330089007,0.7160143255463417,11.0,11.545454545454545,linear coefficients + intercept,"{'C': 0.1, 'epsilon': 0.1}"
181,rf_importance,OrthogonalMatchingPursuitCV,10,0.44772095959198643,1.2669202453402166,0.8151766706624723,11.0,11.545454545454545,linear coefficients + intercept,{}
182,f_regression,LarsCV,10,0.430208736937715,1.2868498855311015,1.0040893988445967,11.0,11.545454545454545,linear coefficients + intercept,{}
183,correlation,LarsCV,10,0.4302087369377142,1.2868498855311021,1.0040893988445976,11.0,11.545454545454545,linear coefficients + intercept,{}
184,rf_importance,HuberRegressor,10,0.42376570370412514,1.2941050946231292,0.6918914532539319,11.0,11.545454545454545,linear coefficients + intercept,"{'alpha': 0.1, 'epsilon': 1.2}"
185,rf_importance,LarsCV,10,0.41374130210312077,1.305312944869285,1.0125932412280412,11.0,11.545454545454545,linear coefficients + intercept,{}
186,rf_importance,LassoLars,10,0.3872219576369854,1.3345092636677887,0.8962592961490194,11.0,11.545454545454545,linear coefficients + intercept,{'alpha': 0.1}
187,rf_importance,Lasso,10,0.38721934419412873,1.3345121094453316,0.8962449336970995,11.0,11.545454545454545,linear coefficients + intercept,{'alpha': 0.1}
188,rf_importance,PassiveAggressiveRegressor,10,0.37818377170976314,1.3443149286135165,0.8861211157785976,11.0,11.545454545454545,linear coefficients + intercept,{'C': 0.01}
189,rf_importance,Dummy-baseline,10,-0.02235889992051332,1.7237397091185145,1.357759080191666,1.0,127.0,constant baseline,{}
190,mutual_info,Dummy-baseline,10,-0.02235889992051332,1.7237397091185145,1.357759080191666,1.0,127.0,constant baseline,{}
191,rfe_ridge,Dummy-baseline,10,-0.02235889992051332,1.7237397091185145,1.357759080191666,1.0,127.0,constant baseline,{}
192,lasso,Dummy-baseline,10,-0.02235889992051332,1.7237397091185145,1.357759080191666,1.0,127.0,constant baseline,{}
193,correlation,Dummy-baseline,10,-0.02235889992051332,1.7237397091185145,1.357759080191666,1.0,127.0,constant baseline,{}
194,f_regression,Dummy-baseline,10,-0.02235889992051332,1.7237397091185145,1.357759080191666,1.0,127.0,constant baseline,{}
195,mutual_info,LarsCV,10,-0.2026299486088503,1.8695453429742597,1.1428910113461836,11.0,11.545454545454545,linear coefficients + intercept,{}
196,mutual_info,RANSACRegressor,10,-0.21836303046209027,1.88173451839935,1.0151079019180942,11.0,11.545454545454545,RANSAC inlier-fitted LinearRegression,{}
197,rf_importance,RANSACRegressor,10,-0.2771892446616986,1.9266269090028219,0.9756803892176383,11.0,11.545454545454545,RANSAC inlier-fitted LinearRegression,{}
198,correlation,RANSACRegressor,10,-0.7781846961102996,2.2733087812165547,1.1438076640404164,11.0,11.545454545454545,RANSAC inlier-fitted LinearRegression,{}
199,f_regression,RANSACRegressor,10,-0.7781846961103014,2.273308781216556,1.1438076640404171,11.0,11.545454545454545,RANSAC inlier-fitted LinearRegression,{}
200,lasso,RANSACRegressor,10,-33.45807202343699,10.007266895017569,1.5079720941699855,11.0,11.545454545454545,RANSAC inlier-fitted LinearRegression,{}
201,lasso,OrthogonalMatchingPursuitCV,10,-145.23786402990348,20.615786737425527,2.7519240093710042,11.0,11.545454545454545,linear coefficients + intercept,{}
202,lasso,HuberRegressor,10,-206.49917791474192,24.557162589066444,2.9413125285632837,11.0,11.545454545454545,linear coefficients + intercept,"{'alpha': 0.1, 'epsilon': 1.5}"
203,lasso,LinearSVR,10,-222.24511491989117,25.471878682459334,3.0285306756704022,11.0,11.545454545454545,linear coefficients + intercept,"{'C': 1, 'epsilon': 0.1}"
204,lasso,PassiveAggressiveRegressor,10,-248.01009395493696,26.901622337890007,3.2197177497109424,11.0,11.545454545454545,linear coefficients + intercept,{'C': 0.01}
205,lasso,SGDRegressor,10,-316.6927288508745,30.3860069585687,3.5311625526776287,11.0,11.545454545454545,linear coefficients + intercept,"{'alpha': 0.0001, 'penalty': 'l2'}"
206,lasso,TweedieRegressor,10,-356.7747349033578,32.24592427093323,3.7194422926331168,11.0,11.545454545454545,linear coefficients + intercept,{'alpha': 0.001}
207,lasso,ElasticNet,10,-357.0577264284481,32.25867463957416,3.7237032961451195,11.0,11.545454545454545,linear coefficients + intercept,"{'alpha': 0.001, 'l1_ratio': 0.2}"
208,lasso,BayesianRidge,10,-357.10066229698197,32.26060870298359,3.7201897163308346,11.0,11.545454545454545,linear coefficients + intercept,{}
209,lasso,Lasso,10,-358.16820457053706,32.30865934659342,3.7291643666834013,11.0,11.545454545454545,linear coefficients + intercept,{'alpha': 0.001}
210,lasso,LassoLars,10,-358.59066654088355,32.327654859630805,3.731016755438753,11.0,11.545454545454545,linear coefficients + intercept,{'alpha': 0.001}
211,lasso,Ridge,10,-358.6406955786079,32.32990361824072,3.7282644274915184,11.0,11.545454545454545,linear coefficients + intercept,{'alpha': 0.1}
212,lasso,RidgeCV,10,-358.6519512464645,32.330409528464834,3.741748819748176,11.0,11.545454545454545,linear coefficients + intercept,{}
213,lasso,ElasticNetCV,10,-369.5063520309192,32.81465362476801,3.783471341787009,11.0,11.545454545454545,linear coefficients + intercept,{}
214,lasso,LassoCV,10,-371.2126190913728,32.89012635002844,3.7893563799381016,11.0,11.545454545454545,linear coefficients + intercept,{}
215,lasso,LassoLarsIC,10,-372.6345537310593,32.95289024762422,3.788340966309279,11.0,11.545454545454545,linear coefficients + intercept,{}
216,lasso,LinearRegression,10,-372.6348644252427,32.95290394853745,3.7895583250153773,11.0,11.545454545454545,linear coefficients + intercept,{}
217,lasso,LassoLarsCV,10,-372.6361119347896,32.95295896083939,3.795251839466444,11.0,11.545454545454545,linear coefficients + intercept,{}
218,lasso,OrthogonalMatchingPursuit,10,-372.6864081354032,32.95517683112604,3.842774612752408,11.0,11.545454545454545,linear coefficients + intercept,{'n_nonzero_coefs': 8}
219,lasso,LarsCV,10,-372.7169449978025,32.956523317270594,3.9241101393067277,11.0,11.545454545454545,linear coefficients + intercept,{}
220,lasso,PLS,10,-437.9269286035527,35.71627090942225,4.075341153867396,8.0,15.875,7 latent components (true PLS dimensionality),{'n_components': 7}
221,lasso,SmallMLP,10,-469.9781801276822,36.99733048790603,4.19335632804761,49.0,2.5918367346938775,"layers (4,)","{'alpha': 1.0, 'hidden_layer_sizes': (4,)}"
222,f_regression,SVR-RBF,15,0.9071962426354817,0.5193411979568094,0.30484056793042263,104.0,1.2211538461538463,104 support vectors (of 127 training points),"{'C': 50, 'epsilon': 0.05, 'gamma': 'scale'}"
223,correlation,SVR-RBF,15,0.9071962426354815,0.5193411979568101,0.30484056793042397,104.0,1.2211538461538463,104 support vectors (of 127 training points),"{'C': 50, 'epsilon': 0.05, 'gamma': 'scale'}"
224,correlation,GaussianProcess,15,0.897008927419024,0.5471038688931282,0.3473549222483334,35.90943282983118,3.5366751850922244,gp_effective_dof: trace(K(K+sigma^2*I)^-1),"{'kernel': 1**2 * Matern(length_scale=1, nu=1.5) + WhiteKernel(noise_level=0.5)}"
225,f_regression,GaussianProcess,15,0.8970089274190236,0.5471038688931296,0.34735492224833425,35.90943282983129,3.5366751850922142,gp_effective_dof: trace(K(K+sigma^2*I)^-1),"{'kernel': 1**2 * Matern(length_scale=1, nu=1.5) + WhiteKernel(noise_level=0.5)}"
226,rf_importance,GaussianProcess,15,0.8920506617829532,0.560118590844066,0.32454031472143335,27.516801958204017,4.615361922977226,gp_effective_dof: trace(K(K+sigma^2*I)^-1),"{'kernel': 1**2 * Matern(length_scale=1, nu=1.5) + WhiteKernel(noise_level=0.5)}"
227,rf_importance,NuSVR,15,0.8911221166411252,0.5625224117774971,0.318998860097345,122.0,1.040983606557377,122 support vectors (of 127 training points),"{'C': 50, 'nu': 0.5}"
228,rf_importance,SVR-RBF,15,0.8873335387714105,0.5722256514511486,0.3318787776547165,81.0,1.5679012345679013,81 support vectors (of 127 training points),"{'C': 50, 'epsilon': 0.05, 'gamma': 'scale'}"
229,rf_importance,KNN,15,0.8756250307924933,0.6012242489912049,0.32631736966624325,127.0,1.0,non-parametric: stores all 127 training points,"{'n_neighbors': 9, 'weights': 'distance'}"
230,rfe_ridge,GradientBoosting-tiny,15,0.8722199109919064,0.6093987914107978,0.37994839665665464,1406.0,0.0903271692745377,"100 stages, 1406 total nodes","{'learning_rate': 0.05, 'max_depth': 3, 'n_estimators': 100}"
231,rfe_ridge,NuSVR,15,0.8700837783713187,0.6144714173662764,0.36681276577534305,93.0,1.3655913978494623,93 support vectors (of 127 training points),"{'C': 10, 'nu': 0.3}"
232,rfe_ridge,SVR-RBF,15,0.8681343307462223,0.6190644526286602,0.36575301696741613,99.0,1.2828282828282829,99 support vectors (of 127 training points),"{'C': 50, 'epsilon': 0.05, 'gamma': 'scale'}"
233,f_regression,LightGBM-tiny,15,0.8655021445204689,0.6252125329765308,0.3522660080350193,1148.0,0.11062717770034843,"100 boosting trees, ~1148 total nodes (leaf-based estimate)","{'learning_rate': 0.1, 'max_depth': 3, 'n_estimators': 100, 'num_leaves': 7}"
234,correlation,LightGBM-tiny,15,0.8634574035674918,0.629947089722941,0.35586803104762604,1148.0,0.11062717770034843,"100 boosting trees, ~1148 total nodes (leaf-based estimate)","{'learning_rate': 0.1, 'max_depth': 3, 'n_estimators': 100, 'num_leaves': 7}"
235,rfe_ridge,GaussianProcess,15,0.8613252576852858,0.634846426304707,0.3814009988049485,36.05125243420529,3.522762495749049,gp_effective_dof: trace(K(K+sigma^2*I)^-1),"{'kernel': 1**2 * Matern(length_scale=1, nu=1.5) + WhiteKernel(noise_level=0.5)}"
236,f_regression,HistGradientBoosting-tiny,15,0.8576090165234094,0.6432965765981811,0.39603025973850153,794.0,0.15994962216624686,"100 stages, 794 total nodes","{'learning_rate': 0.1, 'max_depth': 3, 'min_samples_leaf': 20}"
237,correlation,NuSVR,15,0.856935617349428,0.6448159298975085,0.35549864013120575,114.0,1.1140350877192982,114 support vectors (of 127 training points),"{'C': 50, 'nu': 0.3}"
238,f_regression,NuSVR,15,0.8569356173494278,0.6448159298975089,0.3554986401312063,114.0,1.1140350877192982,114 support vectors (of 127 training points),"{'C': 50, 'nu': 0.3}"
239,correlation,HistGradientBoosting-tiny,15,0.8569026868278177,0.6448901374072502,0.397638486205003,794.0,0.15994962216624686,"100 stages, 794 total nodes","{'learning_rate': 0.1, 'max_depth': 3, 'min_samples_leaf': 20}"
240,correlation,GradientBoosting-tiny,15,0.8534894956366967,0.6525358508013105,0.36586444980088123,680.0,0.18676470588235294,"100 stages, 680 total nodes","{'learning_rate': 0.1, 'max_depth': 2, 'n_estimators': 100}"
241,lasso,GradientBoosting-tiny,15,0.850384131829797,0.659415002892162,0.3770330732473101,1316.0,0.09650455927051672,"100 stages, 1316 total nodes","{'learning_rate': 0.1, 'max_depth': 3, 'n_estimators': 100}"
242,f_regression,GradientBoosting-tiny,15,0.8502259300318972,0.6597635390402878,0.3728974395286101,680.0,0.18676470588235294,"100 stages, 680 total nodes","{'learning_rate': 0.1, 'max_depth': 2, 'n_estimators': 100}"
243,mutual_info,GaussianProcess,15,0.850092409702538,0.6600575559579207,0.38977121123970476,45.568740278755634,2.786998262912438,gp_effective_dof: trace(K(K+sigma^2*I)^-1),"{'kernel': 1**2 * Matern(length_scale=1, nu=1.5) + WhiteKernel(noise_level=0.5)}"
244,rfe_ridge,HistGradientBoosting-tiny,15,0.8475794098564278,0.6655670522526369,0.43394241359413954,558.0,0.22759856630824374,"100 stages, 558 total nodes","{'learning_rate': 0.1, 'max_depth': 2, 'min_samples_leaf': 20}"
245,lasso,LightGBM-tiny,15,0.845858484647038,0.6693138432645823,0.3971743199439037,1124.0,0.11298932384341637,"100 boosting trees, ~1124 total nodes (leaf-based estimate)","{'learning_rate': 0.1, 'max_depth': 3, 'n_estimators': 100, 'num_leaves': 15}"
246,lasso,HistGradientBoosting-tiny,15,0.8451483802678563,0.6708537806402614,0.4156349392511338,772.0,0.1645077720207254,"100 stages, 772 total nodes","{'learning_rate': 0.1, 'max_depth': 3, 'min_samples_leaf': 20}"
247,rfe_ridge,LightGBM-tiny,15,0.8434975872076045,0.6744201137920869,0.42508661754874505,1080.0,0.1175925925925926,"100 boosting trees, ~1080 total nodes (leaf-based estimate)","{'learning_rate': 0.1, 'max_depth': 3, 'n_estimators': 100, 'num_leaves': 15}"
248,mutual_info,LightGBM-tiny,15,0.8369167377230331,0.6884536243492965,0.3548225039836965,652.0,0.19478527607361965,"100 boosting trees, ~652 total nodes (leaf-based estimate)","{'learning_rate': 0.1, 'max_depth': 2, 'n_estimators': 100, 'num_leaves': 7}"
249,mutual_info,GradientBoosting-tiny,15,0.83297558713028,0.6967227188421655,0.3594781914785219,688.0,0.18459302325581395,"100 stages, 688 total nodes","{'learning_rate': 0.1, 'max_depth': 2, 'n_estimators': 100}"
250,rf_importance,LightGBM-tiny,15,0.8319309139128388,0.6988981882715568,0.3669919376798162,664.0,0.19126506024096385,"100 boosting trees, ~664 total nodes (leaf-based estimate)","{'learning_rate': 0.1, 'max_depth': 2, 'n_estimators': 100, 'num_leaves': 7}"
251,rf_importance,GradientBoosting-tiny,15,0.8315386264365325,0.6997133566522163,0.34798927009426134,688.0,0.18459302325581395,"100 stages, 688 total nodes","{'learning_rate': 0.1, 'max_depth': 2, 'n_estimators': 100}"
252,rf_importance,KernelRidge,15,0.8280039604352651,0.7070159620598464,0.43113147106102334,19.591443734374593,6.4824217001001,krr_effective_dof: trace(K(K+alpha*I)^-1),"{'alpha': 0.1, 'gamma': 0.01}"
253,mutual_info,KernelRidge,15,0.8262565539246233,0.7105983766338375,0.46150947506140466,18.76906425207875,6.766453473349596,krr_effective_dof: trace(K(K+alpha*I)^-1),"{'alpha': 0.1, 'gamma': 0.01}"
254,mutual_info,HistGradientBoosting-tiny,15,0.8256828297411607,0.7117706552937008,0.375790524626247,820.0,0.1548780487804878,"100 stages, 820 total nodes","{'learning_rate': 0.1, 'max_depth': 3, 'min_samples_leaf': 20}"
255,mutual_info,Bagging-tiny,15,0.8239578613376719,0.7152836753354371,0.4145629030807734,750.0,0.16933333333333334,"50 trees, 750 total nodes","{'max_samples': 0.7, 'n_estimators': 50}"
256,mutual_info,RandomForest-tiny,15,0.8222431857172056,0.7187587166645626,0.4054543374399717,2970.0,0.04276094276094276,"200 trees, 2970 total nodes","{'max_depth': 3, 'min_samples_leaf': 3, 'n_estimators': 200}"
257,lasso,NuSVR,15,0.8195995474881961,0.7240837593720016,0.37907898279781643,118.0,1.076271186440678,118 support vectors (of 127 training points),"{'C': 50, 'nu': 0.3}"
258,rf_importance,HistGradientBoosting-tiny,15,0.818020733260147,0.7272453462288577,0.41027333570485053,796.0,0.15954773869346733,"100 stages, 796 total nodes","{'learning_rate': 0.05, 'max_depth': 3, 'min_samples_leaf': 20}"
259,lasso,SVR-RBF,15,0.8172639911142933,0.7287558651741733,0.3801816928119034,95.0,1.3368421052631578,95 support vectors (of 127 training points),"{'C': 50, 'epsilon': 0.05, 'gamma': 'scale'}"
260,f_regression,RandomForest-tiny,15,0.813792826282024,0.7356448510659739,0.4484327058607754,2908.0,0.0436726272352132,"200 trees, 2908 total nodes","{'max_depth': 3, 'min_samples_leaf': 3, 'n_estimators': 200}"
261,correlation,RandomForest-tiny,15,0.8129983768566379,0.7372124882737601,0.4480113274909436,2908.0,0.0436726272352132,"200 trees, 2908 total nodes","{'max_depth': 3, 'min_samples_leaf': 3, 'n_estimators': 200}"
262,mutual_info,NuSVR,15,0.8120458622337516,0.7390876424620186,0.37276572017073606,119.0,1.0672268907563025,119 support vectors (of 127 training points),"{'C': 50, 'nu': 0.5}"
263,rfe_ridge,KernelRidge,15,0.8113826495221926,0.7403904620818156,0.4817774068422124,24.734223788424597,5.134586032953858,krr_effective_dof: trace(K(K+alpha*I)^-1),"{'alpha': 0.1, 'gamma': 0.01}"
264,rf_importance,ExtraTrees-tiny,15,0.8089946576377255,0.7450625812287619,0.4533969695530589,2318.0,0.0547886108714409,"200 trees, 2318 total nodes","{'max_depth': 3, 'min_samples_leaf': 10, 'n_estimators': 200}"
265,mutual_info,SVR-RBF,15,0.8082172287940466,0.7465773161896478,0.39561576169930873,72.0,1.7638888888888888,72 support vectors (of 127 training points),"{'C': 50, 'epsilon': 0.1, 'gamma': 'scale'}"
266,rfe_ridge,KNN,15,0.8032948027990637,0.7560976926691023,0.43913161026606573,127.0,1.0,non-parametric: stores all 127 training points,"{'n_neighbors': 3, 'weights': 'distance'}"
267,correlation,KNN,15,0.8007223586563079,0.7610256286791965,0.44044148518739173,127.0,1.0,non-parametric: stores all 127 training points,"{'n_neighbors': 9, 'weights': 'uniform'}"
268,f_regression,KNN,15,0.8007223586563079,0.7610256286791965,0.44044148518739173,127.0,1.0,non-parametric: stores all 127 training points,"{'n_neighbors': 9, 'weights': 'uniform'}"
269,lasso,ExtraTrees-tiny,15,0.8003268388643184,0.7617804837905253,0.5108504642532314,2424.0,0.052392739273927395,"200 trees, 2424 total nodes","{'max_depth': 3, 'min_samples_leaf': 10, 'n_estimators': 200}"
270,mutual_info,LassoLars,15,0.7999925072535554,0.7624179775131806,0.539369847050341,16.0,7.9375,linear coefficients + intercept,{'alpha': 0.01}
271,mutual_info,ElasticNetCV,15,0.7996691734026429,0.7630339944132206,0.5318849384246587,16.0,7.9375,linear coefficients + intercept,{}
272,mutual_info,Lasso,15,0.7990384843659594,0.7642341567044347,0.5400866756149383,16.0,7.9375,linear coefficients + intercept,{'alpha': 0.01}
273,rfe_ridge,Bagging-tiny,15,0.7986087193352918,0.7650508944410811,0.48550681189510186,740.0,0.17162162162162162,"50 trees, 740 total nodes","{'max_samples': 0.7, 'n_estimators': 50}"
274,f_regression,Bagging-tiny,15,0.7973856743430734,0.76737044708156,0.4635778454891458,300.0,0.42333333333333334,"20 trees, 300 total nodes","{'max_samples': 0.7, 'n_estimators': 20}"
275,mutual_info,SGDRegressor,15,0.7958984064740234,0.7701816962071825,0.5186056286172909,16.0,7.9375,linear coefficients + intercept,"{'alpha': 0.0001, 'penalty': 'l2'}"
276,rf_importance,Bagging-tiny,15,0.793244547677579,0.7751727207415513,0.43760928924787446,300.0,0.42333333333333334,"20 trees, 300 total nodes","{'max_samples': 0.7, 'n_estimators': 20}"
277,rf_importance,RandomForest-tiny,15,0.792444267004009,0.776671488010062,0.44995611449537765,1400.0,0.09071428571428572,"200 trees, 1400 total nodes","{'max_depth': 2, 'min_samples_leaf': 5, 'n_estimators': 200}"
278,lasso,Bagging-tiny,15,0.7898711025722699,0.7814710361289714,0.4782661283552755,742.0,0.1711590296495957,"50 trees, 742 total nodes","{'max_samples': 0.7, 'n_estimators': 50}"
279,mutual_info,BayesianRidge,15,0.7893712635698279,0.7823999366644232,0.5426208966191127,16.0,7.9375,linear coefficients + intercept,{}
280,mutual_info,LassoCV,15,0.789285527997347,0.7825591568233019,0.5437610476381677,16.0,7.9375,linear coefficients + intercept,{}
281,mutual_info,LassoLarsCV,15,0.7889071603516579,0.7832614395427236,0.5442343686184943,16.0,7.9375,linear coefficients + intercept,{}
282,rfe_ridge,RandomForest-tiny,15,0.7881493844455616,0.7846660464828581,0.48789332382969464,2764.0,0.0459479015918958,"200 trees, 2764 total nodes","{'max_depth': 3, 'min_samples_leaf': 5, 'n_estimators': 200}"
283,mutual_info,Ridge,15,0.7879010458660425,0.7851258180489745,0.5285653633073231,16.0,7.9375,linear coefficients + intercept,{'alpha': 1}
284,correlation,Bagging-tiny,15,0.787718181182339,0.7854641998495739,0.4697842397291772,300.0,0.42333333333333334,"20 trees, 300 total nodes","{'max_samples': 0.7, 'n_estimators': 20}"
285,rfe_ridge,ExtraTrees-tiny,15,0.7872236968721145,0.7863784887085282,0.5258630476915851,2422.0,0.052436003303055326,"200 trees, 2422 total nodes","{'max_depth': 3, 'min_samples_leaf': 10, 'n_estimators': 200}"
286,mutual_info,KNN,15,0.7871023429792632,0.7866027065526721,0.39727224528272703,127.0,1.0,non-parametric: stores all 127 training points,"{'n_neighbors': 7, 'weights': 'uniform'}"
287,mutual_info,ExtraTrees-tiny,15,0.7840479699350309,0.7922251782887535,0.4941439868274739,1420.0,0.08943661971830986,"100 trees, 1420 total nodes","{'max_depth': 3, 'min_samples_leaf': 5, 'n_estimators': 100}"
288,lasso,RandomForest-tiny,15,0.782977023049988,0.7941871459636797,0.485839641554132,2768.0,0.04588150289017341,"200 trees, 2768 total nodes","{'max_depth': 3, 'min_samples_leaf': 5, 'n_estimators': 200}"
289,mutual_info,ElasticNet,15,0.7799635218665186,0.79968203193959,0.5371149569071816,16.0,7.9375,linear coefficients + intercept,"{'alpha': 0.01, 'l1_ratio': 0.8}"
290,mutual_info,TweedieRegressor,15,0.7798724277799967,0.7998475471461531,0.5276112406125615,16.0,7.9375,linear coefficients + intercept,{'alpha': 0.1}
291,mutual_info,HuberRegressor,15,0.7789330911700495,0.8015523001213132,0.5066379878047506,16.0,7.9375,linear coefficients + intercept,"{'alpha': 0.1, 'epsilon': 1.5}"
292,mutual_info,PassiveAggressiveRegressor,15,0.778074332917626,0.8031076492890455,0.498920105394464,16.0,7.9375,linear coefficients + intercept,{'C': 0.01}
293,mutual_info,RidgeCV,15,0.773057834809668,0.8121338126535289,0.5631928790341421,16.0,7.9375,linear coefficients + intercept,{}
294,lasso,KernelRidge,15,0.7719711415198822,0.8140759074453793,0.5139652322235978,22.54301332951056,5.633674528939177,krr_effective_dof: trace(K(K+alpha*I)^-1),"{'alpha': 0.1, 'gamma': 0.01}"
295,mutual_info,LinearSVR,15,0.7634567905461636,0.8291349803360706,0.5192015176052297,16.0,7.9375,linear coefficients + intercept,"{'C': 1, 'epsilon': 0.1}"
296,rfe_ridge,LinearSVR,15,0.7604509888689444,0.8343863421450635,0.5601774226876388,16.0,7.9375,linear coefficients + intercept,"{'C': 1, 'epsilon': 0.1}"
297,rfe_ridge,LassoLarsIC,15,0.7587322945985513,0.8373742317078361,0.5981840854943373,16.0,7.9375,linear coefficients + intercept,{}
298,mutual_info,OrthogonalMatchingPursuitCV,15,0.7574039515485165,0.8396762252945642,0.6213357190123713,16.0,7.9375,linear coefficients + intercept,{}
299,mutual_info,OrthogonalMatchingPursuit,15,0.7558537895795854,0.8423546725554397,0.6163110975297358,16.0,7.9375,linear coefficients + intercept,{'n_nonzero_coefs': 5}
300,rfe_ridge,RidgeCV,15,0.7545097347743296,0.8446701230654445,0.6013661770142021,16.0,7.9375,linear coefficients + intercept,{}
301,rfe_ridge,ElasticNet,15,0.7541757843096223,0.8452444474984288,0.6040810394991475,16.0,7.9375,linear coefficients + intercept,"{'alpha': 0.01, 'l1_ratio': 0.2}"
302,rfe_ridge,TweedieRegressor,15,0.7534442227853316,0.8465012174100585,0.6046948153554623,16.0,7.9375,linear coefficients + intercept,{'alpha': 0.01}
303,rfe_ridge,BayesianRidge,15,0.7525971417499133,0.847954114403006,0.6053358073319917,16.0,7.9375,linear coefficients + intercept,{}
304,rfe_ridge,LassoCV,15,0.7516520913048877,0.8495721142955888,0.6026776535691392,16.0,7.9375,linear coefficients + intercept,{}
305,rfe_ridge,ElasticNetCV,15,0.7506796940527662,0.8512337238310536,0.6053058512980041,16.0,7.9375,linear coefficients + intercept,{}
306,rfe_ridge,LassoLarsCV,15,0.7500378041303514,0.8523287953197503,0.6040223754914702,16.0,7.9375,linear coefficients + intercept,{}
307,f_regression,SmallMLP,15,0.7497234607070598,0.8528645558782861,0.5826213862008907,35.0,3.6285714285714286,"layers (2,)","{'alpha': 0.1, 'hidden_layer_sizes': (2,)}"
308,rfe_ridge,LassoLars,15,0.7496036018300478,0.8530687523089362,0.6086622395420423,16.0,7.9375,linear coefficients + intercept,{'alpha': 0.001}
309,rfe_ridge,Lasso,15,0.7495692334697623,0.8531272946211955,0.6087281808233366,16.0,7.9375,linear coefficients + intercept,{'alpha': 0.001}
310,rfe_ridge,SGDRegressor,15,0.7493848238886355,0.8534413452819464,0.5828652767872444,16.0,7.9375,linear coefficients + intercept,"{'alpha': 0.0001, 'penalty': 'l2'}"
311,rfe_ridge,Ridge,15,0.7482737242578452,0.8553311144461592,0.6122340309087383,16.0,7.9375,linear coefficients + intercept,{'alpha': 1}
312,mutual_info,PLS,15,0.7470712111288047,0.8573716671413781,0.5884932449789056,8.0,15.875,7 latent components (true PLS dimensionality),{'n_components': 7}
313,rfe_ridge,LinearRegression,15,0.746179219555662,0.858882161901902,0.6120216027862477,16.0,7.9375,linear coefficients + intercept,{}
314,f_regression,ExtraTrees-tiny,15,0.7431682038409121,0.8639615002511077,0.5700988988850763,1196.0,0.10618729096989966,"100 trees, 1196 total nodes","{'max_depth': 3, 'min_samples_leaf': 10, 'n_estimators': 100}"
315,correlation,AdaBoost-tiny,15,0.742775003286026,0.8646225948365638,0.6370630620317502,350.0,0.3628571428571429,"50 trees, 350 total nodes","{'learning_rate': 0.5, 'n_estimators': 50}"
316,rfe_ridge,HuberRegressor,15,0.7409397657450849,0.8677015482453534,0.5876313113877873,16.0,7.9375,linear coefficients + intercept,"{'alpha': 0.1, 'epsilon': 1.35}"
317,correlation,ExtraTrees-tiny,15,0.7401540442677425,0.8690164076616965,0.579616010121286,2304.0,0.055121527777777776,"200 trees, 2304 total nodes","{'max_depth': 3, 'min_samples_leaf': 10, 'n_estimators': 200}"
318,lasso,GaussianProcess,15,0.7377941870693686,0.872953585614673,0.4887416222946983,36.45476938635637,3.4837691237056974,gp_effective_dof: trace(K(K+sigma^2*I)^-1),"{'kernel': 1**2 * Matern(length_scale=1, nu=1.5) + WhiteKernel(noise_level=0.5)}"
319,rfe_ridge,OrthogonalMatchingPursuit,15,0.7337241879985998,0.8797025569198782,0.5963741140296893,16.0,7.9375,linear coefficients + intercept,{'n_nonzero_coefs': 10}
320,lasso,OrthogonalMatchingPursuit,15,0.7320390676791635,0.8824817554766333,0.6394876891258015,16.0,7.9375,linear coefficients + intercept,{'n_nonzero_coefs': 10}
321,rfe_ridge,PLS,15,0.7247412848295346,0.8944180079896842,0.6137231195862168,8.0,15.875,7 latent components (true PLS dimensionality),{'n_components': 7}
322,rf_importance,PLS,15,0.7213142393821097,0.8999686577072331,0.5926994727039384,6.0,21.166666666666668,5 latent components (true PLS dimensionality),{'n_components': 5}
323,rf_importance,SmallMLP,15,0.7181165193557283,0.9051171796599247,0.6337244213243161,35.0,3.6285714285714286,"layers (2,)","{'alpha': 1.0, 'hidden_layer_sizes': (2,)}"
324,rf_importance,SGDRegressor,15,0.7123456857003598,0.9143352040409207,0.5893816479179018,16.0,7.9375,linear coefficients + intercept,"{'alpha': 0.0001, 'penalty': 'elasticnet'}"
325,f_regression,AdaBoost-tiny,15,0.7093723521961517,0.9190485599448271,0.6533179967697068,350.0,0.3628571428571429,"50 trees, 350 total nodes","{'learning_rate': 0.5, 'n_estimators': 50}"
326,mutual_info,LassoLarsIC,15,0.7058856487648626,0.9245451050079755,0.5726325998026413,16.0,7.9375,linear coefficients + intercept,{}
327,rfe_ridge,PassiveAggressiveRegressor,15,0.702720200987697,0.9295070642625074,0.655227778528571,16.0,7.9375,linear coefficients + intercept,{'C': 0.01}
328,rfe_ridge,AdaBoost-tiny,15,0.6993213365183842,0.9348055905167706,0.6509800556462763,350.0,0.3628571428571429,"50 trees, 350 total nodes","{'learning_rate': 0.5, 'n_estimators': 50}"
329,lasso,ExtraTree-tiny,15,0.6992986600877442,0.934840840198655,0.5903805300704797,13.0,9.76923076923077,"single tree, 13 nodes","{'max_depth': 3, 'min_samples_leaf': 10}"
330,rf_importance,Lasso,15,0.6980955320024432,0.9367091565827296,0.5951923239100355,16.0,7.9375,linear coefficients + intercept,{'alpha': 0.01}
331,rf_importance,LassoLars,15,0.6980198238566372,0.936826597819231,0.5952341295105296,16.0,7.9375,linear coefficients + intercept,{'alpha': 0.01}
332,lasso,KNN,15,0.6960836066727463,0.9398251414696878,0.47819755092055566,127.0,1.0,non-parametric: stores all 127 training points,"{'n_neighbors': 3, 'weights': 'distance'}"
333,mutual_info,SmallMLP,15,0.6945789114874419,0.9421488139426611,0.6520239935374124,69.0,1.8405797101449275,"layers (4,)","{'alpha': 0.1, 'hidden_layer_sizes': (4,)}"
334,f_regression,RidgeCV,15,0.6938862450509038,0.9432165615526595,0.6949280959115384,16.0,7.9375,linear coefficients + intercept,{}
335,correlation,RidgeCV,15,0.6938862450501094,0.9432165615538832,0.6949280959127768,16.0,7.9375,linear coefficients + intercept,{}
336,mutual_info,AdaBoost-tiny,15,0.6895799254138343,0.949827840058172,0.6124540180015727,350.0,0.3628571428571429,"50 trees, 350 total nodes","{'learning_rate': 0.5, 'n_estimators': 50}"
337,f_regression,LinearRegression,15,0.6892172748119993,0.9503824998909671,0.6944697455561543,16.0,7.9375,linear coefficients + intercept,{}
338,correlation,LinearRegression,15,0.6892172748119992,0.9503824998909673,0.6944697455561549,16.0,7.9375,linear coefficients + intercept,{}
339,rf_importance,LassoLarsIC,15,0.6882309776930869,0.9518893677515822,0.5953164244197693,16.0,7.9375,linear coefficients + intercept,{}
340,lasso,DecisionTree-tiny,15,0.6874197089713312,0.9531270409948959,0.6128490792966981,17.0,7.470588235294118,"single tree, 17 nodes","{'max_depth': 4, 'min_samples_leaf': 10}"
341,correlation,DecisionTree-tiny,15,0.6852423850309824,0.9564408535142926,0.597351891843159,21.0,6.0476190476190474,"single tree, 21 nodes","{'max_depth': 4, 'min_samples_leaf': 5}"
342,lasso,AdaBoost-tiny,15,0.683891419503579,0.9584912171248502,0.6363018352404374,231.0,0.5497835497835498,"33 trees, 231 total nodes","{'learning_rate': 0.5, 'n_estimators': 50}"
343,rf_importance,AdaBoost-tiny,15,0.6830695642347365,0.9597364058909603,0.6105649056465833,210.0,0.6047619047619047,"30 trees, 210 total nodes","{'learning_rate': 0.05, 'n_estimators': 30}"
344,rfe_ridge,OrthogonalMatchingPursuitCV,15,0.682687295683321,0.9603150288991515,0.7021976577791708,16.0,7.9375,linear coefficients + intercept,{}
345,correlation,ExtraTree-tiny,15,0.6812482407772991,0.9624901431490521,0.5890592830432234,13.0,9.76923076923077,"single tree, 13 nodes","{'max_depth': 3, 'min_samples_leaf': 5}"
346,rf_importance,ElasticNet,15,0.6726033078298895,0.975454775060807,0.6091025397415304,16.0,7.9375,linear coefficients + intercept,"{'alpha': 0.01, 'l1_ratio': 0.8}"
347,mutual_info,LinearRegression,15,0.6700539134540177,0.979245278450725,0.588485427773153,16.0,7.9375,linear coefficients + intercept,{}
348,rfe_ridge,LarsCV,15,0.6685119191864339,0.9815308495678174,0.7336273942320969,16.0,7.9375,linear coefficients + intercept,{}
349,rf_importance,ElasticNetCV,15,0.6662282855102881,0.9849059479529145,0.6100850801705082,16.0,7.9375,linear coefficients + intercept,{}
350,f_regression,HuberRegressor,15,0.6653792439212376,0.9861578440191041,0.6145642656852742,16.0,7.9375,linear coefficients + intercept,"{'alpha': 0.1, 'epsilon': 1.5}"
351,correlation,HuberRegressor,15,0.6653792439047133,0.9861578440434534,0.6145642657097002,16.0,7.9375,linear coefficients + intercept,"{'alpha': 0.1, 'epsilon': 1.5}"
352,rfe_ridge,RANSACRegressor,15,0.6572848547526886,0.99801402401349,0.5906594988262528,16.0,7.9375,RANSAC inlier-fitted LinearRegression,{}
353,f_regression,ExtraTree-tiny,15,0.6572720418562564,0.9980326799307844,0.6515111342518886,15.0,8.466666666666667,"single tree, 15 nodes","{'max_depth': 3, 'min_samples_leaf': 5}"
354,correlation,BayesianRidge,15,0.6553426389396269,1.0008379729418815,0.7293399045130503,16.0,7.9375,linear coefficients + intercept,{}
355,f_regression,BayesianRidge,15,0.6553426389396267,1.0008379729418817,0.7293399045130505,16.0,7.9375,linear coefficients + intercept,{}
356,rf_importance,ExtraTree-tiny,15,0.6549256689013542,1.001443202006983,0.6481419531505763,7.0,18.142857142857142,"single tree, 7 nodes","{'max_depth': 2, 'min_samples_leaf': 5}"
357,rf_importance,BayesianRidge,15,0.646481752944556,1.0136217313686666,0.6151304068362676,16.0,7.9375,linear coefficients + intercept,{}
358,rf_importance,LassoLarsCV,15,0.6458934351532271,1.0144648049705238,0.6091593546648667,16.0,7.9375,linear coefficients + intercept,{}
359,f_regression,LassoLarsIC,15,0.6458894289865358,1.0144705435023949,0.7240094217012959,16.0,7.9375,linear coefficients + intercept,{}
360,correlation,LassoLarsIC,15,0.6458894289865356,1.0144705435023953,0.7240094217012961,16.0,7.9375,linear coefficients + intercept,{}
361,rf_importance,LassoCV,15,0.6450741198965366,1.0156377375724346,0.6094882407982263,16.0,7.9375,linear coefficients + intercept,{}
362,rfe_ridge,DecisionTree-tiny,15,0.6391431684017383,1.0240884338804341,0.660692060913897,7.0,18.142857142857142,"single tree, 7 nodes","{'max_depth': 2, 'min_samples_leaf': 5}"
363,lasso,OrthogonalMatchingPursuitCV,15,0.6386807610135876,1.0247443650023453,0.6914188320692721,16.0,7.9375,linear coefficients + intercept,{}
364,rf_importance,TweedieRegressor,15,0.6358973618203072,1.0286838184192684,0.6198832308501468,16.0,7.9375,linear coefficients + intercept,{'alpha': 0.01}
365,rf_importance,Ridge,15,0.6356129350312869,1.0290855294852892,0.6211902599501307,16.0,7.9375,linear coefficients + intercept,{'alpha': 1}
366,correlation,LassoLarsCV,15,0.6326894313747379,1.0332054959437105,0.7303464862602548,16.0,7.9375,linear coefficients + intercept,{}
367,f_regression,LassoLarsCV,15,0.6326894313747373,1.0332054959437111,0.7303464862602547,16.0,7.9375,linear coefficients + intercept,{}
368,f_regression,DecisionTree-tiny,15,0.6324576321138362,1.0335314578379065,0.625077376452294,21.0,6.0476190476190474,"single tree, 21 nodes","{'max_depth': 4, 'min_samples_leaf': 5}"
369,f_regression,LassoCV,15,0.63220828080585,1.0338819871214835,0.7310928027788186,16.0,7.9375,linear coefficients + intercept,{}
370,correlation,LassoCV,15,0.6320510228984162,1.0341029936500286,0.7311870430555222,16.0,7.9375,linear coefficients + intercept,{}
371,rf_importance,RidgeCV,15,0.6311073691501452,1.035428191385612,0.6131755248524445,16.0,7.9375,linear coefficients + intercept,{}
372,mutual_info,ExtraTree-tiny,15,0.62812340813857,1.0396075299827185,0.6418796838773091,13.0,9.76923076923077,"single tree, 13 nodes","{'max_depth': 4, 'min_samples_leaf': 10}"
373,rfe_ridge,ExtraTree-tiny,15,0.6213514519664536,1.04903056779975,0.6928590767596311,15.0,8.466666666666667,"single tree, 15 nodes","{'max_depth': 4, 'min_samples_leaf': 10}"
374,correlation,SGDRegressor,15,0.6185666618097498,1.0528810756228126,0.7567970575469843,16.0,7.9375,linear coefficients + intercept,"{'alpha': 0.01, 'penalty': 'l2'}"
375,f_regression,SGDRegressor,15,0.6185666618097498,1.0528810756228126,0.7567970575469843,16.0,7.9375,linear coefficients + intercept,"{'alpha': 0.01, 'penalty': 'l2'}"
376,f_regression,ElasticNetCV,15,0.613807745594859,1.0594288004556682,0.7607856063373851,16.0,7.9375,linear coefficients + intercept,{}
377,correlation,ElasticNetCV,15,0.613170744344903,1.0603021729888416,0.7616486386813232,16.0,7.9375,linear coefficients + intercept,{}
378,rfe_ridge,SmallMLP,15,0.6128299334088825,1.0607691529449084,0.7198724594056272,137.0,0.927007299270073,"layers (8,)","{'alpha': 1.0, 'hidden_layer_sizes': (8,)}"
379,correlation,SmallMLP,15,0.6029141401848988,1.074266929470954,0.6923747505250851,69.0,1.8405797101449275,"layers (4,)","{'alpha': 0.1, 'hidden_layer_sizes': (4,)}"
380,correlation,KernelRidge,15,0.5940176495461378,1.0862344496672125,0.8119342438686753,9.011822560771597,14.092598821555825,krr_effective_dof: trace(K(K+alpha*I)^-1),"{'alpha': 1, 'gamma': 0.01}"
381,f_regression,KernelRidge,15,0.5940176495461356,1.0862344496672154,0.8119342438686802,9.011822560771598,14.092598821555821,krr_effective_dof: trace(K(K+alpha*I)^-1),"{'alpha': 1, 'gamma': 0.01}"
382,rf_importance,DecisionTree-tiny,15,0.582651477372242,1.1013349860616455,0.7315398860038709,7.0,18.142857142857142,"single tree, 7 nodes","{'max_depth': 2, 'min_samples_leaf': 5}"
383,f_regression,PLS,15,0.5789955749338741,1.1061482223212624,0.7900166326362772,4.0,31.75,3 latent components (true PLS dimensionality),{'n_components': 3}
384,correlation,PLS,15,0.5789955749338741,1.1061482223212624,0.7900166326362774,4.0,31.75,3 latent components (true PLS dimensionality),{'n_components': 3}
385,f_regression,Ridge,15,0.5762137295619705,1.1097967194723988,0.7993935144950686,16.0,7.9375,linear coefficients + intercept,{'alpha': 50}
386,correlation,Ridge,15,0.5762137295619703,1.109796719472399,0.7993935144950687,16.0,7.9375,linear coefficients + intercept,{'alpha': 50}
387,rf_importance,OrthogonalMatchingPursuitCV,15,0.5737504672153922,1.1130173989988048,0.674987460276022,16.0,7.9375,linear coefficients + intercept,{}
388,rf_importance,OrthogonalMatchingPursuit,15,0.5728274878268527,1.1142217834367234,0.6813945126225199,16.0,7.9375,linear coefficients + intercept,{'n_nonzero_coefs': 3}
389,f_regression,ElasticNet,15,0.5710446390668693,1.1165445224685062,0.8003915116387773,16.0,7.9375,linear coefficients + intercept,"{'alpha': 0.1, 'l1_ratio': 0.8}"
390,correlation,ElasticNet,15,0.5709599423190792,1.1166547472504047,0.8004382377590253,16.0,7.9375,linear coefficients + intercept,"{'alpha': 0.1, 'l1_ratio': 0.8}"
391,rf_importance,PassiveAggressiveRegressor,15,0.5633910263469752,1.1264614250827227,0.7813904786060876,16.0,7.9375,linear coefficients + intercept,{'C': 1}
392,f_regression,Lasso,15,0.5514217938554284,1.1417974804928366,0.8199988073493623,16.0,7.9375,linear coefficients + intercept,{'alpha': 0.1}
393,f_regression,LassoLars,15,0.5514141084223831,1.1418072615860568,0.819982130053678,16.0,7.9375,linear coefficients + intercept,{'alpha': 0.1}
394,correlation,LassoLars,15,0.5514141084223829,1.141807261586057,0.819982130053678,16.0,7.9375,linear coefficients + intercept,{'alpha': 0.1}
395,correlation,Lasso,15,0.5514112528282096,1.1418108958209223,0.8199822638561038,16.0,7.9375,linear coefficients + intercept,{'alpha': 0.1}
396,f_regression,LinearSVR,15,0.5494856065673909,1.144258983679186,0.7164633536052493,16.0,7.9375,linear coefficients + intercept,"{'C': 0.1, 'epsilon': 0.01}"
397,correlation,LinearSVR,15,0.5494856065673905,1.1442589836791865,0.7164633536052498,16.0,7.9375,linear coefficients + intercept,"{'C': 0.1, 'epsilon': 0.01}"
398,correlation,TweedieRegressor,15,0.548406720800332,1.145628292326377,0.8318157575697884,16.0,7.9375,linear coefficients + intercept,{'alpha': 1}
399,f_regression,TweedieRegressor,15,0.548406720800332,1.145628292326377,0.8318157575697885,16.0,7.9375,linear coefficients + intercept,{'alpha': 1}
400,mutual_info,DecisionTree-tiny,15,0.5335106560114552,1.16436960296547,0.7804002785694564,7.0,18.142857142857142,"single tree, 7 nodes","{'max_depth': 2, 'min_samples_leaf': 5}"
401,rf_importance,LinearSVR,15,0.5237440988848674,1.176495256176613,0.6125542614718714,16.0,7.9375,linear coefficients + intercept,"{'C': 0.1, 'epsilon': 0.1}"
402,f_regression,OrthogonalMatchingPursuit,15,0.5191702371828342,1.1821311637310974,0.8870451926007814,16.0,7.9375,linear coefficients + intercept,{'n_nonzero_coefs': 3}
403,correlation,OrthogonalMatchingPursuit,15,0.5191702371828342,1.1821311637310974,0.8870451926007813,16.0,7.9375,linear coefficients + intercept,{'n_nonzero_coefs': 3}
404,rf_importance,LarsCV,15,0.511507496748859,1.191513444178073,0.8778486216664856,16.0,7.9375,linear coefficients + intercept,{}
405,f_regression,OrthogonalMatchingPursuitCV,15,0.4887315884006975,1.2189740937932247,0.9190487156055229,16.0,7.9375,linear coefficients + intercept,{}
406,correlation,OrthogonalMatchingPursuitCV,15,0.4887315884006975,1.218974093793225,0.9190487156055229,16.0,7.9375,linear coefficients + intercept,{}
407,correlation,LarsCV,15,0.4241010394254653,1.2937284918926524,1.0213527606845434,16.0,7.9375,linear coefficients + intercept,{}
408,rf_importance,HuberRegressor,15,0.41881972851077187,1.2996470554363135,0.6178658343569221,16.0,7.9375,linear coefficients + intercept,"{'alpha': 0.1, 'epsilon': 1.5}"
409,correlation,PassiveAggressiveRegressor,15,0.40806098448778727,1.3116213531284153,0.8871280352242892,16.0,7.9375,linear coefficients + intercept,{'C': 1}
410,f_regression,PassiveAggressiveRegressor,15,0.40806098448778716,1.3116213531284155,0.8871280352242894,16.0,7.9375,linear coefficients + intercept,{'C': 1}
411,f_regression,LarsCV,15,0.40645267338406743,1.3134019962252153,1.0302086710094578,16.0,7.9375,linear coefficients + intercept,{}
412,rf_importance,LinearRegression,15,0.3130052525135063,1.4130147773071138,0.6690015749733527,16.0,7.9375,linear coefficients + intercept,{}
413,correlation,RANSACRegressor,15,0.24732164374297916,1.479022256353312,0.8905142442373652,16.0,7.9375,RANSAC inlier-fitted LinearRegression,{}
414,f_regression,RANSACRegressor,15,0.2473216437429785,1.4790222563533124,0.8905142442373642,16.0,7.9375,RANSAC inlier-fitted LinearRegression,{}
415,mutual_info,LarsCV,15,0.06249192397942105,1.6506595322532496,1.1307308697427145,16.0,7.9375,linear coefficients + intercept,{}
416,f_regression,Dummy-baseline,15,-0.02235889992051332,1.7237397091185145,1.357759080191666,1.0,127.0,constant baseline,{}
417,mutual_info,Dummy-baseline,15,-0.02235889992051332,1.7237397091185145,1.357759080191666,1.0,127.0,constant baseline,{}
418,rfe_ridge,Dummy-baseline,15,-0.02235889992051332,1.7237397091185145,1.357759080191666,1.0,127.0,constant baseline,{}
419,correlation,Dummy-baseline,15,-0.02235889992051332,1.7237397091185145,1.357759080191666,1.0,127.0,constant baseline,{}
420,rf_importance,Dummy-baseline,15,-0.02235889992051332,1.7237397091185145,1.357759080191666,1.0,127.0,constant baseline,{}
421,lasso,Dummy-baseline,15,-0.02235889992051332,1.7237397091185145,1.357759080191666,1.0,127.0,constant baseline,{}
422,mutual_info,RANSACRegressor,15,-0.24850145088475606,1.9048663989990309,0.8679465504108577,16.0,7.9375,RANSAC inlier-fitted LinearRegression,{}
423,rf_importance,RANSACRegressor,15,-2.6405321248894937,3.2527630601410746,1.3107096288318054,16.0,7.9375,RANSAC inlier-fitted LinearRegression,{}
424,lasso,SmallMLP,15,-68.62788765508742,14.225305610648313,1.923430443412368,137.0,0.927007299270073,"layers (8,)","{'alpha': 0.1, 'hidden_layer_sizes': (8,)}"
425,lasso,SGDRegressor,15,-181.12185238083984,23.00652494031919,2.8490700328962215,16.0,7.9375,linear coefficients + intercept,"{'alpha': 0.01, 'penalty': 'elasticnet'}"
426,lasso,PassiveAggressiveRegressor,15,-294.9178213506826,29.326184050215993,3.4315143656907376,16.0,7.9375,linear coefficients + intercept,{'C': 0.01}
427,lasso,LinearSVR,15,-306.87207168028795,29.912667426953213,3.4925883021689925,16.0,7.9375,linear coefficients + intercept,"{'C': 1, 'epsilon': 0.1}"
428,lasso,HuberRegressor,15,-313.4087862433863,30.22855117928753,3.5215273799242715,16.0,7.9375,linear coefficients + intercept,"{'alpha': 0.1, 'epsilon': 1.5}"
429,lasso,ElasticNet,15,-401.5962355104616,34.20620154306822,3.9624074940129974,16.0,7.9375,linear coefficients + intercept,"{'alpha': 0.01, 'l1_ratio': 0.2}"
430,lasso,BayesianRidge,15,-405.4262089702134,34.368521415826024,3.974367701551614,16.0,7.9375,linear coefficients + intercept,{}
431,lasso,TweedieRegressor,15,-406.8235165486868,34.427550814827924,3.9699180457311933,16.0,7.9375,linear coefficients + intercept,{'alpha': 0.01}
432,lasso,Lasso,15,-407.204630603089,34.44363345719284,3.984944695638468,16.0,7.9375,linear coefficients + intercept,{'alpha': 0.01}
433,lasso,LassoLars,15,-407.3037121531499,34.44781337245244,3.985325188500431,16.0,7.9375,linear coefficients + intercept,{'alpha': 0.01}
434,lasso,Ridge,15,-414.69087738938856,34.7580370874252,4.015159197785227,16.0,7.9375,linear coefficients + intercept,{'alpha': 1}
435,lasso,RidgeCV,15,-414.69507475616336,34.758212568617694,4.029541589694173,16.0,7.9375,linear coefficients + intercept,{}
436,lasso,LassoLarsIC,15,-425.2227899712802,35.19559642791148,4.058433453725381,16.0,7.9375,linear coefficients + intercept,{}
437,lasso,RANSACRegressor,15,-447.3234060880888,36.09655055299275,4.115730609488283,16.0,7.9375,RANSAC inlier-fitted LinearRegression,{}
438,lasso,PLS,15,-454.7560329867877,36.394537817434276,4.19519490918854,4.0,31.75,3 latent components (true PLS dimensionality),{'n_components': 3}
439,lasso,ElasticNetCV,15,-460.22282313263867,36.61216326091278,4.197619375652039,16.0,7.9375,linear coefficients + intercept,{}
440,lasso,LassoCV,15,-468.7324416416634,36.94836907401671,4.233109880956904,16.0,7.9375,linear coefficients + intercept,{}
441,lasso,LarsCV,15,-479.4076095163638,37.365855876728034,4.330357847782257,16.0,7.9375,linear coefficients + intercept,{}
442,lasso,LassoLarsCV,15,-479.4234437547147,37.366471661096575,4.275024246707143,16.0,7.9375,linear coefficients + intercept,{}
443,lasso,LinearRegression,15,-479.42818299021155,37.36665596524998,4.274951881950831,16.0,7.9375,linear coefficients + intercept,{}
444,f_regression,NuSVR,20,0.9159354642758278,0.49428383184330543,0.2828734739874224,127.0,1.0,127 support vectors (of 127 training points),"{'C': 50, 'nu': 0.7}"
445,correlation,NuSVR,20,0.9159354642758277,0.49428383184330577,0.2828734739874228,127.0,1.0,127 support vectors (of 127 training points),"{'C': 50, 'nu': 0.7}"
446,correlation,SVR-RBF,20,0.9033368725540522,0.5300299571846389,0.30185122110747475,99.0,1.2828282828282829,99 support vectors (of 127 training points),"{'C': 50, 'epsilon': 0.05, 'gamma': 'scale'}"
447,f_regression,SVR-RBF,20,0.9033368725540522,0.530029957184639,0.3018512211074749,99.0,1.2828282828282829,99 support vectors (of 127 training points),"{'C': 50, 'epsilon': 0.05, 'gamma': 'scale'}"
448,rf_importance,NuSVR,20,0.902238830872915,0.5330318852906825,0.28899281982404856,118.0,1.076271186440678,118 support vectors (of 127 training points),"{'C': 10, 'nu': 0.5}"
449,rf_importance,SVR-RBF,20,0.9011161249278319,0.5360838625026727,0.2975673570219817,84.0,1.5119047619047619,84 support vectors (of 127 training points),"{'C': 10, 'epsilon': 0.05, 'gamma': 'scale'}"
450,rf_importance,GaussianProcess,20,0.8976004755118867,0.5455304106291081,0.31479018627761807,46.30708053793757,2.7425611488496644,gp_effective_dof: trace(K(K+sigma^2*I)^-1),"{'kernel': 1**2 * Matern(length_scale=1, nu=1.5) + WhiteKernel(noise_level=0.5)}"
451,rf_importance,KNN,20,0.8921783193877856,0.5597873032657666,0.31111868280499183,127.0,1.0,non-parametric: stores all 127 training points,"{'n_neighbors': 3, 'weights': 'distance'}"
452,rfe_ridge,GradientBoosting-tiny,20,0.8870838469770155,0.572859384742044,0.3657743649240431,688.0,0.18459302325581395,"100 stages, 688 total nodes","{'learning_rate': 0.1, 'max_depth': 2, 'n_estimators': 100}"
453,correlation,GaussianProcess,20,0.8856186354858749,0.576564145972426,0.3658643437975917,36.77716307382893,3.4532299227390575,gp_effective_dof: trace(K(K+sigma^2*I)^-1),"{'kernel': 1**2 * Matern(length_scale=1, nu=1.5) + WhiteKernel(noise_level=0.5)}"
454,f_regression,GaussianProcess,20,0.8856186354858744,0.5765641459724273,0.36586434379759275,36.777163073828895,3.453229922739061,gp_effective_dof: trace(K(K+sigma^2*I)^-1),"{'kernel': 1**2 * Matern(length_scale=1, nu=1.5) + WhiteKernel(noise_level=0.5)}"
455,mutual_info,GaussianProcess,20,0.884144021610731,0.5802688000186121,0.320406796729915,47.480726397753486,2.674769525135338,gp_effective_dof: trace(K(K+sigma^2*I)^-1),"{'kernel': 1**2 * Matern(length_scale=1, nu=1.5) + WhiteKernel(noise_level=0.5)}"
456,rfe_ridge,HistGradientBoosting-tiny,20,0.877148641537159,0.5975303609582695,0.3923733578160008,798.0,0.15914786967418545,"100 stages, 798 total nodes","{'learning_rate': 0.1, 'max_depth': 3, 'min_samples_leaf': 20}"
457,f_regression,LightGBM-tiny,20,0.8702559499067081,0.6140641181069999,0.3181642793895793,678.0,0.1873156342182891,"100 boosting trees, ~678 total nodes (leaf-based estimate)","{'learning_rate': 0.1, 'max_depth': 2, 'n_estimators': 100, 'num_leaves': 7}"
458,mutual_info,SVR-RBF,20,0.8646798321193567,0.6271208778537726,0.3040886166304457,81.0,1.5679012345679013,81 support vectors (of 127 training points),"{'C': 50, 'epsilon': 0.05, 'gamma': 'scale'}"
459,correlation,LightGBM-tiny,20,0.864011086333103,0.6286685687228442,0.32686621312266634,678.0,0.1873156342182891,"100 boosting trees, ~678 total nodes (leaf-based estimate)","{'learning_rate': 0.1, 'max_depth': 2, 'n_estimators': 100, 'num_leaves': 7}"
460,correlation,GradientBoosting-tiny,20,0.8634971674658428,0.6298553565324778,0.3459194878314678,686.0,0.18513119533527697,"100 stages, 686 total nodes","{'learning_rate': 0.1, 'max_depth': 2, 'n_estimators': 100}"
461,rf_importance,KernelRidge,20,0.8629756225713587,0.6310574732187092,0.39708343795364287,27.36182892928314,4.64150259575968,krr_effective_dof: trace(K(K+alpha*I)^-1),"{'alpha': 0.1, 'gamma': 0.01}"
462,f_regression,GradientBoosting-tiny,20,0.861595401602965,0.634227771813369,0.36223146245672655,686.0,0.18513119533527697,"100 stages, 686 total nodes","{'learning_rate': 0.1, 'max_depth': 2, 'n_estimators': 100}"
463,mutual_info,NuSVR,20,0.8605919459233347,0.6365227464530032,0.2995663464872933,127.0,1.0,127 support vectors (of 127 training points),"{'C': 50, 'nu': 0.7}"
464,mutual_info,KernelRidge,20,0.8597184871871452,0.638513693855095,0.39653850716578254,25.648411859781096,4.951573637163355,krr_effective_dof: trace(K(K+alpha*I)^-1),"{'alpha': 0.1, 'gamma': 0.01}"
465,mutual_info,KNN,20,0.858677593144249,0.6408782134347765,0.34312463344955263,127.0,1.0,non-parametric: stores all 127 training points,"{'n_neighbors': 7, 'weights': 'distance'}"
466,rfe_ridge,LightGBM-tiny,20,0.8521592764491763,0.6554914557721865,0.40397870748942505,1096.0,0.11587591240875912,"100 boosting trees, ~1096 total nodes (leaf-based estimate)","{'learning_rate': 0.1, 'max_depth': 3, 'n_estimators': 100, 'num_leaves': 15}"
467,rfe_ridge,SVR-RBF,20,0.8505655012760784,0.6590151990394575,0.36482012905352756,96.0,1.3229166666666667,96 support vectors (of 127 training points),"{'C': 50, 'epsilon': 0.05, 'gamma': 'scale'}"
468,rf_importance,GradientBoosting-tiny,20,0.8503842536314108,0.6594147344786946,0.34056923838728514,690.0,0.18405797101449275,"100 stages, 690 total nodes","{'learning_rate': 0.1, 'max_depth': 2, 'n_estimators': 100}"
469,mutual_info,GradientBoosting-tiny,20,0.8501777859574667,0.6598695692522553,0.33210215735877063,684.0,0.18567251461988304,"100 stages, 684 total nodes","{'learning_rate': 0.1, 'max_depth': 2, 'n_estimators': 100}"
470,f_regression,HistGradientBoosting-tiny,20,0.8484381426760075,0.6636895120783907,0.38915620039551235,594.0,0.2138047138047138,"100 stages, 594 total nodes","{'learning_rate': 0.1, 'max_depth': 2, 'min_samples_leaf': 20}"
471,correlation,HistGradientBoosting-tiny,20,0.8474348519705777,0.6658825941497152,0.390628327577847,594.0,0.2138047138047138,"100 stages, 594 total nodes","{'learning_rate': 0.1, 'max_depth': 2, 'min_samples_leaf': 20}"
472,rfe_ridge,KNN,20,0.8449896347149073,0.6711975541676872,0.37486761111873496,127.0,1.0,non-parametric: stores all 127 training points,"{'n_neighbors': 3, 'weights': 'distance'}"
473,rfe_ridge,NuSVR,20,0.844885574071864,0.6714228085591442,0.3726654584705392,127.0,1.0,127 support vectors (of 127 training points),"{'C': 10, 'nu': 0.7}"
474,lasso,GradientBoosting-tiny,20,0.8443915710759435,0.6724911205877127,0.38778183720164483,1474.0,0.08616010854816825,"100 stages, 1474 total nodes","{'learning_rate': 0.05, 'max_depth': 3, 'n_estimators': 100}"
475,rfe_ridge,KernelRidge,20,0.8427336867552636,0.6760640587001309,0.4387953325830673,30.591632391912736,4.151462019842196,krr_effective_dof: trace(K(K+alpha*I)^-1),"{'alpha': 0.1, 'gamma': 0.01}"
476,lasso,HistGradientBoosting-tiny,20,0.8404775369003493,0.6808962130744435,0.42160474005607723,784.0,0.16198979591836735,"100 stages, 784 total nodes","{'learning_rate': 0.1, 'max_depth': 3, 'min_samples_leaf': 20}"
477,rfe_ridge,GaussianProcess,20,0.8378832138603107,0.6864106104943848,0.39410575615643545,44.191001434167156,2.873888255037538,gp_effective_dof: trace(K(K+sigma^2*I)^-1),"{'kernel': 1**2 * Matern(length_scale=1, nu=1.5) + WhiteKernel(noise_level=0.5)}"
478,mutual_info,HistGradientBoosting-tiny,20,0.8352243139372172,0.6920166753913695,0.3796419062599863,778.0,0.16323907455012854,"100 stages, 778 total nodes","{'learning_rate': 0.1, 'max_depth': 3, 'min_samples_leaf': 20}"
479,lasso,LightGBM-tiny,20,0.8345443528800016,0.6934430386036111,0.4038948971249785,1072.0,0.11847014925373134,"100 boosting trees, ~1072 total nodes (leaf-based estimate)","{'learning_rate': 0.1, 'max_depth': 3, 'n_estimators': 100, 'num_leaves': 15}"
480,mutual_info,LightGBM-tiny,20,0.8300156412111408,0.702869140623525,0.36674306752679114,662.0,0.19184290030211482,"100 boosting trees, ~662 total nodes (leaf-based estimate)","{'learning_rate': 0.1, 'max_depth': 2, 'n_estimators': 100, 'num_leaves': 7}"
481,rf_importance,RidgeCV,20,0.828432436734333,0.7061347543017612,0.4920523347040508,21.0,6.0476190476190474,linear coefficients + intercept,{}
482,rf_importance,ExtraTrees-tiny,20,0.8283743856280262,0.7062542070585048,0.43503978531602594,1168.0,0.10873287671232877,"100 trees, 1168 total nodes","{'max_depth': 3, 'min_samples_leaf': 10, 'n_estimators': 100}"
483,rf_importance,LightGBM-tiny,20,0.8280069693358953,0.707009777760245,0.38068781527994844,646.0,0.19659442724458204,"100 boosting trees, ~646 total nodes (leaf-based estimate)","{'learning_rate': 0.1, 'max_depth': 2, 'n_estimators': 100, 'num_leaves': 7}"
484,rf_importance,HistGradientBoosting-tiny,20,0.8275366741031851,0.7079757364937055,0.3878810511954645,762.0,0.16666666666666666,"100 stages, 762 total nodes","{'learning_rate': 0.1, 'max_depth': 3, 'min_samples_leaf': 20}"
485,mutual_info,ElasticNet,20,0.826136755522108,0.7108433179050483,0.5050294578584519,21.0,6.0476190476190474,linear coefficients + intercept,"{'alpha': 0.01, 'l1_ratio': 0.8}"
486,mutual_info,Ridge,20,0.8253387156914843,0.7124728509642113,0.5057515153454305,21.0,6.0476190476190474,linear coefficients + intercept,{'alpha': 1}
487,rf_importance,Ridge,20,0.8245580254617842,0.7140633592469872,0.4917374778083691,21.0,6.0476190476190474,linear coefficients + intercept,{'alpha': 1}
488,rf_importance,BayesianRidge,20,0.8241105063090016,0.7149734992165533,0.4927029440292183,21.0,6.0476190476190474,linear coefficients + intercept,{}
489,lasso,ExtraTrees-tiny,20,0.8232179160968823,0.7167853491953585,0.4775157322962989,2480.0,0.05120967741935484,"200 trees, 2480 total nodes","{'max_depth': 3, 'min_samples_leaf': 10, 'n_estimators': 200}"
490,rf_importance,ElasticNet,20,0.8227772833622718,0.7176780938607755,0.4855031465781104,21.0,6.0476190476190474,linear coefficients + intercept,"{'alpha': 0.01, 'l1_ratio': 0.8}"
491,mutual_info,BayesianRidge,20,0.8215077119046372,0.720244123962624,0.5101189497869829,21.0,6.0476190476190474,linear coefficients + intercept,{}
492,mutual_info,ExtraTrees-tiny,20,0.8210955578348902,0.7210751973487117,0.44368349190508805,2396.0,0.05300500834724541,"200 trees, 2396 total nodes","{'max_depth': 3, 'min_samples_leaf': 10, 'n_estimators': 200}"
493,mutual_info,TweedieRegressor,20,0.8210395551276614,0.7211880481056626,0.5030246455318726,21.0,6.0476190476190474,linear coefficients + intercept,{'alpha': 0.01}
494,mutual_info,LassoLars,20,0.820874531455642,0.7215204837912171,0.5145592746391805,21.0,6.0476190476190474,linear coefficients + intercept,{'alpha': 0.01}
495,mutual_info,Lasso,20,0.8208404943676587,0.7215890315244373,0.5146260417276343,21.0,6.0476190476190474,linear coefficients + intercept,{'alpha': 0.01}
496,f_regression,SmallMLP,20,0.8206293838531956,0.7220140443698521,0.5043506637439347,177.0,0.7175141242937854,"layers (8,)","{'alpha': 1.0, 'hidden_layer_sizes': (8,)}"
497,rf_importance,TweedieRegressor,20,0.8204862492319809,0.7223020642258245,0.5012766912966515,21.0,6.0476190476190474,linear coefficients + intercept,{'alpha': 0.01}
498,rf_importance,Lasso,20,0.8198497551350336,0.72358144866874,0.48522182054876567,21.0,6.0476190476190474,linear coefficients + intercept,{'alpha': 0.01}
499,f_regression,RandomForest-tiny,20,0.8194803061686032,0.7243230227415712,0.4165699688849168,2962.0,0.04287643484132343,"200 trees, 2962 total nodes","{'max_depth': 3, 'min_samples_leaf': 3, 'n_estimators': 200}"
500,rf_importance,LassoLars,20,0.8189480130257816,0.725390131741336,0.48561646044272383,21.0,6.0476190476190474,linear coefficients + intercept,{'alpha': 0.01}
501,correlation,RandomForest-tiny,20,0.8180463603692785,0.7271941375049852,0.41844818433522696,2962.0,0.04287643484132343,"200 trees, 2962 total nodes","{'max_depth': 3, 'min_samples_leaf': 3, 'n_estimators': 200}"
502,mutual_info,LassoLarsIC,20,0.8170131215772913,0.7292559306607543,0.5132978465873838,21.0,6.0476190476190474,linear coefficients + intercept,{}
503,mutual_info,RandomForest-tiny,20,0.8151985343311146,0.73286283971833,0.4160173188767487,2970.0,0.04276094276094276,"200 trees, 2970 total nodes","{'max_depth': 3, 'min_samples_leaf': 3, 'n_estimators': 200}"
504,rfe_ridge,Bagging-tiny,20,0.8134608271661198,0.7363003700449113,0.4586862179554777,740.0,0.17162162162162162,"50 trees, 740 total nodes","{'max_samples': 0.7, 'n_estimators': 50}"
505,mutual_info,RidgeCV,20,0.813291665312502,0.7366341490270583,0.5245709045163177,21.0,6.0476190476190474,linear coefficients + intercept,{}
506,mutual_info,PLS,20,0.811709864543507,0.7397479653996996,0.5268502038935228,6.0,21.166666666666668,5 latent components (true PLS dimensionality),{'n_components': 5}
507,rfe_ridge,RandomForest-tiny,20,0.8114994263794872,0.7401612311610671,0.4511310374882996,2884.0,0.04403606102635229,"200 trees, 2884 total nodes","{'max_depth': 3, 'min_samples_leaf': 3, 'n_estimators': 200}"
508,rf_importance,RandomForest-tiny,20,0.8105076618527103,0.7421057945901933,0.4251256856294598,2968.0,0.042789757412398925,"200 trees, 2968 total nodes","{'max_depth': 3, 'min_samples_leaf': 3, 'n_estimators': 200}"
509,mutual_info,LinearRegression,20,0.8077193517881982,0.7475457628053049,0.5169104595326783,21.0,6.0476190476190474,linear coefficients + intercept,{}
510,rf_importance,Bagging-tiny,20,0.8048697170547274,0.7530647729858773,0.4274490397071879,300.0,0.42333333333333334,"20 trees, 300 total nodes","{'max_samples': 0.7, 'n_estimators': 20}"
511,rf_importance,LassoLarsIC,20,0.8035216324774542,0.7556616216600733,0.4967471203559384,21.0,6.0476190476190474,linear coefficients + intercept,{}
512,mutual_info,SGDRegressor,20,0.80135427682698,0.7598180477157819,0.5289801057578581,21.0,6.0476190476190474,linear coefficients + intercept,"{'alpha': 0.01, 'penalty': 'elasticnet'}"
513,lasso,RandomForest-tiny,20,0.8004625297447322,0.761521600145374,0.4599474935075178,2766.0,0.04591467823571945,"200 trees, 2766 total nodes","{'max_depth': 3, 'min_samples_leaf': 5, 'n_estimators': 200}"
514,correlation,Bagging-tiny,20,0.7999936077688858,0.7624158799571964,0.4350755257157582,300.0,0.42333333333333334,"20 trees, 300 total nodes","{'max_samples': 0.7, 'n_estimators': 20}"
515,f_regression,Bagging-tiny,20,0.7996679448651153,0.7630363340792514,0.436294995730554,300.0,0.42333333333333334,"20 trees, 300 total nodes","{'max_samples': 0.7, 'n_estimators': 20}"
516,lasso,SVR-RBF,20,0.7970386444910782,0.7680273269002074,0.4119272945936124,88.0,1.4431818181818181,88 support vectors (of 127 training points),"{'C': 10, 'epsilon': 0.05, 'gamma': 'scale'}"
517,correlation,ExtraTrees-tiny,20,0.7965283087273914,0.7689923030531607,0.5066477376808382,1402.0,0.0905848787446505,"100 trees, 1402 total nodes","{'max_depth': 3, 'min_samples_leaf': 5, 'n_estimators': 100}"
518,rfe_ridge,ExtraTrees-tiny,20,0.7952698239751942,0.771366769177613,0.5080298967143019,1204.0,0.10548172757475083,"100 trees, 1204 total nodes","{'max_depth': 3, 'min_samples_leaf': 10, 'n_estimators': 100}"
519,mutual_info,LinearSVR,20,0.7948969925749847,0.7720688125837784,0.4922630097281985,21.0,6.0476190476190474,linear coefficients + intercept,"{'C': 1, 'epsilon': 0.01}"
520,lasso,NuSVR,20,0.794508465597876,0.7727997322368236,0.4117689227389791,127.0,1.0,127 support vectors (of 127 training points),"{'C': 10, 'nu': 0.5}"
521,mutual_info,ElasticNetCV,20,0.7935344385417356,0.7746290970770544,0.541105402562104,21.0,6.0476190476190474,linear coefficients + intercept,{}
522,mutual_info,HuberRegressor,20,0.7934730175239657,0.7747443099222828,0.5236425757636005,21.0,6.0476190476190474,linear coefficients + intercept,"{'alpha': 0.01, 'epsilon': 1.2}"
523,rf_importance,PLS,20,0.7925814446175865,0.776414786955724,0.5288692536770978,8.0,15.875,7 latent components (true PLS dimensionality),{'n_components': 7}
524,lasso,Bagging-tiny,20,0.7919723264173386,0.7775539851291519,0.4825559059464465,742.0,0.1711590296495957,"50 trees, 742 total nodes","{'max_samples': 0.7, 'n_estimators': 50}"
525,mutual_info,Bagging-tiny,20,0.7915931085947953,0.778262371827903,0.43992639205630335,300.0,0.42333333333333334,"20 trees, 300 total nodes","{'max_samples': 0.7, 'n_estimators': 20}"
526,correlation,KNN,20,0.7906617131667995,0.7799995071306833,0.452806829771628,127.0,1.0,non-parametric: stores all 127 training points,"{'n_neighbors': 9, 'weights': 'uniform'}"
527,f_regression,KNN,20,0.7906617131667993,0.7799995071306833,0.452806829771628,127.0,1.0,non-parametric: stores all 127 training points,"{'n_neighbors': 9, 'weights': 'uniform'}"
528,f_regression,ExtraTrees-tiny,20,0.7893269149086969,0.7824823009324042,0.5061689557788027,2774.0,0.04578226387887527,"200 trees, 2774 total nodes","{'max_depth': 3, 'min_samples_leaf': 5, 'n_estimators': 200}"
529,rf_importance,LinearRegression,20,0.7892811642522936,0.7825672598997953,0.5273114630776717,21.0,6.0476190476190474,linear coefficients + intercept,{}
530,rf_importance,SGDRegressor,20,0.7857465785733984,0.7891033341434468,0.5314107421202168,21.0,6.0476190476190474,linear coefficients + intercept,"{'alpha': 0.01, 'penalty': 'l2'}"
531,correlation,KernelRidge,20,0.7783889918334905,0.8025381013317777,0.5672198780433465,27.80224036165324,4.567977197088301,krr_effective_dof: trace(K(K+alpha*I)^-1),"{'alpha': 0.1, 'gamma': 0.01}"
532,f_regression,KernelRidge,20,0.7783889918334899,0.8025381013317789,0.5672198780433491,27.80224036165323,4.567977197088303,krr_effective_dof: trace(K(K+alpha*I)^-1),"{'alpha': 0.1, 'gamma': 0.01}"
533,rfe_ridge,SGDRegressor,20,0.7761260795791838,0.8066251292534721,0.5496358251548848,21.0,6.0476190476190474,linear coefficients + intercept,"{'alpha': 0.0001, 'penalty': 'l2'}"
534,mutual_info,OrthogonalMatchingPursuit,20,0.7684169981431912,0.8203956236172376,0.6197785084767201,21.0,6.0476190476190474,linear coefficients + intercept,{'n_nonzero_coefs': 10}
535,lasso,KernelRidge,20,0.76814251123815,0.8208816721756451,0.5063012567134512,30.163176899879428,4.210431826247973,krr_effective_dof: trace(K(K+alpha*I)^-1),"{'alpha': 0.1, 'gamma': 0.01}"
536,rfe_ridge,RidgeCV,20,0.7647463474438844,0.8268718040286832,0.5541864483470003,21.0,6.0476190476190474,linear coefficients + intercept,{}
537,rfe_ridge,LassoLarsIC,20,0.7601224612657443,0.8349583023958266,0.5558914999868652,21.0,6.0476190476190474,linear coefficients + intercept,{}
538,rfe_ridge,PassiveAggressiveRegressor,20,0.7596026048497813,0.8358625627890143,0.6109461321477413,21.0,6.0476190476190474,linear coefficients + intercept,{'C': 1}
539,rfe_ridge,PLS,20,0.7592431932493028,0.836487167099284,0.5556903374080496,8.0,15.875,7 latent components (true PLS dimensionality),{'n_components': 7}
540,rfe_ridge,LassoLars,20,0.7562406909750279,0.841686963198487,0.5559201011195336,21.0,6.0476190476190474,linear coefficients + intercept,{'alpha': 0.01}
541,rfe_ridge,Lasso,20,0.7562386187185243,0.8416905408825219,0.5559440911505601,21.0,6.0476190476190474,linear coefficients + intercept,{'alpha': 0.01}
542,rfe_ridge,BayesianRidge,20,0.755403419940918,0.8431312485594255,0.5589240169058274,21.0,6.0476190476190474,linear coefficients + intercept,{}
543,rf_importance,LinearSVR,20,0.7551421508875291,0.8435814292399902,0.5045567432321515,21.0,6.0476190476190474,linear coefficients + intercept,"{'C': 0.1, 'epsilon': 0.01}"
544,rf_importance,ExtraTree-tiny,20,0.753562824863494,0.8462975943573009,0.5162036129119938,15.0,8.466666666666667,"single tree, 15 nodes","{'max_depth': 3, 'min_samples_leaf': 5}"
545,rfe_ridge,ElasticNet,20,0.7526636155202968,0.8478401899030119,0.5600935355143153,21.0,6.0476190476190474,linear coefficients + intercept,"{'alpha': 0.01, 'l1_ratio': 0.5}"
546,mutual_info,PassiveAggressiveRegressor,20,0.7513597653317698,0.850071975471458,0.5479702803554002,21.0,6.0476190476190474,linear coefficients + intercept,{'C': 0.01}
547,mutual_info,LassoCV,20,0.7509472847257722,0.8507767948305023,0.5847482703486382,21.0,6.0476190476190474,linear coefficients + intercept,{}
548,rfe_ridge,TweedieRegressor,20,0.7505016870509285,0.8515375469111153,0.5637562530148803,21.0,6.0476190476190474,linear coefficients + intercept,{'alpha': 0.01}
549,rfe_ridge,Ridge,20,0.7495283451689057,0.8531969376252098,0.5641434203271413,21.0,6.0476190476190474,linear coefficients + intercept,{'alpha': 1}
550,mutual_info,LassoLarsCV,20,0.7477467006983483,0.8562260229167439,0.5864020649496378,21.0,6.0476190476190474,linear coefficients + intercept,{}
551,rfe_ridge,ElasticNetCV,20,0.7476961212129118,0.856311859853448,0.5612008202726442,21.0,6.0476190476190474,linear coefficients + intercept,{}
552,lasso,KNN,20,0.747103089741256,0.8573176347781762,0.4315703998690264,127.0,1.0,non-parametric: stores all 127 training points,"{'n_neighbors': 3, 'weights': 'distance'}"
553,rfe_ridge,LassoCV,20,0.743296809294909,0.863745163965273,0.5636624143933996,21.0,6.0476190476190474,linear coefficients + intercept,{}
554,rf_importance,ElasticNetCV,20,0.7423279429402955,0.8653736312340657,0.5340281988977562,21.0,6.0476190476190474,linear coefficients + intercept,{}
555,lasso,AdaBoost-tiny,20,0.7399564129937244,0.8693468191466267,0.5991923496672891,350.0,0.3628571428571429,"50 trees, 350 total nodes","{'learning_rate': 0.5, 'n_estimators': 50}"
556,rfe_ridge,LinearRegression,20,0.739450864251143,0.8701914540748461,0.5681135604831805,21.0,6.0476190476190474,linear coefficients + intercept,{}
557,lasso,OrthogonalMatchingPursuit,20,0.7394367404335712,0.8702150393743321,0.6226685754216695,21.0,6.0476190476190474,linear coefficients + intercept,{'n_nonzero_coefs': 10}
558,rfe_ridge,LassoLarsCV,20,0.7381586504205752,0.8723466764423736,0.5672081380307181,21.0,6.0476190476190474,linear coefficients + intercept,{}
559,mutual_info,SmallMLP,20,0.7339051836240031,0.8794035260400127,0.5846978424458373,177.0,0.7175141242937854,"layers (8,)","{'alpha': 1.0, 'hidden_layer_sizes': (8,)}"
560,rf_importance,OrthogonalMatchingPursuit,20,0.7255644299236749,0.893079654293974,0.623159920798192,21.0,6.0476190476190474,linear coefficients + intercept,{'n_nonzero_coefs': 10}
561,rf_importance,LassoCV,20,0.7242169377780999,0.8952695020322365,0.5202566084648765,21.0,6.0476190476190474,linear coefficients + intercept,{}
562,rfe_ridge,LinearSVR,20,0.7240790239820385,0.895493327567683,0.5510896781093335,21.0,6.0476190476190474,linear coefficients + intercept,"{'C': 1, 'epsilon': 0.01}"
563,rf_importance,LassoLarsCV,20,0.7239202462712253,0.8957509446826716,0.5197876162264211,21.0,6.0476190476190474,linear coefficients + intercept,{}
564,f_regression,HuberRegressor,20,0.7217675506222069,0.8992364137236714,0.5900326922038837,21.0,6.0476190476190474,linear coefficients + intercept,"{'alpha': 0.1, 'epsilon': 1.5}"
565,correlation,HuberRegressor,20,0.721765970920262,0.8992389664875536,0.5900298727607234,21.0,6.0476190476190474,linear coefficients + intercept,"{'alpha': 0.1, 'epsilon': 1.5}"
566,rfe_ridge,SmallMLP,20,0.7214304923847725,0.8997809283957046,0.5935600386933507,89.0,1.4269662921348314,"layers (4,)","{'alpha': 0.1, 'hidden_layer_sizes': (4,)}"
567,correlation,SmallMLP,20,0.7204301422817189,0.9013950485716731,0.6075071217456064,89.0,1.4269662921348314,"layers (4,)","{'alpha': 1.0, 'hidden_layer_sizes': (4,)}"
568,f_regression,BayesianRidge,20,0.7171519775175657,0.9066644108755265,0.6716895478856486,21.0,6.0476190476190474,linear coefficients + intercept,{}
569,correlation,BayesianRidge,20,0.7171519775175651,0.9066644108755273,0.6716895478856503,21.0,6.0476190476190474,linear coefficients + intercept,{}
570,rf_importance,AdaBoost-tiny,20,0.7168359208898326,0.9071708264552004,0.6285585122484618,350.0,0.3628571428571429,"50 trees, 350 total nodes","{'learning_rate': 0.5, 'n_estimators': 50}"
571,f_regression,SGDRegressor,20,0.7168288672859945,0.907182125176061,0.6869152361752917,21.0,6.0476190476190474,linear coefficients + intercept,"{'alpha': 0.01, 'penalty': 'l2'}"
572,correlation,SGDRegressor,20,0.7168288672859944,0.9071821251760611,0.6869152361752918,21.0,6.0476190476190474,linear coefficients + intercept,"{'alpha': 0.01, 'penalty': 'l2'}"
573,rf_importance,PassiveAggressiveRegressor,20,0.7108962232139426,0.9166359330713277,0.6273363696422335,21.0,6.0476190476190474,linear coefficients + intercept,{'C': 1}
574,f_regression,LassoLarsIC,20,0.7092045749765572,0.9193138016822782,0.6784975520429936,21.0,6.0476190476190474,linear coefficients + intercept,{}
575,correlation,LassoLarsIC,20,0.7092045749765571,0.9193138016822784,0.6784975520429938,21.0,6.0476190476190474,linear coefficients + intercept,{}
576,lasso,DecisionTree-tiny,20,0.7078961496678163,0.9213796929001433,0.5523674894923877,17.0,7.470588235294118,"single tree, 17 nodes","{'max_depth': 4, 'min_samples_leaf': 10}"
577,rfe_ridge,HuberRegressor,20,0.7064810114766811,0.9236088730312121,0.5757436213801583,21.0,6.0476190476190474,linear coefficients + intercept,"{'alpha': 0.1, 'epsilon': 1.5}"
578,rf_importance,SmallMLP,20,0.7051029299998102,0.9257745213486922,0.5682299091340492,177.0,0.7175141242937854,"layers (8,)","{'alpha': 1.0, 'hidden_layer_sizes': (8,)}"
579,lasso,GaussianProcess,20,0.7047420171332673,0.9263408575427289,0.5202918723453402,41.30684087598344,3.074551268185705,gp_effective_dof: trace(K(K+sigma^2*I)^-1),"{'kernel': 1**2 * Matern(length_scale=1, nu=1.5) + WhiteKernel(noise_level=0.5)}"
580,correlation,AdaBoost-tiny,20,0.7038885027515269,0.9276787971190622,0.725020452215756,350.0,0.3628571428571429,"50 trees, 350 total nodes","{'learning_rate': 0.5, 'n_estimators': 50}"
581,correlation,ExtraTree-tiny,20,0.7037654539483711,0.9278715250450635,0.5534203780401181,13.0,9.76923076923077,"single tree, 13 nodes","{'max_depth': 3, 'min_samples_leaf': 10}"
582,rfe_ridge,RANSACRegressor,20,0.7031787736415044,0.9287898762337861,0.5647988460850449,21.0,6.0476190476190474,RANSAC inlier-fitted LinearRegression,{}
583,lasso,ExtraTree-tiny,20,0.6989886783109385,0.935322562331071,0.6495084883431717,15.0,8.466666666666667,"single tree, 15 nodes","{'max_depth': 3, 'min_samples_leaf': 5}"
584,rfe_ridge,OrthogonalMatchingPursuit,20,0.6931959609358413,0.944279435668895,0.6488782512172769,21.0,6.0476190476190474,linear coefficients + intercept,{'n_nonzero_coefs': 10}
585,correlation,RidgeCV,20,0.6931500033212183,0.9443501570412429,0.6866530053954654,21.0,6.0476190476190474,linear coefficients + intercept,{}
586,f_regression,RidgeCV,20,0.6931500033210882,0.944350157041443,0.6866530053955175,21.0,6.0476190476190474,linear coefficients + intercept,{}
587,rfe_ridge,OrthogonalMatchingPursuitCV,20,0.6923707892273644,0.945548436978607,0.7132145136227253,21.0,6.0476190476190474,linear coefficients + intercept,{}
588,f_regression,AdaBoost-tiny,20,0.6920569115152134,0.9460306911089376,0.768264153480213,350.0,0.3628571428571429,"50 trees, 350 total nodes","{'learning_rate': 0.5, 'n_estimators': 50}"
589,f_regression,LinearRegression,20,0.691529205988585,0.9468409251290238,0.6789295384362165,21.0,6.0476190476190474,linear coefficients + intercept,{}
590,correlation,LinearRegression,20,0.6915292059885848,0.9468409251290242,0.6789295384362165,21.0,6.0476190476190474,linear coefficients + intercept,{}
591,f_regression,LassoCV,20,0.6897482256032174,0.9495703214702909,0.7142040139566446,21.0,6.0476190476190474,linear coefficients + intercept,{}
592,correlation,LassoCV,20,0.689614019175363,0.9497756783332343,0.7143150163408162,21.0,6.0476190476190474,linear coefficients + intercept,{}
593,correlation,LassoLarsCV,20,0.6865849576546421,0.9543988639492591,0.7166434572176916,21.0,6.0476190476190474,linear coefficients + intercept,{}
594,f_regression,LassoLarsCV,20,0.686584957654642,0.9543988639492592,0.7166434572176915,21.0,6.0476190476190474,linear coefficients + intercept,{}
595,rfe_ridge,AdaBoost-tiny,20,0.6729157121558244,0.9749892709355704,0.7019256965689712,350.0,0.3628571428571429,"50 trees, 350 total nodes","{'learning_rate': 0.5, 'n_estimators': 50}"
596,f_regression,ExtraTree-tiny,20,0.6651839860689472,0.9864455233955508,0.6674723994892516,13.0,9.76923076923077,"single tree, 13 nodes","{'max_depth': 3, 'min_samples_leaf': 10}"
597,mutual_info,AdaBoost-tiny,20,0.6644198013175855,0.9875706144186708,0.6618544617785336,350.0,0.3628571428571429,"50 trees, 350 total nodes","{'learning_rate': 0.5, 'n_estimators': 50}"
598,mutual_info,ExtraTree-tiny,20,0.6521636089690246,1.0054431129058956,0.6416999371431723,13.0,9.76923076923077,"single tree, 13 nodes","{'max_depth': 3, 'min_samples_leaf': 10}"
599,f_regression,ElasticNetCV,20,0.6439151476199105,1.0172946139690262,0.7343362797825237,21.0,6.0476190476190474,linear coefficients + intercept,{}
600,correlation,ElasticNetCV,20,0.6438897443445107,1.0173309004807645,0.7343535304315992,21.0,6.0476190476190474,linear coefficients + intercept,{}
601,rfe_ridge,DecisionTree-tiny,20,0.6437862823190181,1.0174786741968533,0.6034544183863023,21.0,6.0476190476190474,"single tree, 21 nodes","{'max_depth': 4, 'min_samples_leaf': 5}"
602,f_regression,Ridge,20,0.639726567685031,1.0232602742370438,0.7472442493797924,21.0,6.0476190476190474,linear coefficients + intercept,{'alpha': 50}
603,correlation,Ridge,20,0.6397265676850308,1.0232602742370438,0.7472442493797924,21.0,6.0476190476190474,linear coefficients + intercept,{'alpha': 50}
604,f_regression,DecisionTree-tiny,20,0.6381248657839576,1.0255323545514952,0.6208021932005987,25.0,5.08,"single tree, 25 nodes","{'max_depth': 4, 'min_samples_leaf': 5}"
605,f_regression,PLS,20,0.6334797122715109,1.0320934094661702,0.7758712235649035,4.0,31.75,3 latent components (true PLS dimensionality),{'n_components': 3}
606,correlation,PLS,20,0.6334797122715108,1.0320934094661705,0.7758712235649035,4.0,31.75,3 latent components (true PLS dimensionality),{'n_components': 3}
607,lasso,OrthogonalMatchingPursuitCV,20,0.6324238642607369,1.0335789344554582,0.7465511070788244,21.0,6.0476190476190474,linear coefficients + intercept,{}
608,rfe_ridge,LarsCV,20,0.6274114070257564,1.0406022790104412,0.7681603238637078,21.0,6.0476190476190474,linear coefficients + intercept,{}
609,rf_importance,HuberRegressor,20,0.6249592439101879,1.044020985106387,0.5304613659962417,21.0,6.0476190476190474,linear coefficients + intercept,"{'alpha': 0.1, 'epsilon': 1.5}"
610,correlation,DecisionTree-tiny,20,0.6149186966244262,1.0579038848643914,0.6403258629034834,25.0,5.08,"single tree, 25 nodes","{'max_depth': 4, 'min_samples_leaf': 5}"
611,rfe_ridge,ExtraTree-tiny,20,0.6080851576438997,1.0672492320554088,0.7009199862698976,21.0,6.0476190476190474,"single tree, 21 nodes","{'max_depth': 4, 'min_samples_leaf': 5}"
612,correlation,OrthogonalMatchingPursuitCV,20,0.6063289837027313,1.0696377360335456,0.8273643371421221,21.0,6.0476190476190474,linear coefficients + intercept,{}
613,f_regression,OrthogonalMatchingPursuitCV,20,0.6063289837027313,1.0696377360335456,0.8273643371421221,21.0,6.0476190476190474,linear coefficients + intercept,{}
614,f_regression,TweedieRegressor,20,0.605630388901907,1.070586386195835,0.7981459140849311,21.0,6.0476190476190474,linear coefficients + intercept,{'alpha': 1}
615,correlation,TweedieRegressor,20,0.6056303889019066,1.0705863861958353,0.7981459140849364,21.0,6.0476190476190474,linear coefficients + intercept,{'alpha': 1}
616,correlation,LinearSVR,20,0.5926626284603761,1.0880456669346075,0.6782037504646491,21.0,6.0476190476190474,linear coefficients + intercept,"{'C': 0.1, 'epsilon': 0.1}"
617,f_regression,LinearSVR,20,0.5926626284603758,1.0880456669346081,0.6782037504646486,21.0,6.0476190476190474,linear coefficients + intercept,"{'C': 0.1, 'epsilon': 0.1}"
618,f_regression,ElasticNet,20,0.5827785917607822,1.101167253127195,0.7940392887009553,21.0,6.0476190476190474,linear coefficients + intercept,"{'alpha': 0.1, 'l1_ratio': 0.8}"
619,correlation,ElasticNet,20,0.582329187293549,1.10176014731259,0.7942041966542828,21.0,6.0476190476190474,linear coefficients + intercept,"{'alpha': 0.1, 'l1_ratio': 0.8}"
620,rf_importance,DecisionTree-tiny,20,0.5762089369163301,1.1098029948613655,0.7214220417883743,7.0,18.142857142857142,"single tree, 7 nodes","{'max_depth': 2, 'min_samples_leaf': 5}"
621,f_regression,Lasso,20,0.567155214332502,1.1215950668665906,0.793424623064581,21.0,6.0476190476190474,linear coefficients + intercept,{'alpha': 0.1}
622,correlation,LassoLars,20,0.5667383710995564,1.1221350026842214,0.7935344614895824,21.0,6.0476190476190474,linear coefficients + intercept,{'alpha': 0.1}
623,f_regression,LassoLars,20,0.5667383710995559,1.122135002684222,0.7935344614895825,21.0,6.0476190476190474,linear coefficients + intercept,{'alpha': 0.1}
624,correlation,Lasso,20,0.5663114676867529,1.1226877002751552,0.7936451253614811,21.0,6.0476190476190474,linear coefficients + intercept,{'alpha': 0.1}
625,rf_importance,OrthogonalMatchingPursuitCV,20,0.5256517621792418,1.1741366409971292,0.7348550664613386,21.0,6.0476190476190474,linear coefficients + intercept,{}
626,mutual_info,DecisionTree-tiny,20,0.5125028712079321,1.1902988842602864,0.7655164961919992,7.0,18.142857142857142,"single tree, 7 nodes","{'max_depth': 2, 'min_samples_leaf': 5}"
627,correlation,OrthogonalMatchingPursuit,20,0.5107575347277635,1.1924277336657352,0.9299644594829236,21.0,6.0476190476190474,linear coefficients + intercept,{'n_nonzero_coefs': 3}
628,f_regression,OrthogonalMatchingPursuit,20,0.5107575347277635,1.1924277336657352,0.9299644594829235,21.0,6.0476190476190474,linear coefficients + intercept,{'n_nonzero_coefs': 3}
629,correlation,PassiveAggressiveRegressor,20,0.5068333354686692,1.1972003961227604,0.8462723808881562,21.0,6.0476190476190474,linear coefficients + intercept,{'C': 1}
630,f_regression,PassiveAggressiveRegressor,20,0.506833335468669,1.1972003961227606,0.846272380888156,21.0,6.0476190476190474,linear coefficients + intercept,{'C': 1}
631,mutual_info,LarsCV,20,0.4814919577239837,1.2275741762197185,0.950018166155324,21.0,6.0476190476190474,linear coefficients + intercept,{}
632,mutual_info,OrthogonalMatchingPursuitCV,20,0.47496423933429754,1.2352772346211136,0.8193929608444759,21.0,6.0476190476190474,linear coefficients + intercept,{}
633,rf_importance,LarsCV,20,0.4363832285144621,1.2798584771997072,0.9792329754498003,21.0,6.0476190476190474,linear coefficients + intercept,{}
634,correlation,LarsCV,20,0.33807810601312505,1.3869901234133315,1.0914732891958818,21.0,6.0476190476190474,linear coefficients + intercept,{}
635,f_regression,LarsCV,20,0.33807810601312505,1.3869901234133315,1.0914732891958818,21.0,6.0476190476190474,linear coefficients + intercept,{}
636,f_regression,Dummy-baseline,20,-0.02235889992051332,1.7237397091185145,1.357759080191666,1.0,127.0,constant baseline,{}
637,rf_importance,Dummy-baseline,20,-0.02235889992051332,1.7237397091185145,1.357759080191666,1.0,127.0,constant baseline,{}
638,lasso,Dummy-baseline,20,-0.02235889992051332,1.7237397091185145,1.357759080191666,1.0,127.0,constant baseline,{}
639,rfe_ridge,Dummy-baseline,20,-0.02235889992051332,1.7237397091185145,1.357759080191666,1.0,127.0,constant baseline,{}
640,correlation,Dummy-baseline,20,-0.02235889992051332,1.7237397091185145,1.357759080191666,1.0,127.0,constant baseline,{}
641,mutual_info,Dummy-baseline,20,-0.02235889992051332,1.7237397091185145,1.357759080191666,1.0,127.0,constant baseline,{}
642,rf_importance,RANSACRegressor,20,-0.7343311479343344,2.2451016413665674,1.028620684714734,21.0,6.0476190476190474,RANSAC inlier-fitted LinearRegression,{}
643,lasso,SmallMLP,20,-0.8457242996817549,2.316079221603609,0.8581670135574903,177.0,0.7175141242937854,"layers (8,)","{'alpha': 1.0, 'hidden_layer_sizes': (8,)}"
644,f_regression,RANSACRegressor,20,-1.044387645600111,2.437539259850019,1.1100758716568164,21.0,6.0476190476190474,RANSAC inlier-fitted LinearRegression,{}
645,correlation,RANSACRegressor,20,-1.044387645600112,2.4375392598500194,1.1100758716568166,21.0,6.0476190476190474,RANSAC inlier-fitted LinearRegression,{}
646,mutual_info,RANSACRegressor,20,-2.5260650090586987,3.201217282879221,1.1360279256198011,21.0,6.0476190476190474,RANSAC inlier-fitted LinearRegression,{}
647,lasso,SGDRegressor,20,-43.653611374667975,11.391955756093706,1.7200342237065955,21.0,6.0476190476190474,linear coefficients + intercept,"{'alpha': 0.0001, 'penalty': 'l2'}"
648,lasso,PLS,20,-61.40286078092969,13.467042953860428,1.947146629358046,4.0,31.75,3 latent components (true PLS dimensionality),{'n_components': 3}
649,lasso,LarsCV,20,-73.8135587115181,14.745522027192232,2.141231528789059,21.0,6.0476190476190474,linear coefficients + intercept,{}
650,lasso,LinearSVR,20,-200.91068437677188,24.224211287999033,2.939780798221294,21.0,6.0476190476190474,linear coefficients + intercept,"{'C': 1, 'epsilon': 0.1}"
651,lasso,BayesianRidge,20,-228.07313563189282,25.802220110234956,3.140326397529419,21.0,6.0476190476190474,linear coefficients + intercept,{}
652,lasso,PassiveAggressiveRegressor,20,-228.62570294719293,25.833321260293165,3.1770549361958613,21.0,6.0476190476190474,linear coefficients + intercept,{'C': 0.01}
653,lasso,HuberRegressor,20,-265.4550594921172,27.82799912125509,3.313646354640812,21.0,6.0476190476190474,linear coefficients + intercept,"{'alpha': 0.1, 'epsilon': 1.5}"
654,lasso,TweedieRegressor,20,-272.68377190258417,28.202948784672234,3.372148564009886,21.0,6.0476190476190474,linear coefficients + intercept,{'alpha': 0.01}
655,lasso,ElasticNet,20,-284.4223791184987,28.801427028340473,3.4266888629397134,21.0,6.0476190476190474,linear coefficients + intercept,"{'alpha': 0.01, 'l1_ratio': 0.2}"
656,lasso,RidgeCV,20,-285.0063371481364,28.830875018418144,3.4484552934644794,21.0,6.0476190476190474,linear coefficients + intercept,{}
657,lasso,Ridge,20,-285.00855773822656,28.83098694151699,3.4422534781627077,21.0,6.0476190476190474,linear coefficients + intercept,{'alpha': 1}
658,lasso,LassoLars,20,-339.8631222135132,31.474584400352384,3.683677492666964,21.0,6.0476190476190474,linear coefficients + intercept,{'alpha': 0.01}
659,lasso,Lasso,20,-340.46178143689707,31.502211742491035,3.6865883248427442,21.0,6.0476190476190474,linear coefficients + intercept,{'alpha': 0.01}
660,lasso,LassoCV,20,-361.95071131323357,32.47833980829086,3.8012418717134966,21.0,6.0476190476190474,linear coefficients + intercept,{}
661,lasso,ElasticNetCV,20,-371.71825462994167,32.91245871034689,3.8416195295870224,21.0,6.0476190476190474,linear coefficients + intercept,{}
662,lasso,LassoLarsIC,20,-379.69621663820874,33.262836097708124,3.8738941032271357,21.0,6.0476190476190474,linear coefficients + intercept,{}
663,lasso,LassoLarsCV,20,-397.9031370816037,34.048949810369116,3.956670062760934,21.0,6.0476190476190474,linear coefficients + intercept,{}
664,lasso,LinearRegression,20,-397.91584360599984,34.04949209786443,3.9616418468277645,21.0,6.0476190476190474,linear coefficients + intercept,{}
665,lasso,RANSACRegressor,20,-508.6468683413928,38.48616836037681,4.542446778290852,21.0,6.0476190476190474,RANSAC inlier-fitted LinearRegression,{}
666,rf_importance,KNN,25,0.9132730893690283,0.5020499562561541,0.28462917967304463,127.0,1.0,non-parametric: stores all 127 training points,"{'n_neighbors': 3, 'weights': 'distance'}"
667,f_regression,NuSVR,25,0.9109861242869669,0.5086263444725119,0.2914567991005408,127.0,1.0,127 support vectors (of 127 training points),"{'C': 10, 'nu': 0.7}"
668,correlation,NuSVR,25,0.9109861242869669,0.508626344472512,0.291456799100541,127.0,1.0,127 support vectors (of 127 training points),"{'C': 10, 'nu': 0.7}"
669,rf_importance,SVR-RBF,25,0.9015260128373622,0.5349716362963421,0.28955634272819625,88.0,1.4431818181818181,88 support vectors (of 127 training points),"{'C': 10, 'epsilon': 0.05, 'gamma': 'scale'}"
670,f_regression,SVR-RBF,25,0.9013103254474791,0.5355571895248337,0.3156433786851541,77.0,1.6493506493506493,77 support vectors (of 127 training points),"{'C': 50, 'epsilon': 0.1, 'gamma': 'scale'}"
671,correlation,SVR-RBF,25,0.9013103254474789,0.5355571895248342,0.31564337868515485,77.0,1.6493506493506493,77 support vectors (of 127 training points),"{'C': 50, 'epsilon': 0.1, 'gamma': 'scale'}"
672,mutual_info,GaussianProcess,25,0.8986830701846102,0.5426390027372698,0.31178123753590087,50.316078335413366,2.524044086929865,gp_effective_dof: trace(K(K+sigma^2*I)^-1),"{'kernel': 1**2 * Matern(length_scale=1, nu=1.5) + WhiteKernel(noise_level=0.5)}"
673,rf_importance,GaussianProcess,25,0.896631687556563,0.548104930128694,0.31150889077753724,45.56427712486938,2.787271257523853,gp_effective_dof: trace(K(K+sigma^2*I)^-1),"{'kernel': 1**2 * Matern(length_scale=1, nu=1.5) + WhiteKernel(noise_level=0.5)}"
674,rf_importance,NuSVR,25,0.8957097818640638,0.5505436823383474,0.2987139664957959,125.0,1.016,125 support vectors (of 127 training points),"{'C': 50, 'nu': 0.3}"
675,mutual_info,SVR-RBF,25,0.8929742806892127,0.5577172446409339,0.2863911307302821,84.0,1.5119047619047619,84 support vectors (of 127 training points),"{'C': 50, 'epsilon': 0.05, 'gamma': 'scale'}"
676,mutual_info,NuSVR,25,0.8913708046375904,0.561879615735011,0.2800246528960979,127.0,1.0,127 support vectors (of 127 training points),"{'C': 50, 'nu': 0.5}"
677,correlation,GaussianProcess,25,0.8864080035588127,0.5745712108810235,0.3690342418612644,61.66023785038432,2.059674182706845,gp_effective_dof: trace(K(K+sigma^2*I)^-1),"{'kernel': 1**2 * Matern(length_scale=1, nu=1.5) + WhiteKernel(noise_level=0.5)}"
678,f_regression,GaussianProcess,25,0.8864080034528439,0.5745712111490291,0.3690342417505392,61.66023785038422,2.0596741827068485,gp_effective_dof: trace(K(K+sigma^2*I)^-1),"{'kernel': 1**2 * Matern(length_scale=1, nu=1.5) + WhiteKernel(noise_level=0.5)}"
679,mutual_info,KNN,25,0.8803116299400285,0.5897880539815265,0.3277067183686598,127.0,1.0,non-parametric: stores all 127 training points,"{'n_neighbors': 3, 'weights': 'distance'}"
680,mutual_info,KernelRidge,25,0.8796159087038954,0.5914997220183763,0.3718649422584953,31.989399878149445,3.9700650991814364,krr_effective_dof: trace(K(K+alpha*I)^-1),"{'alpha': 0.1, 'gamma': 0.01}"
681,rfe_ridge,GaussianProcess,25,0.8790150636544928,0.5929739920951098,0.35036065789953275,49.66041350004201,2.5573689594810274,gp_effective_dof: trace(K(K+sigma^2*I)^-1),"{'kernel': 1**2 * Matern(length_scale=1, nu=2.5) + WhiteKernel(noise_level=0.5)}"
682,rfe_ridge,HistGradientBoosting-tiny,25,0.8784299145044752,0.5944062352546466,0.37861885472179074,800.0,0.15875,"100 stages, 800 total nodes","{'learning_rate': 0.1, 'max_depth': 3, 'min_samples_leaf': 20}"
683,rfe_ridge,GradientBoosting-tiny,25,0.8775870586909096,0.5964632107819903,0.3637885678736141,1438.0,0.08831710709318498,"100 stages, 1438 total nodes","{'learning_rate': 0.05, 'max_depth': 3, 'n_estimators': 100}"
684,rf_importance,KernelRidge,25,0.8755059232511628,0.6015120609454764,0.3697646747491926,32.3592397688759,3.924690471936008,krr_effective_dof: trace(K(K+alpha*I)^-1),"{'alpha': 0.1, 'gamma': 0.01}"
685,rfe_ridge,KernelRidge,25,0.8737453287111585,0.6057504189515981,0.3863458799104726,36.342773957217936,3.4945048539636003,krr_effective_dof: trace(K(K+alpha*I)^-1),"{'alpha': 0.1, 'gamma': 0.01}"
686,f_regression,LightGBM-tiny,25,0.87077729358634,0.6128291455080431,0.32800423820719854,1128.0,0.1125886524822695,"100 boosting trees, ~1128 total nodes (leaf-based estimate)","{'learning_rate': 0.1, 'max_depth': 3, 'n_estimators': 100, 'num_leaves': 7}"
687,rfe_ridge,SVR-RBF,25,0.8700166439064834,0.6146301615220507,0.34799690302074815,96.0,1.3229166666666667,96 support vectors (of 127 training points),"{'C': 50, 'epsilon': 0.05, 'gamma': 'scale'}"
688,correlation,LightGBM-tiny,25,0.8696011022126245,0.6156118282027633,0.3283126020648599,1128.0,0.1125886524822695,"100 boosting trees, ~1128 total nodes (leaf-based estimate)","{'learning_rate': 0.1, 'max_depth': 3, 'n_estimators': 100, 'num_leaves': 7}"
689,rfe_ridge,NuSVR,25,0.8681344458804254,0.6190641823706451,0.34069507765810053,127.0,1.0,127 support vectors (of 127 training points),"{'C': 50, 'nu': 0.3}"
690,rfe_ridge,KNN,25,0.8676934268419254,0.6200985358752168,0.3600910132411464,127.0,1.0,non-parametric: stores all 127 training points,"{'n_neighbors': 3, 'weights': 'distance'}"
691,correlation,GradientBoosting-tiny,25,0.8664747825174831,0.6229477799271531,0.3512867961949225,684.0,0.18567251461988304,"100 stages, 684 total nodes","{'learning_rate': 0.1, 'max_depth': 2, 'n_estimators': 100}"
692,rfe_ridge,LightGBM-tiny,25,0.860542431164083,0.6366357760505014,0.3906797333481564,1096.0,0.11587591240875912,"100 boosting trees, ~1096 total nodes (leaf-based estimate)","{'learning_rate': 0.1, 'max_depth': 3, 'n_estimators': 100, 'num_leaves': 15}"
693,f_regression,HistGradientBoosting-tiny,25,0.859393829459517,0.639252132584856,0.37742782980824213,590.0,0.21525423728813559,"100 stages, 590 total nodes","{'learning_rate': 0.1, 'max_depth': 2, 'min_samples_leaf': 10}"
694,f_regression,GradientBoosting-tiny,25,0.8593869394078701,0.6392677948642411,0.35467521238326216,684.0,0.18567251461988304,"100 stages, 684 total nodes","{'learning_rate': 0.1, 'max_depth': 2, 'n_estimators': 100}"
695,correlation,HistGradientBoosting-tiny,25,0.8578439678774549,0.6427656237322361,0.38153111656093713,590.0,0.21525423728813559,"100 stages, 590 total nodes","{'learning_rate': 0.1, 'max_depth': 2, 'min_samples_leaf': 10}"
696,mutual_info,GradientBoosting-tiny,25,0.8560023101879044,0.646915799185555,0.3358323067113126,686.0,0.18513119533527697,"100 stages, 686 total nodes","{'learning_rate': 0.1, 'max_depth': 2, 'n_estimators': 100}"
697,mutual_info,LassoLarsIC,25,0.8509964283707565,0.6580643057107188,0.4726915109731941,26.0,4.884615384615385,linear coefficients + intercept,{}
698,rf_importance,LinearRegression,25,0.847476749007591,0.6657911564141952,0.4971082749176287,26.0,4.884615384615385,linear coefficients + intercept,{}
699,mutual_info,LinearRegression,25,0.8472817713292417,0.6662165766456032,0.4836962058330936,26.0,4.884615384615385,linear coefficients + intercept,{}
700,lasso,LightGBM-tiny,25,0.8471496677685335,0.6665046580310682,0.3745937481188913,1058.0,0.12003780718336483,"100 boosting trees, ~1058 total nodes (leaf-based estimate)","{'learning_rate': 0.1, 'max_depth': 3, 'n_estimators': 100, 'num_leaves': 7}"
701,mutual_info,BayesianRidge,25,0.8448929070530384,0.6714069377303136,0.4816569526680293,26.0,4.884615384615385,linear coefficients + intercept,{}
702,rf_importance,Lasso,25,0.8437735303170891,0.6738252868965262,0.48988898531599434,26.0,4.884615384615385,linear coefficients + intercept,{'alpha': 0.01}
703,rf_importance,LassoLars,25,0.8432716889534893,0.6749066730307088,0.49049199948226707,26.0,4.884615384615385,linear coefficients + intercept,{'alpha': 0.01}
704,rf_importance,LightGBM-tiny,25,0.8431545711236927,0.6751587935416313,0.36955963461464275,660.0,0.19242424242424241,"100 boosting trees, ~660 total nodes (leaf-based estimate)","{'learning_rate': 0.1, 'max_depth': 2, 'n_estimators': 100, 'num_leaves': 7}"
705,mutual_info,ElasticNet,25,0.8428093674999407,0.675901369096324,0.4835370454872742,26.0,4.884615384615385,linear coefficients + intercept,"{'alpha': 0.01, 'l1_ratio': 0.5}"
706,mutual_info,LassoLars,25,0.8415551459017164,0.6785925148358677,0.48522215191973594,26.0,4.884615384615385,linear coefficients + intercept,{'alpha': 0.01}
707,mutual_info,Lasso,25,0.8415232954329157,0.6786607164943321,0.4852515690571969,26.0,4.884615384615385,linear coefficients + intercept,{'alpha': 0.01}
708,rf_importance,GradientBoosting-tiny,25,0.8411581758237909,0.6794420609076728,0.3518038353843481,690.0,0.18405797101449275,"100 stages, 690 total nodes","{'learning_rate': 0.1, 'max_depth': 2, 'n_estimators': 100}"
709,lasso,HistGradientBoosting-tiny,25,0.8409172946371388,0.6799570474641171,0.40419222139145433,574.0,0.22125435540069685,"100 stages, 574 total nodes","{'learning_rate': 0.1, 'max_depth': 2, 'min_samples_leaf': 20}"
710,mutual_info,Ridge,25,0.8405068962666893,0.6808335523028715,0.48470531871295636,26.0,4.884615384615385,linear coefficients + intercept,{'alpha': 1}
711,mutual_info,LightGBM-tiny,25,0.8382715723567031,0.6855879528357324,0.3549428293348759,692.0,0.18352601156069365,"100 boosting trees, ~692 total nodes (leaf-based estimate)","{'learning_rate': 0.1, 'max_depth': 2, 'n_estimators': 100, 'num_leaves': 7}"
712,correlation,KernelRidge,25,0.8366232811732373,0.6890727572357939,0.4781637521983208,36.1261693731847,3.5154571382336495,krr_effective_dof: trace(K(K+alpha*I)^-1),"{'alpha': 0.1, 'gamma': 0.01}"
713,f_regression,KernelRidge,25,0.8366232811732356,0.6890727572357973,0.478163752198322,36.126169373184695,3.51545713823365,krr_effective_dof: trace(K(K+alpha*I)^-1),"{'alpha': 0.1, 'gamma': 0.01}"
714,lasso,GradientBoosting-tiny,25,0.836356385262077,0.6896353699930884,0.38803610659318,1460.0,0.08698630136986302,"100 stages, 1460 total nodes","{'learning_rate': 0.05, 'max_depth': 3, 'n_estimators': 100}"
715,mutual_info,HuberRegressor,25,0.834695887101492,0.6931254174659205,0.4809508753284415,26.0,4.884615384615385,linear coefficients + intercept,"{'alpha': 0.1, 'epsilon': 1.2}"
716,rfe_ridge,Bagging-tiny,25,0.8329107195789506,0.6968579993940239,0.443035560405348,298.0,0.4261744966442953,"20 trees, 298 total nodes","{'max_samples': 0.7, 'n_estimators': 20}"
717,mutual_info,HistGradientBoosting-tiny,25,0.8320551455494616,0.6986398382133299,0.3820334033416707,786.0,0.16157760814249364,"100 stages, 786 total nodes","{'learning_rate': 0.1, 'max_depth': 3, 'min_samples_leaf': 20}"
718,rf_importance,BayesianRidge,25,0.8317308016357685,0.6993141377636118,0.5092931522588804,26.0,4.884615384615385,linear coefficients + intercept,{}
719,rf_importance,TweedieRegressor,25,0.8309697263135031,0.7008938394563159,0.506504520814481,26.0,4.884615384615385,linear coefficients + intercept,{'alpha': 0.01}
720,rf_importance,RidgeCV,25,0.8308976563716286,0.7010432446306994,0.5090512658735448,26.0,4.884615384615385,linear coefficients + intercept,{}
721,rfe_ridge,ExtraTrees-tiny,25,0.830686469382181,0.7014808642809085,0.4838636029952697,1254.0,0.10127591706539076,"100 trees, 1254 total nodes","{'max_depth': 3, 'min_samples_leaf': 10, 'n_estimators': 100}"
722,rf_importance,HistGradientBoosting-tiny,25,0.829825550002495,0.7032620353372837,0.380604638598453,794.0,0.15994962216624686,"100 stages, 794 total nodes","{'learning_rate': 0.1, 'max_depth': 3, 'min_samples_leaf': 20}"
723,rf_importance,Ridge,25,0.8282847303969905,0.7064386524781664,0.5120050316413025,26.0,4.884615384615385,linear coefficients + intercept,{'alpha': 1}
724,mutual_info,TweedieRegressor,25,0.8280945732066219,0.7068296987135837,0.5113806171962109,26.0,4.884615384615385,linear coefficients + intercept,{'alpha': 0.01}
725,lasso,ExtraTrees-tiny,25,0.827840595029399,0.707351651580281,0.4691072371038747,2472.0,0.05137540453074434,"200 trees, 2472 total nodes","{'max_depth': 3, 'min_samples_leaf': 10, 'n_estimators': 200}"
726,rf_importance,ExtraTrees-tiny,25,0.8231276088528869,0.7169684068993127,0.4486479176770479,1208.0,0.10513245033112582,"100 trees, 1208 total nodes","{'max_depth': 3, 'min_samples_leaf': 10, 'n_estimators': 100}"
727,correlation,ExtraTrees-tiny,25,0.8226410323238683,0.7179539207980321,0.48097937629723014,2778.0,0.045716342692584594,"200 trees, 2778 total nodes","{'max_depth': 3, 'min_samples_leaf': 5, 'n_estimators': 200}"
728,mutual_info,RidgeCV,25,0.8223739430340786,0.7184943097798052,0.501733841136412,26.0,4.884615384615385,linear coefficients + intercept,{}
729,f_regression,RandomForest-tiny,25,0.8206983524107467,0.7218752227058948,0.4122202834713289,2960.0,0.042905405405405404,"200 trees, 2960 total nodes","{'max_depth': 3, 'min_samples_leaf': 3, 'n_estimators': 200}"
730,correlation,RandomForest-tiny,25,0.8198520152212003,0.7235769097863392,0.41544346659884795,2960.0,0.042905405405405404,"200 trees, 2960 total nodes","{'max_depth': 3, 'min_samples_leaf': 3, 'n_estimators': 200}"
731,rf_importance,ElasticNet,25,0.8165220135467108,0.7302338791036213,0.5155217826620014,26.0,4.884615384615385,linear coefficients + intercept,"{'alpha': 0.01, 'l1_ratio': 0.2}"
732,mutual_info,SGDRegressor,25,0.8141019723910372,0.7350339288063023,0.5297835230367454,26.0,4.884615384615385,linear coefficients + intercept,"{'alpha': 0.01, 'penalty': 'elasticnet'}"
733,mutual_info,RandomForest-tiny,25,0.8137844192401716,0.7356614576421936,0.4139900577369241,2968.0,0.042789757412398925,"200 trees, 2968 total nodes","{'max_depth': 3, 'min_samples_leaf': 3, 'n_estimators': 200}"
734,f_regression,ExtraTrees-tiny,25,0.8103095707787487,0.7424935837127805,0.496173937659456,2800.0,0.04535714285714286,"200 trees, 2800 total nodes","{'max_depth': 3, 'min_samples_leaf': 5, 'n_estimators': 200}"
735,lasso,Bagging-tiny,25,0.8101833441706465,0.7427405831545448,0.4662166363471449,742.0,0.1711590296495957,"50 trees, 742 total nodes","{'max_samples': 0.7, 'n_estimators': 50}"
736,mutual_info,LinearSVR,25,0.8100473786744746,0.743006547734176,0.48597428409115534,26.0,4.884615384615385,linear coefficients + intercept,"{'C': 1, 'epsilon': 0.01}"
737,mutual_info,ExtraTrees-tiny,25,0.80883677967961,0.7453704382254324,0.4717349840955341,1412.0,0.08994334277620397,"100 trees, 1412 total nodes","{'max_depth': 3, 'min_samples_leaf': 5, 'n_estimators': 100}"
738,rf_importance,RandomForest-tiny,25,0.8073877722837965,0.7481900400305503,0.42959099751974256,2968.0,0.042789757412398925,"200 trees, 2968 total nodes","{'max_depth': 3, 'min_samples_leaf': 3, 'n_estimators': 200}"
739,rf_importance,Bagging-tiny,25,0.8059890757676687,0.7509017002668832,0.4267204875817264,300.0,0.42333333333333334,"20 trees, 300 total nodes","{'max_samples': 0.7, 'n_estimators': 20}"
740,rfe_ridge,RandomForest-tiny,25,0.8059133908780522,0.7510481517385749,0.45807002217636733,2804.0,0.04529243937232525,"200 trees, 2804 total nodes","{'max_depth': 3, 'min_samples_leaf': 5, 'n_estimators': 200}"
741,mutual_info,PassiveAggressiveRegressor,25,0.8037565041975381,0.7552098248028991,0.5165586979052006,26.0,4.884615384615385,linear coefficients + intercept,{'C': 0.01}
742,mutual_info,ElasticNetCV,25,0.802596579958599,0.7574384224431439,0.5323745484820195,26.0,4.884615384615385,linear coefficients + intercept,{}
743,correlation,Bagging-tiny,25,0.8023951177240899,0.7578248299423737,0.4418611185919392,300.0,0.42333333333333334,"20 trees, 300 total nodes","{'max_samples': 0.7, 'n_estimators': 20}"
744,rf_importance,SGDRegressor,25,0.8021276295815984,0.758337571836107,0.5278747198778536,26.0,4.884615384615385,linear coefficients + intercept,"{'alpha': 0.001, 'penalty': 'elasticnet'}"
745,lasso,KernelRidge,25,0.7989957642527152,0.7643153822931387,0.46650720704988163,37.26286655062587,3.408218737746758,krr_effective_dof: trace(K(K+alpha*I)^-1),"{'alpha': 0.1, 'gamma': 0.01}"
746,mutual_info,PLS,25,0.796804268364386,0.7684706510303476,0.5570336550144619,6.0,21.166666666666668,5 latent components (true PLS dimensionality),{'n_components': 5}
747,rf_importance,PLS,25,0.7957877052950024,0.7703905345180482,0.5562516476880287,8.0,15.875,7 latent components (true PLS dimensionality),{'n_components': 7}
748,f_regression,Bagging-tiny,25,0.7935010025044966,0.7746918181396469,0.4538771875377481,300.0,0.42333333333333334,"20 trees, 300 total nodes","{'max_samples': 0.7, 'n_estimators': 20}"
749,rf_importance,LassoLarsIC,25,0.7927374884742285,0.7761226781984729,0.5148102789108485,26.0,4.884615384615385,linear coefficients + intercept,{}
750,rfe_ridge,RidgeCV,25,0.7918528183569397,0.7777772982707976,0.5049241729241103,26.0,4.884615384615385,linear coefficients + intercept,{}
751,rfe_ridge,SGDRegressor,25,0.7912518563762728,0.7788992872610657,0.5456234764229568,26.0,4.884615384615385,linear coefficients + intercept,"{'alpha': 0.001, 'penalty': 'elasticnet'}"
752,mutual_info,Bagging-tiny,25,0.7905888707754422,0.7801352015812589,0.44265468674935554,300.0,0.42333333333333334,"20 trees, 300 total nodes","{'max_samples': 0.7, 'n_estimators': 20}"
753,correlation,KNN,25,0.7900625426141594,0.7811149714943485,0.4606853644573649,127.0,1.0,non-parametric: stores all 127 training points,"{'n_neighbors': 9, 'weights': 'uniform'}"
754,f_regression,KNN,25,0.7900625426141594,0.7811149714943486,0.46068536445736497,127.0,1.0,non-parametric: stores all 127 training points,"{'n_neighbors': 9, 'weights': 'uniform'}"
755,lasso,NuSVR,25,0.7881788220597673,0.7846115281167694,0.4075980405221309,127.0,1.0,127 support vectors (of 127 training points),"{'C': 50, 'nu': 0.3}"
756,rfe_ridge,BayesianRidge,25,0.7868000370197193,0.7871609802662249,0.5047097104428605,26.0,4.884615384615385,linear coefficients + intercept,{}
757,rfe_ridge,LassoLarsIC,25,0.7861863429235062,0.7882930839180556,0.5137600605138983,26.0,4.884615384615385,linear coefficients + intercept,{}
758,lasso,SVR-RBF,25,0.7858846366005594,0.7888490567457768,0.4194218066274758,90.0,1.4111111111111112,90 support vectors (of 127 training points),"{'C': 50, 'epsilon': 0.05, 'gamma': 'scale'}"
759,lasso,RandomForest-tiny,25,0.7848032948620363,0.7908385009338389,0.47500875006137205,2766.0,0.04591467823571945,"200 trees, 2766 total nodes","{'max_depth': 3, 'min_samples_leaf': 5, 'n_estimators': 200}"
760,f_regression,ExtraTree-tiny,25,0.7821189429827624,0.7957556523978639,0.5180701686447782,13.0,9.76923076923077,"single tree, 13 nodes","{'max_depth': 3, 'min_samples_leaf': 5}"
761,rfe_ridge,AdaBoost-tiny,25,0.7802643910089053,0.7991351181913502,0.5935520549257268,350.0,0.3628571428571429,"50 trees, 350 total nodes","{'learning_rate': 0.5, 'n_estimators': 50}"
762,rfe_ridge,ElasticNetCV,25,0.7801806577821128,0.799287364313347,0.5067210817184248,26.0,4.884615384615385,linear coefficients + intercept,{}
763,rfe_ridge,Lasso,25,0.7783648013160207,0.802581901687994,0.512954759371169,26.0,4.884615384615385,linear coefficients + intercept,{'alpha': 0.001}
764,rfe_ridge,LassoLars,25,0.7783238577625178,0.8026560303411868,0.5130274236607952,26.0,4.884615384615385,linear coefficients + intercept,{'alpha': 0.001}
765,rfe_ridge,PLS,25,0.7779485033599685,0.803335293890523,0.5441099675114247,8.0,15.875,7 latent components (true PLS dimensionality),{'n_components': 7}
766,rf_importance,LinearSVR,25,0.7769186016977728,0.8051961217630131,0.472804950955053,26.0,4.884615384615385,linear coefficients + intercept,"{'C': 0.1, 'epsilon': 0.01}"
767,rfe_ridge,ElasticNet,25,0.7763975171726356,0.8061359816337941,0.5116962937850604,26.0,4.884615384615385,linear coefficients + intercept,"{'alpha': 0.01, 'l1_ratio': 0.2}"
768,f_regression,BayesianRidge,25,0.7756537084836763,0.8074756651640813,0.6062174237645526,26.0,4.884615384615385,linear coefficients + intercept,{}
769,correlation,BayesianRidge,25,0.7756537084836761,0.8074756651640815,0.6062174237645523,26.0,4.884615384615385,linear coefficients + intercept,{}
770,rfe_ridge,Ridge,25,0.7748556723305966,0.808910551232307,0.5170208105180889,26.0,4.884615384615385,linear coefficients + intercept,{'alpha': 1}
771,rfe_ridge,LassoCV,25,0.7737765180268119,0.8108468553250714,0.5104092829525624,26.0,4.884615384615385,linear coefficients + intercept,{}
772,rfe_ridge,TweedieRegressor,25,0.773490407976513,0.8113594416570882,0.510887287647702,26.0,4.884615384615385,linear coefficients + intercept,{'alpha': 0.01}
773,mutual_info,ExtraTree-tiny,25,0.7720977635546975,0.8138498521505363,0.5023350579806428,17.0,7.470588235294118,"single tree, 17 nodes","{'max_depth': 4, 'min_samples_leaf': 10}"
774,f_regression,LassoLarsIC,25,0.7708952506315832,0.8159941430696943,0.6145400978779204,26.0,4.884615384615385,linear coefficients + intercept,{}
775,correlation,LassoLarsIC,25,0.770895250631582,0.8159941430696966,0.614540097877922,26.0,4.884615384615385,linear coefficients + intercept,{}
776,f_regression,SGDRegressor,25,0.7708408211735581,0.8160910670345589,0.6135207549543514,26.0,4.884615384615385,linear coefficients + intercept,"{'alpha': 0.01, 'penalty': 'elasticnet'}"
777,correlation,SGDRegressor,25,0.770840821173558,0.816091067034559,0.6135207549543515,26.0,4.884615384615385,linear coefficients + intercept,"{'alpha': 0.01, 'penalty': 'elasticnet'}"
778,rfe_ridge,LassoLarsCV,25,0.7673060644535492,0.8223610414405024,0.5132786987101579,26.0,4.884615384615385,linear coefficients + intercept,{}
779,rfe_ridge,LinearRegression,25,0.7658880756089461,0.8248628850772108,0.5174955218549573,26.0,4.884615384615385,linear coefficients + intercept,{}
780,mutual_info,LassoLarsCV,25,0.7658472376405251,0.8249348255724509,0.5747347839857418,26.0,4.884615384615385,linear coefficients + intercept,{}
781,mutual_info,LassoCV,25,0.7647025092782571,0.8269488418433655,0.5748090307822458,26.0,4.884615384615385,linear coefficients + intercept,{}
782,rf_importance,HuberRegressor,25,0.7619645925571544,0.8317461067706123,0.4972545074306234,26.0,4.884615384615385,linear coefficients + intercept,"{'alpha': 0.1, 'epsilon': 1.2}"
783,rf_importance,ElasticNetCV,25,0.7611969730259112,0.8330861398766762,0.5407540803292348,26.0,4.884615384615385,linear coefficients + intercept,{}
784,f_regression,ElasticNetCV,25,0.7571574061497702,0.8401027898258004,0.6365272678318744,26.0,4.884615384615385,linear coefficients + intercept,{}
785,correlation,ElasticNetCV,25,0.7571249802270557,0.8401588759481143,0.6364940578507993,26.0,4.884615384615385,linear coefficients + intercept,{}
786,f_regression,RidgeCV,25,0.7562670022363318,0.8416415363318196,0.6259575687387896,26.0,4.884615384615385,linear coefficients + intercept,{}
787,correlation,RidgeCV,25,0.756267002236247,0.8416415363319659,0.6259575687388368,26.0,4.884615384615385,linear coefficients + intercept,{}
788,f_regression,LassoLarsCV,25,0.7538334751315414,0.8458327424248255,0.6439580896370324,26.0,4.884615384615385,linear coefficients + intercept,{}
789,correlation,LassoLarsCV,25,0.7538334751315412,0.845832742424826,0.6439580896370333,26.0,4.884615384615385,linear coefficients + intercept,{}
790,correlation,LassoCV,25,0.7538044989284007,0.8458825223455221,0.6440102698214245,26.0,4.884615384615385,linear coefficients + intercept,{}
791,f_regression,LassoCV,25,0.7536489695379116,0.8461496653711607,0.6442072058057092,26.0,4.884615384615385,linear coefficients + intercept,{}
792,f_regression,LinearRegression,25,0.7500137404089504,0.8523698209416418,0.6371910236235495,26.0,4.884615384615385,linear coefficients + intercept,{}
793,correlation,LinearRegression,25,0.7500137404089503,0.852369820941642,0.6371910236235494,26.0,4.884615384615385,linear coefficients + intercept,{}
794,rf_importance,ExtraTree-tiny,25,0.7486713591450183,0.8546552932424865,0.588838434966825,25.0,5.08,"single tree, 25 nodes","{'max_depth': 4, 'min_samples_leaf': 5}"
795,rf_importance,PassiveAggressiveRegressor,25,0.748667061629442,0.8546626001668421,0.5748290046908686,26.0,4.884615384615385,linear coefficients + intercept,{'C': 1}
796,lasso,KNN,25,0.7485867620623439,0.8547991193920451,0.43776086002422565,127.0,1.0,non-parametric: stores all 127 training points,"{'n_neighbors': 3, 'weights': 'distance'}"
797,mutual_info,OrthogonalMatchingPursuit,25,0.7430643171863323,0.8641362157592762,0.6127666344341954,26.0,4.884615384615385,linear coefficients + intercept,{'n_nonzero_coefs': 10}
798,rfe_ridge,PassiveAggressiveRegressor,25,0.7395664978718663,0.8699983339650905,0.5879774705826205,26.0,4.884615384615385,linear coefficients + intercept,{'C': 0.1}
799,rf_importance,AdaBoost-tiny,25,0.7366571845584412,0.8748442316223599,0.5906934109471351,350.0,0.3628571428571429,"50 trees, 350 total nodes","{'learning_rate': 0.5, 'n_estimators': 50}"
800,f_regression,TweedieRegressor,25,0.7364043834539067,0.8752640428407485,0.6445893992852543,26.0,4.884615384615385,linear coefficients + intercept,{'alpha': 0.1}
801,correlation,TweedieRegressor,25,0.7364043834517158,0.8752640428443861,0.6445893992870239,26.0,4.884615384615385,linear coefficients + intercept,{'alpha': 0.1}
802,mutual_info,SmallMLP,25,0.7338159264004015,0.8795510045535352,0.5791489333812404,55.0,2.309090909090909,"layers (2,)","{'alpha': 0.1, 'hidden_layer_sizes': (2,)}"
803,rfe_ridge,LinearSVR,25,0.7335418878072,0.880003640417103,0.5284184552853364,26.0,4.884615384615385,linear coefficients + intercept,"{'C': 1, 'epsilon': 0.1}"
804,rf_importance,LassoCV,25,0.7334433194192382,0.8801663911759825,0.5472138852220638,26.0,4.884615384615385,linear coefficients + intercept,{}
805,rf_importance,LassoLarsCV,25,0.7331327327582675,0.8806790182756764,0.5468138497356769,26.0,4.884615384615385,linear coefficients + intercept,{}
806,rfe_ridge,HuberRegressor,25,0.7324833035551536,0.8817499460525535,0.5385985625102546,26.0,4.884615384615385,linear coefficients + intercept,"{'alpha': 0.1, 'epsilon': 1.5}"
807,f_regression,Ridge,25,0.7320979453780271,0.8823847985264924,0.6522248375967037,26.0,4.884615384615385,linear coefficients + intercept,{'alpha': 10}
808,correlation,Ridge,25,0.7320979453780254,0.8823847985264951,0.6522248375967046,26.0,4.884615384615385,linear coefficients + intercept,{'alpha': 10}
809,f_regression,AdaBoost-tiny,25,0.7179577695119568,0.9053720136536662,0.6700671720587791,350.0,0.3628571428571429,"50 trees, 350 total nodes","{'learning_rate': 0.5, 'n_estimators': 50}"
810,mutual_info,AdaBoost-tiny,25,0.713809817052736,0.9120052986790719,0.5974134138223444,210.0,0.6047619047619047,"30 trees, 210 total nodes","{'learning_rate': 0.05, 'n_estimators': 30}"
811,rfe_ridge,ExtraTree-tiny,25,0.7104545724344262,0.917335817530802,0.6419259343621734,15.0,8.466666666666667,"single tree, 15 nodes","{'max_depth': 3, 'min_samples_leaf': 5}"
812,lasso,GaussianProcess,25,0.7063603446564439,0.9237987031585406,0.514830076624388,44.98574943838239,2.823116244266502,gp_effective_dof: trace(K(K+sigma^2*I)^-1),"{'kernel': 1**2 * Matern(length_scale=1, nu=2.5) + WhiteKernel(noise_level=0.5)}"
813,rfe_ridge,OrthogonalMatchingPursuitCV,25,0.6902466136773904,0.9488073206197529,0.702710179993459,26.0,4.884615384615385,linear coefficients + intercept,{}
814,lasso,OrthogonalMatchingPursuit,25,0.6877814204263151,0.9525754119049643,0.6739786097623478,26.0,4.884615384615385,linear coefficients + intercept,{'n_nonzero_coefs': 10}
815,lasso,ExtraTree-tiny,25,0.6859496939857964,0.9553656139880815,0.6930067596936708,17.0,7.470588235294118,"single tree, 17 nodes","{'max_depth': 4, 'min_samples_leaf': 10}"
816,rfe_ridge,OrthogonalMatchingPursuit,25,0.6822099943668392,0.9610370097477563,0.7011944419029496,26.0,4.884615384615385,linear coefficients + intercept,{'n_nonzero_coefs': 10}
817,correlation,AdaBoost-tiny,25,0.680094090840943,0.9642310812949606,0.7145545248008558,350.0,0.3628571428571429,"50 trees, 350 total nodes","{'learning_rate': 0.5, 'n_estimators': 50}"
818,correlation,DecisionTree-tiny,25,0.6788954247503947,0.9660358470450097,0.5885598522617304,25.0,5.08,"single tree, 25 nodes","{'max_depth': 4, 'min_samples_leaf': 5}"
819,f_regression,ElasticNet,25,0.678201901273002,0.9670785092043338,0.709375056734628,26.0,4.884615384615385,linear coefficients + intercept,"{'alpha': 0.1, 'l1_ratio': 0.2}"
820,correlation,ElasticNet,25,0.6781826512223295,0.9671074342228163,0.7093695446776644,26.0,4.884615384615385,linear coefficients + intercept,"{'alpha': 0.1, 'l1_ratio': 0.2}"
821,rfe_ridge,SmallMLP,25,0.665855573286371,0.9854557010461439,0.6582470228474941,55.0,2.309090909090909,"layers (2,)","{'alpha': 1.0, 'hidden_layer_sizes': (2,)}"
822,lasso,AdaBoost-tiny,25,0.6655787382155853,0.9858638362648918,0.6822309823807473,210.0,0.6047619047619047,"30 trees, 210 total nodes","{'learning_rate': 0.5, 'n_estimators': 30}"
823,rfe_ridge,RANSACRegressor,25,0.6512584503398687,1.0067504721039577,0.5725685694650338,26.0,4.884615384615385,RANSAC inlier-fitted LinearRegression,{}
824,correlation,LinearSVR,25,0.6506773697524905,1.007588857539927,0.6072076271106605,26.0,4.884615384615385,linear coefficients + intercept,"{'C': 0.1, 'epsilon': 0.1}"
825,f_regression,LinearSVR,25,0.6506773697524901,1.0075888575399274,0.6072076271106606,26.0,4.884615384615385,linear coefficients + intercept,"{'C': 0.1, 'epsilon': 0.1}"
826,rfe_ridge,DecisionTree-tiny,25,0.6476733783574307,1.0119119511905978,0.6516816827207889,7.0,18.142857142857142,"single tree, 7 nodes","{'max_depth': 2, 'min_samples_leaf': 5}"
827,f_regression,Lasso,25,0.6443962335592501,1.0166071773291157,0.7514337042318883,26.0,4.884615384615385,linear coefficients + intercept,{'alpha': 0.1}
828,correlation,Lasso,25,0.644318120476975,1.016718826821014,0.7514954332324014,26.0,4.884615384615385,linear coefficients + intercept,{'alpha': 0.1}
829,f_regression,LassoLars,25,0.6442947373680167,1.0167522466517012,0.7515403149673405,26.0,4.884615384615385,linear coefficients + intercept,{'alpha': 0.1}
830,correlation,LassoLars,25,0.6442947373680148,1.0167522466517038,0.7515403149673425,26.0,4.884615384615385,linear coefficients + intercept,{'alpha': 0.1}
831,rf_importance,SmallMLP,25,0.6418564052281173,1.0202311740038288,0.719855976070236,55.0,2.309090909090909,"layers (2,)","{'alpha': 1.0, 'hidden_layer_sizes': (2,)}"
832,correlation,ExtraTree-tiny,25,0.6393661699069417,1.023771953027748,0.6506877815181153,5.0,25.4,"single tree, 5 nodes","{'max_depth': 2, 'min_samples_leaf': 10}"
833,lasso,DecisionTree-tiny,25,0.6354801865585111,1.0292729635435574,0.6281175069059639,21.0,6.0476190476190474,"single tree, 21 nodes","{'max_depth': 4, 'min_samples_leaf': 5}"
834,f_regression,DecisionTree-tiny,25,0.6351547797552672,1.0297322769981267,0.6076872653747135,25.0,5.08,"single tree, 25 nodes","{'max_depth': 4, 'min_samples_leaf': 5}"
835,correlation,PLS,25,0.632527659089243,1.033432994999339,0.76717653085462,4.0,31.75,3 latent components (true PLS dimensionality),{'n_components': 3}
836,f_regression,PLS,25,0.6325276590892429,1.033432994999339,0.7671765308546201,4.0,31.75,3 latent components (true PLS dimensionality),{'n_components': 3}
837,lasso,LarsCV,25,0.6135460999114442,1.0597876217878994,0.7822390971586952,26.0,4.884615384615385,linear coefficients + intercept,{}
838,f_regression,HuberRegressor,25,0.5891614741163288,1.0927116580493004,0.6283941046748314,26.0,4.884615384615385,linear coefficients + intercept,"{'alpha': 0.1, 'epsilon': 1.5}"
839,correlation,HuberRegressor,25,0.5891370202239159,1.0927441777060884,0.628416165287867,26.0,4.884615384615385,linear coefficients + intercept,"{'alpha': 0.1, 'epsilon': 1.5}"
840,lasso,OrthogonalMatchingPursuitCV,25,0.5875646640820659,1.094833125101433,0.792377932792421,26.0,4.884615384615385,linear coefficients + intercept,{}
841,rf_importance,OrthogonalMatchingPursuit,25,0.5829102847397334,1.100993451593827,0.6845786220624349,26.0,4.884615384615385,linear coefficients + intercept,{'n_nonzero_coefs': 10}
842,f_regression,OrthogonalMatchingPursuitCV,25,0.5765119054188681,1.1094062244997804,0.8690247628710109,26.0,4.884615384615385,linear coefficients + intercept,{}
843,correlation,OrthogonalMatchingPursuitCV,25,0.5765119054188681,1.1094062244997804,0.8690247628710109,26.0,4.884615384615385,linear coefficients + intercept,{}
844,f_regression,PassiveAggressiveRegressor,25,0.5707190371989628,1.1169682029405645,0.7581656539684898,26.0,4.884615384615385,linear coefficients + intercept,{'C': 0.1}
845,correlation,PassiveAggressiveRegressor,25,0.5707190371989626,1.1169682029405648,0.75816565396849,26.0,4.884615384615385,linear coefficients + intercept,{'C': 0.1}
846,rfe_ridge,LarsCV,25,0.554927640586073,1.137326889987707,0.8407164199880299,26.0,4.884615384615385,linear coefficients + intercept,{}
847,rf_importance,OrthogonalMatchingPursuitCV,25,0.5545172410434267,1.1378511315814073,0.7508859813698492,26.0,4.884615384615385,linear coefficients + intercept,{}
848,f_regression,SmallMLP,25,0.5427250176135165,1.1528126044591795,0.833341666549134,55.0,2.309090909090909,"layers (2,)","{'alpha': 1.0, 'hidden_layer_sizes': (2,)}"
849,mutual_info,OrthogonalMatchingPursuitCV,25,0.535902538041143,1.1613806666150048,0.7548334039534427,26.0,4.884615384615385,linear coefficients + intercept,{}
850,correlation,OrthogonalMatchingPursuit,25,0.5344692214523092,1.163172685572824,0.9126715039337803,26.0,4.884615384615385,linear coefficients + intercept,{'n_nonzero_coefs': 3}
851,f_regression,OrthogonalMatchingPursuit,25,0.5344692214523092,1.163172685572824,0.9126715039337803,26.0,4.884615384615385,linear coefficients + intercept,{'n_nonzero_coefs': 3}
852,rf_importance,DecisionTree-tiny,25,0.5183129761020988,1.1831844926111437,0.7216190446128644,7.0,18.142857142857142,"single tree, 7 nodes","{'max_depth': 2, 'min_samples_leaf': 5}"
853,mutual_info,DecisionTree-tiny,25,0.513916127488781,1.1885722911999268,0.7574962057934505,7.0,18.142857142857142,"single tree, 7 nodes","{'max_depth': 2, 'min_samples_leaf': 5}"
854,correlation,SmallMLP,25,0.46945973696201493,1.2417357065825663,0.8761447114980786,55.0,2.309090909090909,"layers (2,)","{'alpha': 0.1, 'hidden_layer_sizes': (2,)}"
855,rf_importance,LarsCV,25,0.4498487899000575,1.264477283802102,0.9617786631375109,26.0,4.884615384615385,linear coefficients + intercept,{}
856,mutual_info,LarsCV,25,0.4203398118297035,1.2979463221346734,1.0138408797735012,26.0,4.884615384615385,linear coefficients + intercept,{}
857,correlation,LarsCV,25,0.37764858404626345,1.3448933197782267,1.0542880811350996,26.0,4.884615384615385,linear coefficients + intercept,{}
858,f_regression,LarsCV,25,0.37764858404626356,1.3448933197782267,1.0542880811350994,26.0,4.884615384615385,linear coefficients + intercept,{}
859,rf_importance,Dummy-baseline,25,-0.02235889992051332,1.7237397091185145,1.357759080191666,1.0,127.0,constant baseline,{}
860,rfe_ridge,Dummy-baseline,25,-0.02235889992051332,1.7237397091185145,1.357759080191666,1.0,127.0,constant baseline,{}
861,f_regression,Dummy-baseline,25,-0.02235889992051332,1.7237397091185145,1.357759080191666,1.0,127.0,constant baseline,{}
862,lasso,Dummy-baseline,25,-0.02235889992051332,1.7237397091185145,1.357759080191666,1.0,127.0,constant baseline,{}
863,mutual_info,Dummy-baseline,25,-0.02235889992051332,1.7237397091185145,1.357759080191666,1.0,127.0,constant baseline,{}
864,correlation,Dummy-baseline,25,-0.02235889992051332,1.7237397091185145,1.357759080191666,1.0,127.0,constant baseline,{}
865,f_regression,RANSACRegressor,25,-0.23456818771436994,1.894207432500931,1.0219691802588262,26.0,4.884615384615385,RANSAC inlier-fitted LinearRegression,{}
866,correlation,RANSACRegressor,25,-0.23456818771437282,1.894207432500933,1.0219691802588278,26.0,4.884615384615385,RANSAC inlier-fitted LinearRegression,{}
867,rf_importance,RANSACRegressor,25,-6.761095330738395,4.749320786431315,1.2442945990132648,26.0,4.884615384615385,RANSAC inlier-fitted LinearRegression,{}
868,mutual_info,RANSACRegressor,25,-7.198065502813128,4.881189714046226,1.330878339606922,26.0,4.884615384615385,RANSAC inlier-fitted LinearRegression,{}
869,lasso,SGDRegressor,25,-67.62774190311801,14.122768819760132,1.963172850283999,26.0,4.884615384615385,linear coefficients + intercept,"{'alpha': 0.0001, 'penalty': 'l2'}"
870,lasso,PLS,25,-152.02450382073394,21.08873285764824,2.6708220608750124,4.0,31.75,3 latent components (true PLS dimensionality),{'n_components': 3}
871,lasso,RANSACRegressor,25,-174.44437612723465,22.58082063942779,2.8108731645130205,26.0,4.884615384615385,RANSAC inlier-fitted LinearRegression,{}
872,lasso,BayesianRidge,25,-178.65402679280368,22.850119382013908,2.8087483706405,26.0,4.884615384615385,linear coefficients + intercept,{}
873,lasso,TweedieRegressor,25,-212.8799935214729,24.931882792176793,3.015020020587691,26.0,4.884615384615385,linear coefficients + intercept,{'alpha': 0.01}
874,lasso,Ridge,25,-219.52890087114585,25.31644680683094,3.04976521668124,26.0,4.884615384615385,linear coefficients + intercept,{'alpha': 1}
875,lasso,RidgeCV,25,-219.52995571135605,25.316507353938444,3.0509007467162093,26.0,4.884615384615385,linear coefficients + intercept,{}
876,lasso,ElasticNetCV,25,-230.8535868276797,25.958339306172544,3.1153248298639458,26.0,4.884615384615385,linear coefficients + intercept,{}
877,lasso,ElasticNet,25,-250.45681079969194,27.03346389552814,3.2146826769046424,26.0,4.884615384615385,linear coefficients + intercept,"{'alpha': 0.01, 'l1_ratio': 0.8}"
878,lasso,PassiveAggressiveRegressor,25,-251.5989130876828,27.094786557987725,3.220702681398584,26.0,4.884615384615385,linear coefficients + intercept,{'C': 0.01}
879,lasso,Lasso,25,-263.30790164625006,27.715650032543806,3.2743319090633793,26.0,4.884615384615385,linear coefficients + intercept,{'alpha': 0.01}
880,lasso,LassoCV,25,-263.9166308378729,27.74754772116945,3.295744420862668,26.0,4.884615384615385,linear coefficients + intercept,{}
881,lasso,LassoLars,25,-264.3079260664443,27.768032423638278,3.279425444204305,26.0,4.884615384615385,linear coefficients + intercept,{'alpha': 0.01}
882,lasso,LassoLarsCV,25,-264.9033833688587,27.799176254716844,3.3008965505582832,26.0,4.884615384615385,linear coefficients + intercept,{}
883,lasso,HuberRegressor,25,-279.27109656505604,28.540340606467584,3.3508495823137507,26.0,4.884615384615385,linear coefficients + intercept,"{'alpha': 0.1, 'epsilon': 1.2}"
884,lasso,LinearRegression,25,-281.04431067571016,28.63048250991295,3.391143919157245,26.0,4.884615384615385,linear coefficients + intercept,{}
885,lasso,LassoLarsIC,25,-281.1153147257534,28.63408611439769,3.388254733668134,26.0,4.884615384615385,linear coefficients + intercept,{}
886,lasso,LinearSVR,25,-341.4684371222964,31.54861304476902,3.6526946750136675,26.0,4.884615384615385,linear coefficients + intercept,"{'C': 1, 'epsilon': 0.01}"
887,lasso,SmallMLP,25,-424.7829828661233,35.177433076537575,4.182251156692971,55.0,2.309090909090909,"layers (2,)","{'alpha': 1.0, 'hidden_layer_sizes': (2,)}"
888,correlation,NuSVR,30,0.8979905615081143,0.5444903334016347,0.3204327141613752,127.0,1.0,127 support vectors (of 127 training points),"{'C': 50, 'nu': 0.7}"
889,f_regression,NuSVR,30,0.8979905615081141,0.5444903334016351,0.32043271416137475,127.0,1.0,127 support vectors (of 127 training points),"{'C': 50, 'nu': 0.7}"
890,rf_importance,KNN,30,0.8978434995121113,0.544882674529932,0.3093876922435267,127.0,1.0,non-parametric: stores all 127 training points,"{'n_neighbors': 3, 'weights': 'distance'}"
891,rf_importance,NuSVR,30,0.8966183865832464,0.5481401928430176,0.29670579699066957,111.0,1.1441441441441442,111 support vectors (of 127 training points),"{'C': 10, 'nu': 0.3}"
892,rf_importance,GaussianProcess,30,0.8956106276129328,0.5508053357252694,0.31560036910182715,49.22722780198514,2.5798730838724704,gp_effective_dof: trace(K(K+sigma^2*I)^-1),"{'kernel': 1**2 * Matern(length_scale=1, nu=1.5) + WhiteKernel(noise_level=0.5)}"
893,correlation,SVR-RBF,30,0.895258124924397,0.5517345334153639,0.333777890196049,90.0,1.4111111111111112,90 support vectors (of 127 training points),"{'C': 50, 'epsilon': 0.05, 'gamma': 'scale'}"
894,f_regression,SVR-RBF,30,0.895258124924397,0.551734533415364,0.33377789019604875,90.0,1.4111111111111112,90 support vectors (of 127 training points),"{'C': 50, 'epsilon': 0.05, 'gamma': 'scale'}"
895,mutual_info,GaussianProcess,30,0.891738550523716,0.5609277349353822,0.32949257976495816,50.293063344193925,2.5251991339410327,gp_effective_dof: trace(K(K+sigma^2*I)^-1),"{'kernel': 1**2 * Matern(length_scale=1, nu=1.5) + WhiteKernel(noise_level=0.5)}"
896,f_regression,GaussianProcess,30,0.8917289272102407,0.5609526646934152,0.3742384944282,61.54128914340505,2.063655177974277,gp_effective_dof: trace(K(K+sigma^2*I)^-1),"{'kernel': 1**2 * Matern(length_scale=1, nu=1.5) + WhiteKernel(noise_level=0.5)}"
897,correlation,GaussianProcess,30,0.89172892721024,0.560952664693417,0.3742384944282003,61.541289143404164,2.063655177974307,gp_effective_dof: trace(K(K+sigma^2*I)^-1),"{'kernel': 1**2 * Matern(length_scale=1, nu=1.5) + WhiteKernel(noise_level=0.5)}"
898,rf_importance,KernelRidge,30,0.8882282951826457,0.5699489172913574,0.34980633606998884,39.86208631746362,3.185984772311357,krr_effective_dof: trace(K(K+alpha*I)^-1),"{'alpha': 0.1, 'gamma': 0.01}"
899,rf_importance,SVR-RBF,30,0.8876319768872867,0.571467274989017,0.31163961191911144,72.0,1.7638888888888888,72 support vectors (of 127 training points),"{'C': 10, 'epsilon': 0.1, 'gamma': 'scale'}"
900,rfe_ridge,LightGBM-tiny,30,0.8804524042204206,0.5894411054152464,0.373120081350466,648.0,0.19598765432098766,"100 boosting trees, ~648 total nodes (leaf-based estimate)","{'learning_rate': 0.1, 'max_depth': 2, 'n_estimators': 100, 'num_leaves': 7}"
901,correlation,LightGBM-tiny,30,0.8786028154022469,0.5939833929937092,0.32884982392821316,686.0,0.18513119533527697,"100 boosting trees, ~686 total nodes (leaf-based estimate)","{'learning_rate': 0.1, 'max_depth': 2, 'n_estimators': 100, 'num_leaves': 7}"
902,rfe_ridge,GradientBoosting-tiny,30,0.8753650902437312,0.6018521928241689,0.36317387466514034,684.0,0.18567251461988304,"100 stages, 684 total nodes","{'learning_rate': 0.1, 'max_depth': 2, 'n_estimators': 100}"
903,mutual_info,NuSVR,30,0.8709872323982173,0.6123311334963063,0.31784613502375886,127.0,1.0,127 support vectors (of 127 training points),"{'C': 50, 'nu': 0.7}"
904,mutual_info,KernelRidge,30,0.8704718589804435,0.6135529685832053,0.37559012212631926,38.17474619092602,3.326806663358704,krr_effective_dof: trace(K(K+alpha*I)^-1),"{'alpha': 0.1, 'gamma': 0.01}"
905,mutual_info,SVR-RBF,30,0.8695203116705132,0.615802504324086,0.3259174142389631,92.0,1.3804347826086956,92 support vectors (of 127 training points),"{'C': 50, 'epsilon': 0.05, 'gamma': 'scale'}"
906,f_regression,LightGBM-tiny,30,0.8694941820289958,0.6158641610209872,0.338999306122036,1116.0,0.11379928315412187,"100 boosting trees, ~1116 total nodes (leaf-based estimate)","{'learning_rate': 0.1, 'max_depth': 3, 'n_estimators': 100, 'num_leaves': 7}"
907,rfe_ridge,HistGradientBoosting-tiny,30,0.8678468743974577,0.6197388401795826,0.4014556946414204,574.0,0.22125435540069685,"100 stages, 574 total nodes","{'learning_rate': 0.1, 'max_depth': 2, 'min_samples_leaf': 20}"
908,f_regression,GradientBoosting-tiny,30,0.8669573515494711,0.6218210736177758,0.36624962636854413,690.0,0.18405797101449275,"100 stages, 690 total nodes","{'learning_rate': 0.1, 'max_depth': 2, 'n_estimators': 100}"
909,correlation,GradientBoosting-tiny,30,0.8666051979470006,0.6226434859107003,0.3677078409137418,690.0,0.18405797101449275,"100 stages, 690 total nodes","{'learning_rate': 0.1, 'max_depth': 2, 'n_estimators': 100}"
910,rf_importance,GradientBoosting-tiny,30,0.8610808751908219,0.6354055658379428,0.3459086083552523,688.0,0.18459302325581395,"100 stages, 688 total nodes","{'learning_rate': 0.1, 'max_depth': 2, 'n_estimators': 100}"
911,mutual_info,GradientBoosting-tiny,30,0.8518126831485461,0.6562593630979682,0.3422068693062317,686.0,0.18513119533527697,"100 stages, 686 total nodes","{'learning_rate': 0.1, 'max_depth': 2, 'n_estimators': 100}"
912,f_regression,HistGradientBoosting-tiny,30,0.8494680720524284,0.6614306371835669,0.3831626564673494,788.0,0.16116751269035534,"100 stages, 788 total nodes","{'learning_rate': 0.1, 'max_depth': 3, 'min_samples_leaf': 20}"
913,correlation,HistGradientBoosting-tiny,30,0.8473921774360913,0.6659757158202668,0.3857265068544189,788.0,0.16116751269035534,"100 stages, 788 total nodes","{'learning_rate': 0.1, 'max_depth': 3, 'min_samples_leaf': 20}"
914,lasso,GradientBoosting-tiny,30,0.8463607364967208,0.6682225136516634,0.3729674802651245,1372.0,0.09256559766763849,"100 stages, 1372 total nodes","{'learning_rate': 0.1, 'max_depth': 3, 'n_estimators': 100}"
915,f_regression,KernelRidge,30,0.8451973224109085,0.6707477578022262,0.45804135998176054,42.80246847433958,2.967118592147028,krr_effective_dof: trace(K(K+alpha*I)^-1),"{'alpha': 0.1, 'gamma': 0.01}"
916,correlation,KernelRidge,30,0.8451973224109084,0.6707477578022265,0.4580413599817611,42.802468474339584,2.9671185921470276,krr_effective_dof: trace(K(K+alpha*I)^-1),"{'alpha': 0.1, 'gamma': 0.01}"
917,rf_importance,Ridge,30,0.8421382374628075,0.6773427226650939,0.49031176248759445,31.0,4.096774193548387,linear coefficients + intercept,{'alpha': 1}
918,rf_importance,TweedieRegressor,30,0.8389814065085301,0.6840817584329445,0.4910624130222929,31.0,4.096774193548387,linear coefficients + intercept,{'alpha': 0.01}
919,rf_importance,Lasso,30,0.8388390000096333,0.6843841960467757,0.4737537803751235,31.0,4.096774193548387,linear coefficients + intercept,{'alpha': 0.01}
920,rf_importance,LassoLars,30,0.8379960940710364,0.6861715986424806,0.4741977852252092,31.0,4.096774193548387,linear coefficients + intercept,{'alpha': 0.01}
921,rfe_ridge,ExtraTrees-tiny,30,0.835786706181938,0.6908347126024461,0.46889242829433864,2464.0,0.05154220779220779,"200 trees, 2464 total nodes","{'max_depth': 3, 'min_samples_leaf': 10, 'n_estimators': 200}"
922,rf_importance,ElasticNet,30,0.8357796685203626,0.690849515937514,0.4885101210302654,31.0,4.096774193548387,linear coefficients + intercept,"{'alpha': 0.01, 'l1_ratio': 0.8}"
923,mutual_info,Ridge,30,0.835697375504185,0.6910225912483674,0.481671986646195,31.0,4.096774193548387,linear coefficients + intercept,{'alpha': 1}
924,f_regression,ExtraTrees-tiny,30,0.8352471641978089,0.6919686910376374,0.45391405990940187,2802.0,0.04532476802284083,"200 trees, 2802 total nodes","{'max_depth': 3, 'min_samples_leaf': 5, 'n_estimators': 200}"
925,lasso,LightGBM-tiny,30,0.8339718425992559,0.694641729734535,0.3819004777386882,638.0,0.19905956112852666,"100 boosting trees, ~638 total nodes (leaf-based estimate)","{'learning_rate': 0.1, 'max_depth': 2, 'n_estimators': 100, 'num_leaves': 7}"
926,mutual_info,Lasso,30,0.8331514459988545,0.6963558349378003,0.4819013940753136,31.0,4.096774193548387,linear coefficients + intercept,{'alpha': 0.01}
927,mutual_info,LassoLars,30,0.8330914607346391,0.6964810003469162,0.48204134544943633,31.0,4.096774193548387,linear coefficients + intercept,{'alpha': 0.01}
928,mutual_info,BayesianRidge,30,0.8330659715545856,0.6965341793273968,0.47885688734110426,31.0,4.096774193548387,linear coefficients + intercept,{}
929,mutual_info,LightGBM-tiny,30,0.831869634195999,0.6990255893923626,0.35657389853621435,672.0,0.18898809523809523,"100 boosting trees, ~672 total nodes (leaf-based estimate)","{'learning_rate': 0.1, 'max_depth': 2, 'n_estimators': 100, 'num_leaves': 7}"
930,mutual_info,LassoLarsIC,30,0.8318108258639441,0.6991478306504817,0.4775028908985076,31.0,4.096774193548387,linear coefficients + intercept,{}
931,rf_importance,LightGBM-tiny,30,0.8303995088854564,0.7020750639196032,0.3657219449693896,672.0,0.18898809523809523,"100 boosting trees, ~672 total nodes (leaf-based estimate)","{'learning_rate': 0.1, 'max_depth': 2, 'n_estimators': 100, 'num_leaves': 7}"
932,mutual_info,KNN,30,0.8294689805285659,0.7039984283593924,0.343812269124869,127.0,1.0,non-parametric: stores all 127 training points,"{'n_neighbors': 7, 'weights': 'distance'}"
933,rf_importance,BayesianRidge,30,0.8287732046674264,0.705433142414989,0.49854382332357255,31.0,4.096774193548387,linear coefficients + intercept,{}
934,mutual_info,ElasticNet,30,0.8281581681148077,0.7066989438890084,0.4841743699180223,31.0,4.096774193548387,linear coefficients + intercept,"{'alpha': 0.01, 'l1_ratio': 0.8}"
935,correlation,ExtraTrees-tiny,30,0.8272125831785762,0.7086406338474455,0.4692582485098653,2798.0,0.045389563974267334,"200 trees, 2798 total nodes","{'max_depth': 3, 'min_samples_leaf': 5, 'n_estimators': 200}"
936,rf_importance,LinearSVR,30,0.826691727545557,0.7097079040659764,0.4349323578761703,31.0,4.096774193548387,linear coefficients + intercept,"{'C': 1, 'epsilon': 0.01}"
937,lasso,HistGradientBoosting-tiny,30,0.8260263102319626,0.7110690609382618,0.40877280330857096,796.0,0.15954773869346733,"100 stages, 796 total nodes","{'learning_rate': 0.1, 'max_depth': 3, 'min_samples_leaf': 20}"
938,rfe_ridge,Bagging-tiny,30,0.8254729052473413,0.7121991074551715,0.4493273390215844,298.0,0.4261744966442953,"20 trees, 298 total nodes","{'max_samples': 0.7, 'n_estimators': 20}"
939,mutual_info,LassoLarsCV,30,0.8239782115568485,0.7152423312562018,0.4948025996916675,31.0,4.096774193548387,linear coefficients + intercept,{}
940,f_regression,RandomForest-tiny,30,0.8237206848730647,0.7157653536212327,0.41402882666929725,2960.0,0.042905405405405404,"200 trees, 2960 total nodes","{'max_depth': 3, 'min_samples_leaf': 3, 'n_estimators': 200}"
941,mutual_info,LassoCV,30,0.8234297550365178,0.7163557565555657,0.49517562319621067,31.0,4.096774193548387,linear coefficients + intercept,{}
942,rf_importance,HistGradientBoosting-tiny,30,0.82292066966619,0.7173877077462215,0.3899721266016299,790.0,0.16075949367088607,"100 stages, 790 total nodes","{'learning_rate': 0.1, 'max_depth': 3, 'min_samples_leaf': 20}"
943,correlation,RandomForest-tiny,30,0.822680446595339,0.7178741413444739,0.4160632584117276,2960.0,0.042905405405405404,"200 trees, 2960 total nodes","{'max_depth': 3, 'min_samples_leaf': 3, 'n_estimators': 200}"
944,mutual_info,ElasticNetCV,30,0.8221580477947309,0.7189308234234943,0.4979735672705027,31.0,4.096774193548387,linear coefficients + intercept,{}
945,mutual_info,RandomForest-tiny,30,0.8195964832046897,0.7240899089921055,0.40748043817365753,2968.0,0.042789757412398925,"200 trees, 2968 total nodes","{'max_depth': 3, 'min_samples_leaf': 3, 'n_estimators': 200}"
946,rf_importance,SGDRegressor,30,0.8188254279566922,0.7256356605376953,0.514922053163055,31.0,4.096774193548387,linear coefficients + intercept,"{'alpha': 0.01, 'penalty': 'l2'}"
947,rf_importance,RandomForest-tiny,30,0.8180612822675621,0.7271643185372066,0.4095343044738611,2968.0,0.042789757412398925,"200 trees, 2968 total nodes","{'max_depth': 3, 'min_samples_leaf': 3, 'n_estimators': 200}"
948,rfe_ridge,RandomForest-tiny,30,0.8176500209876989,0.7279857097292032,0.43962059755156835,2822.0,0.04500354358610914,"200 trees, 2822 total nodes","{'max_depth': 3, 'min_samples_leaf': 5, 'n_estimators': 200}"
949,mutual_info,HistGradientBoosting-tiny,30,0.8174171282450239,0.7284504437811596,0.4094868920426852,592.0,0.21452702702702703,"100 stages, 592 total nodes","{'learning_rate': 0.1, 'max_depth': 2, 'min_samples_leaf': 20}"
950,rfe_ridge,KNN,30,0.8157199494549711,0.731828227550339,0.39644441078526166,127.0,1.0,non-parametric: stores all 127 training points,"{'n_neighbors': 3, 'weights': 'distance'}"
951,mutual_info,TweedieRegressor,30,0.8157018090636238,0.7318642469775972,0.5100336503969662,31.0,4.096774193548387,linear coefficients + intercept,{'alpha': 0.01}
952,mutual_info,RidgeCV,30,0.8147301670175413,0.7337909486697555,0.5028927137497282,31.0,4.096774193548387,linear coefficients + intercept,{}
953,rf_importance,RidgeCV,30,0.8146201540009077,0.7340087784541963,0.5245275504336016,31.0,4.096774193548387,linear coefficients + intercept,{}
954,rf_importance,ExtraTrees-tiny,30,0.8143909251618217,0.7344624523628948,0.44871207040193867,1220.0,0.1040983606557377,"100 trees, 1220 total nodes","{'max_depth': 3, 'min_samples_leaf': 10, 'n_estimators': 100}"
955,lasso,ExtraTrees-tiny,30,0.8131940097421938,0.7368267677018977,0.4738358580919066,2454.0,0.05175224123879381,"200 trees, 2454 total nodes","{'max_depth': 3, 'min_samples_leaf': 10, 'n_estimators': 200}"
956,mutual_info,Bagging-tiny,30,0.8109629356539421,0.7412137677418651,0.42437567817352484,300.0,0.42333333333333334,"20 trees, 300 total nodes","{'max_samples': 0.7, 'n_estimators': 20}"
957,rf_importance,LinearRegression,30,0.8066944824297657,0.7495353508747619,0.509525879405059,31.0,4.096774193548387,linear coefficients + intercept,{}
958,mutual_info,OrthogonalMatchingPursuit,30,0.806336821221084,0.7502284398115844,0.5451730540328206,31.0,4.096774193548387,linear coefficients + intercept,{'n_nonzero_coefs': 8}
959,mutual_info,ExtraTrees-tiny,30,0.8062285288500708,0.7504381664688393,0.47417273705553936,2434.0,0.05217748562037798,"200 trees, 2434 total nodes","{'max_depth': 3, 'min_samples_leaf': 10, 'n_estimators': 200}"
960,rf_importance,Bagging-tiny,30,0.8033357598555286,0.7560189729695728,0.44134913147994076,300.0,0.42333333333333334,"20 trees, 300 total nodes","{'max_samples': 0.7, 'n_estimators': 20}"
961,lasso,Bagging-tiny,30,0.7999217573094364,0.7625528131115376,0.4745105061092157,296.0,0.42905405405405406,"20 trees, 296 total nodes","{'max_samples': 0.7, 'n_estimators': 20}"
962,lasso,KernelRidge,30,0.7972007896174107,0.7677204784127241,0.47111273623478894,43.53671550821241,2.9170781148165337,krr_effective_dof: trace(K(K+alpha*I)^-1),"{'alpha': 0.1, 'gamma': 0.01}"
963,rf_importance,HuberRegressor,30,0.796575114899552,0.7689038493323732,0.48338752250117617,31.0,4.096774193548387,linear coefficients + intercept,"{'alpha': 0.1, 'epsilon': 1.5}"
964,rfe_ridge,SVR-RBF,30,0.795872668463234,0.7702302561413945,0.3990040592103697,94.0,1.351063829787234,94 support vectors (of 127 training points),"{'C': 10, 'epsilon': 0.05, 'gamma': 'scale'}"
965,rfe_ridge,RidgeCV,30,0.7932042008810815,0.7752483516620536,0.5186588791821166,31.0,4.096774193548387,linear coefficients + intercept,{}
966,rfe_ridge,ElasticNetCV,30,0.7924719359602315,0.7766197178051913,0.5134889740537255,31.0,4.096774193548387,linear coefficients + intercept,{}
967,rfe_ridge,LassoCV,30,0.7918151933407812,0.7778475912261407,0.5170413706718304,31.0,4.096774193548387,linear coefficients + intercept,{}
968,f_regression,Bagging-tiny,30,0.7899820076680379,0.7812647804447802,0.45020550123520525,300.0,0.42333333333333334,"20 trees, 300 total nodes","{'max_samples': 0.7, 'n_estimators': 20}"
969,rfe_ridge,NuSVR,30,0.7898347381548705,0.7815386529820568,0.404275546993209,112.0,1.1339285714285714,112 support vectors (of 127 training points),"{'C': 10, 'nu': 0.3}"
970,rfe_ridge,GaussianProcess,30,0.7894401382190926,0.7822720055755781,0.42472555995593075,53.28511596216301,2.3834047783658923,gp_effective_dof: trace(K(K+sigma^2*I)^-1),"{'kernel': 1**2 * Matern(length_scale=1, nu=2.5) + WhiteKernel(noise_level=0.5)}"
971,lasso,RandomForest-tiny,30,0.7887796651884179,0.7834979396798775,0.4761346330718708,2766.0,0.04591467823571945,"200 trees, 2766 total nodes","{'max_depth': 3, 'min_samples_leaf': 5, 'n_estimators': 200}"
972,correlation,Bagging-tiny,30,0.7877231472720622,0.7854550122787171,0.4500217185838347,300.0,0.42333333333333334,"20 trees, 300 total nodes","{'max_samples': 0.7, 'n_estimators': 20}"
973,rfe_ridge,LassoLarsCV,30,0.7876337358675265,0.7856204124186619,0.5179107961362843,31.0,4.096774193548387,linear coefficients + intercept,{}
974,rf_importance,PLS,30,0.7872212502234206,0.7863830098566618,0.5585332781005243,8.0,15.875,7 latent components (true PLS dimensionality),{'n_components': 7}
975,rfe_ridge,LassoLars,30,0.7870007736361904,0.7867903206262574,0.5210177061732768,31.0,4.096774193548387,linear coefficients + intercept,{'alpha': 0.01}
976,rfe_ridge,LassoLarsIC,30,0.7865045612133637,0.7877062582573442,0.5265805604986925,31.0,4.096774193548387,linear coefficients + intercept,{}
977,rfe_ridge,SGDRegressor,30,0.7856660772600874,0.7892515648892829,0.57054575859739,31.0,4.096774193548387,linear coefficients + intercept,"{'alpha': 0.0001, 'penalty': 'elasticnet'}"
978,rfe_ridge,Lasso,30,0.7856472604467837,0.7892862091332187,0.5246216638334972,31.0,4.096774193548387,linear coefficients + intercept,{'alpha': 0.01}
979,mutual_info,LinearSVR,30,0.7846237703497185,0.7911683045392592,0.48031795300404134,31.0,4.096774193548387,linear coefficients + intercept,"{'C': 1, 'epsilon': 0.01}"
980,lasso,SVR-RBF,30,0.7842065950874637,0.7919341647592625,0.40995847198485164,89.0,1.4269662921348314,89 support vectors (of 127 training points),"{'C': 10, 'epsilon': 0.05, 'gamma': 'scale'}"
981,lasso,NuSVR,30,0.7835515298286369,0.7931352567483859,0.40983690705740505,127.0,1.0,127 support vectors (of 127 training points),"{'C': 50, 'nu': 0.3}"
982,mutual_info,SGDRegressor,30,0.7805642514921702,0.79858966529084,0.5438030953044917,31.0,4.096774193548387,linear coefficients + intercept,"{'alpha': 0.0001, 'penalty': 'l2'}"
983,rfe_ridge,KernelRidge,30,0.7801259382235196,0.7993868412970921,0.46312118842042005,41.96524226644732,3.0263139956072873,krr_effective_dof: trace(K(K+alpha*I)^-1),"{'alpha': 0.1, 'gamma': 0.01}"
984,rf_importance,ElasticNetCV,30,0.7800483592329411,0.799527854189636,0.522232284071184,31.0,4.096774193548387,linear coefficients + intercept,{}
985,rfe_ridge,BayesianRidge,30,0.7792722383690397,0.8009372181070604,0.5258286998757637,31.0,4.096774193548387,linear coefficients + intercept,{}
986,rfe_ridge,ElasticNet,30,0.7788074885487662,0.8017799750236124,0.5238215076456597,31.0,4.096774193548387,linear coefficients + intercept,"{'alpha': 0.01, 'l1_ratio': 0.2}"
987,rf_importance,PassiveAggressiveRegressor,30,0.7757338377331745,0.8073314501716339,0.5602017374149764,31.0,4.096774193548387,linear coefficients + intercept,{'C': 1}
988,rfe_ridge,TweedieRegressor,30,0.775361181259331,0.8080019311989797,0.5267251156642552,31.0,4.096774193548387,linear coefficients + intercept,{'alpha': 0.01}
989,rfe_ridge,Ridge,30,0.7739404870271583,0.8105529471785293,0.5273505471909544,31.0,4.096774193548387,linear coefficients + intercept,{'alpha': 1}
990,rf_importance,LassoLarsIC,30,0.7693407409476456,0.818757783673596,0.5234831142192,31.0,4.096774193548387,linear coefficients + intercept,{}
991,correlation,KNN,30,0.7644569200433621,0.8273802887899459,0.5311971940636119,127.0,1.0,non-parametric: stores all 127 training points,"{'n_neighbors': 9, 'weights': 'uniform'}"
992,f_regression,KNN,30,0.7644569200433621,0.8273802887899459,0.5311971940636119,127.0,1.0,non-parametric: stores all 127 training points,"{'n_neighbors': 9, 'weights': 'uniform'}"
993,mutual_info,PassiveAggressiveRegressor,30,0.7638015783200628,0.8285304822095404,0.5449769635782649,31.0,4.096774193548387,linear coefficients + intercept,{'C': 1}
994,rfe_ridge,PLS,30,0.7624046160363654,0.83097698356734,0.5866002474946769,8.0,15.875,7 latent components (true PLS dimensionality),{'n_components': 7}
995,rfe_ridge,PassiveAggressiveRegressor,30,0.7587195880759487,0.83739628185022,0.5655503978083164,31.0,4.096774193548387,linear coefficients + intercept,{'C': 1}
996,mutual_info,ExtraTree-tiny,30,0.7547096783619698,0.8443260752542084,0.49043924780913817,23.0,5.521739130434782,"single tree, 23 nodes","{'max_depth': 4, 'min_samples_leaf': 5}"
997,rf_importance,LassoLarsCV,30,0.7532896027879891,0.8467666046250635,0.5379307419790562,31.0,4.096774193548387,linear coefficients + intercept,{}
998,rf_importance,LassoCV,30,0.752342017171518,0.848391211602919,0.5289519566864388,31.0,4.096774193548387,linear coefficients + intercept,{}
999,lasso,KNN,30,0.7467946945367977,0.8578402036238775,0.4365768502960618,127.0,1.0,non-parametric: stores all 127 training points,"{'n_neighbors': 3, 'weights': 'distance'}"
1000,rfe_ridge,LinearRegression,30,0.7446314941419068,0.8614967891590699,0.5463361673852947,31.0,4.096774193548387,linear coefficients + intercept,{}
1001,rfe_ridge,DecisionTree-tiny,30,0.7416904012300823,0.866443539524169,0.5566854895475389,23.0,5.521739130434782,"single tree, 23 nodes","{'max_depth': 4, 'min_samples_leaf': 5}"
1002,rf_importance,OrthogonalMatchingPursuit,30,0.7399119677443207,0.869421108010692,0.6044982221925338,31.0,4.096774193548387,linear coefficients + intercept,{'n_nonzero_coefs': 10}
1003,rfe_ridge,AdaBoost-tiny,30,0.739712453730149,0.8697545113603505,0.613291935051669,350.0,0.3628571428571429,"50 trees, 350 total nodes","{'learning_rate': 0.5, 'n_estimators': 50}"
1004,mutual_info,OrthogonalMatchingPursuitCV,30,0.7388921606327168,0.871123943755795,0.6256771689963422,31.0,4.096774193548387,linear coefficients + intercept,{}
1005,correlation,LassoLarsCV,30,0.734038277119949,0.879183571494651,0.6042531406916462,31.0,4.096774193548387,linear coefficients + intercept,{}
1006,f_regression,LassoLarsCV,30,0.7340382771199441,0.879183571494659,0.6042531406916473,31.0,4.096774193548387,linear coefficients + intercept,{}
1007,correlation,LassoCV,30,0.7329889988873215,0.8809161518250593,0.6048218141229832,31.0,4.096774193548387,linear coefficients + intercept,{}
1008,f_regression,LassoCV,30,0.7320522115579056,0.8824601116957116,0.6054064263534368,31.0,4.096774193548387,linear coefficients + intercept,{}
1009,correlation,LassoLarsIC,30,0.7307807311113359,0.8845513826329363,0.603561828608388,31.0,4.096774193548387,linear coefficients + intercept,{}
1010,f_regression,LassoLarsIC,30,0.7307807311113341,0.8845513826329391,0.6035618286083848,31.0,4.096774193548387,linear coefficients + intercept,{}
1011,rfe_ridge,ExtraTree-tiny,30,0.7300182636557374,0.8858030849926493,0.5542646004940506,23.0,5.521739130434782,"single tree, 23 nodes","{'max_depth': 4, 'min_samples_leaf': 5}"
1012,lasso,AdaBoost-tiny,30,0.7298276801754728,0.886115679567798,0.6212385035727261,350.0,0.3628571428571429,"50 trees, 350 total nodes","{'learning_rate': 0.5, 'n_estimators': 50}"
1013,mutual_info,HuberRegressor,30,0.7276928027314349,0.8896097939249895,0.4884490103932496,31.0,4.096774193548387,linear coefficients + intercept,"{'alpha': 0.1, 'epsilon': 1.2}"
1014,correlation,ElasticNetCV,30,0.7245238888985212,0.8947711384227351,0.6043974566951008,31.0,4.096774193548387,linear coefficients + intercept,{}
1015,f_regression,ElasticNetCV,30,0.7237776513436112,0.8959822420715675,0.604531370966341,31.0,4.096774193548387,linear coefficients + intercept,{}
1016,lasso,GaussianProcess,30,0.7224910832426654,0.8980664380188106,0.5218202940805359,48.83436271597625,2.6006277739025707,gp_effective_dof: trace(K(K+sigma^2*I)^-1),"{'kernel': 1**2 * Matern(length_scale=1, nu=2.5) + WhiteKernel(noise_level=0.5)}"
1017,f_regression,LinearRegression,30,0.7146849477120036,0.9106098369912902,0.6528650915514987,31.0,4.096774193548387,linear coefficients + intercept,{}
1018,correlation,LinearRegression,30,0.7146849477120036,0.9106098369912903,0.6528650915514985,31.0,4.096774193548387,linear coefficients + intercept,{}
1019,f_regression,BayesianRidge,30,0.7126332648473971,0.913878041612551,0.6133796547751477,31.0,4.096774193548387,linear coefficients + intercept,{}
1020,correlation,BayesianRidge,30,0.7126332648473969,0.9138780416125515,0.6133796547751478,31.0,4.096774193548387,linear coefficients + intercept,{}
1021,f_regression,DecisionTree-tiny,30,0.7116961855046608,0.915366869515584,0.5672660455040733,11.0,11.545454545454545,"single tree, 11 nodes","{'max_depth': 3, 'min_samples_leaf': 10}"
1022,lasso,ExtraTree-tiny,30,0.7108055622687527,0.9167796471502213,0.6395504919479508,11.0,11.545454545454545,"single tree, 11 nodes","{'max_depth': 3, 'min_samples_leaf': 10}"
1023,lasso,OrthogonalMatchingPursuit,30,0.7093851360773351,0.9190283465603039,0.6598385261757046,31.0,4.096774193548387,linear coefficients + intercept,{'n_nonzero_coefs': 8}
1024,correlation,AdaBoost-tiny,30,0.7093088329731314,0.9191489875220382,0.7014241078602157,350.0,0.3628571428571429,"50 trees, 350 total nodes","{'learning_rate': 0.5, 'n_estimators': 50}"
1025,mutual_info,PLS,30,0.7045815429884144,0.926592558720274,0.6210135205850686,6.0,21.166666666666668,5 latent components (true PLS dimensionality),{'n_components': 5}
1026,rf_importance,ExtraTree-tiny,30,0.7043141334174852,0.9270118346086986,0.5713764126671398,21.0,6.0476190476190474,"single tree, 21 nodes","{'max_depth': 4, 'min_samples_leaf': 5}"
1027,mutual_info,SmallMLP,30,0.7012620838824954,0.9317838289299429,0.6495639617445412,257.0,0.49416342412451364,"layers (8,)","{'alpha': 1.0, 'hidden_layer_sizes': (8,)}"
1028,correlation,SGDRegressor,30,0.7009131093086818,0.9323279077694825,0.5989644370441904,31.0,4.096774193548387,linear coefficients + intercept,"{'alpha': 0.01, 'penalty': 'l2'}"
1029,f_regression,SGDRegressor,30,0.7009131093086816,0.9323279077694828,0.5989644370441907,31.0,4.096774193548387,linear coefficients + intercept,"{'alpha': 0.01, 'penalty': 'l2'}"
1030,correlation,ElasticNet,30,0.6999222097226834,0.9338710703740225,0.6268035926894274,31.0,4.096774193548387,linear coefficients + intercept,"{'alpha': 0.01, 'l1_ratio': 0.8}"
1031,f_regression,ElasticNet,30,0.6997916379180487,0.9340742243115342,0.6268207170969297,31.0,4.096774193548387,linear coefficients + intercept,"{'alpha': 0.01, 'l1_ratio': 0.8}"
1032,correlation,LassoLars,30,0.6994713499997612,0.9345723665577247,0.6425312997441129,31.0,4.096774193548387,linear coefficients + intercept,{'alpha': 0.01}
1033,f_regression,LassoLars,30,0.6994713499997567,0.9345723665577318,0.6425312997441144,31.0,4.096774193548387,linear coefficients + intercept,{'alpha': 0.01}
1034,correlation,Lasso,30,0.698990837242438,0.9353192081366982,0.6426689518122973,31.0,4.096774193548387,linear coefficients + intercept,{'alpha': 0.01}
1035,f_regression,Lasso,30,0.6989315368132303,0.9354113350648819,0.6426396138655225,31.0,4.096774193548387,linear coefficients + intercept,{'alpha': 0.01}
1036,correlation,RidgeCV,30,0.6942157490348668,0.9427087808826521,0.6241366195271884,31.0,4.096774193548387,linear coefficients + intercept,{}
1037,f_regression,RidgeCV,30,0.6942157490347867,0.9427087808827757,0.6241366195274239,31.0,4.096774193548387,linear coefficients + intercept,{}
1038,f_regression,AdaBoost-tiny,30,0.6941298697710513,0.9428411510951629,0.6994496851292263,350.0,0.3628571428571429,"50 trees, 350 total nodes","{'learning_rate': 0.5, 'n_estimators': 50}"
1039,rf_importance,OrthogonalMatchingPursuitCV,30,0.6909887470448464,0.9476700225795728,0.7070653874771419,31.0,4.096774193548387,linear coefficients + intercept,{}
1040,rfe_ridge,OrthogonalMatchingPursuit,30,0.6886670936193857,0.9512233628535122,0.7214321119387038,31.0,4.096774193548387,linear coefficients + intercept,{'n_nonzero_coefs': 3}
1041,rf_importance,AdaBoost-tiny,30,0.6882907125122295,0.9517981725733378,0.6844270270008106,329.0,0.3860182370820669,"47 trees, 329 total nodes","{'learning_rate': 0.5, 'n_estimators': 50}"
1042,mutual_info,AdaBoost-tiny,30,0.6830894740041116,0.9597062597950803,0.6688461562952349,210.0,0.6047619047619047,"30 trees, 210 total nodes","{'learning_rate': 0.5, 'n_estimators': 30}"
1043,rf_importance,SmallMLP,30,0.6801625770278568,0.964127863375471,0.6451122769080766,257.0,0.49416342412451364,"layers (8,)","{'alpha': 0.1, 'hidden_layer_sizes': (8,)}"
1044,correlation,Ridge,30,0.6766208860114307,0.9694512586237634,0.6390989572398822,31.0,4.096774193548387,linear coefficients + intercept,{'alpha': 1}
1045,f_regression,Ridge,30,0.6766208860114299,0.9694512586237647,0.6390989572398823,31.0,4.096774193548387,linear coefficients + intercept,{'alpha': 1}
1046,correlation,TweedieRegressor,30,0.670574810400703,0.978471989453067,0.6409274901982376,31.0,4.096774193548387,linear coefficients + intercept,{'alpha': 0.01}
1047,f_regression,TweedieRegressor,30,0.6705748103135479,0.9784719895825027,0.6409274902303582,31.0,4.096774193548387,linear coefficients + intercept,{'alpha': 0.01}
1048,rfe_ridge,LinearSVR,30,0.6648357932508486,0.9869583184528731,0.548516551709988,31.0,4.096774193548387,linear coefficients + intercept,"{'C': 1, 'epsilon': 0.01}"
1049,correlation,ExtraTree-tiny,30,0.6629751264468136,0.9896940803497636,0.6322154414677118,13.0,9.76923076923077,"single tree, 13 nodes","{'max_depth': 3, 'min_samples_leaf': 10}"
1050,f_regression,ExtraTree-tiny,30,0.6620851806488737,0.9909999089129958,0.664908959256663,13.0,9.76923076923077,"single tree, 13 nodes","{'max_depth': 3, 'min_samples_leaf': 5}"
1051,rfe_ridge,HuberRegressor,30,0.6532465316254936,1.0038767645693687,0.5647694832422402,31.0,4.096774193548387,linear coefficients + intercept,"{'alpha': 0.1, 'epsilon': 1.2}"
1052,correlation,DecisionTree-tiny,30,0.6485720409356126,1.010620609637492,0.5937489017103648,11.0,11.545454545454545,"single tree, 11 nodes","{'max_depth': 3, 'min_samples_leaf': 10}"
1053,lasso,DecisionTree-tiny,30,0.6347619265154949,1.0302865186328742,0.6420348610876364,13.0,9.76923076923077,"single tree, 13 nodes","{'max_depth': 3, 'min_samples_leaf': 10}"
1054,correlation,SmallMLP,30,0.6227395170204492,1.0471060132105965,0.7466135893871372,129.0,0.9844961240310077,"layers (4,)","{'alpha': 0.1, 'hidden_layer_sizes': (4,)}"
1055,correlation,PassiveAggressiveRegressor,30,0.6226571584372473,1.047220302230407,0.6773897272368472,31.0,4.096774193548387,linear coefficients + intercept,{'C': 1}
1056,f_regression,PassiveAggressiveRegressor,30,0.6226571584372473,1.0472203022304072,0.6773897272368473,31.0,4.096774193548387,linear coefficients + intercept,{'C': 1}
1057,correlation,LinearSVR,30,0.6118942878062089,1.0620501211478726,0.5914813495011952,31.0,4.096774193548387,linear coefficients + intercept,"{'C': 10, 'epsilon': 0.1}"
1058,f_regression,LinearSVR,30,0.6118942878062072,1.0620501211478748,0.5914813495011956,31.0,4.096774193548387,linear coefficients + intercept,"{'C': 10, 'epsilon': 0.1}"
1059,mutual_info,DecisionTree-tiny,30,0.6069604266401071,1.06877954960044,0.7091225054397744,7.0,18.142857142857142,"single tree, 7 nodes","{'max_depth': 2, 'min_samples_leaf': 5}"
1060,rfe_ridge,OrthogonalMatchingPursuitCV,30,0.6067597994169807,1.069052294294852,0.7960785581660921,31.0,4.096774193548387,linear coefficients + intercept,{}
1061,lasso,OrthogonalMatchingPursuitCV,30,0.5912356737726348,1.0899497820710897,0.7867000642845848,31.0,4.096774193548387,linear coefficients + intercept,{}
1062,f_regression,PLS,30,0.5882809677950506,1.0938819774091375,0.696262542861526,6.0,21.166666666666668,5 latent components (true PLS dimensionality),{'n_components': 5}
1063,correlation,PLS,30,0.5882809677950503,1.0938819774091377,0.6962625428615257,6.0,21.166666666666668,5 latent components (true PLS dimensionality),{'n_components': 5}
1064,rfe_ridge,SmallMLP,30,0.5834534195291391,1.1002763604901822,0.7473436184219969,257.0,0.49416342412451364,"layers (8,)","{'alpha': 0.1, 'hidden_layer_sizes': (8,)}"
1065,mutual_info,LinearRegression,30,0.5735478218185504,1.1132819401118523,0.5266892327253125,31.0,4.096774193548387,linear coefficients + intercept,{}
1066,f_regression,SmallMLP,30,0.5688504319526495,1.1193965732336086,0.7216407431223707,257.0,0.49416342412451364,"layers (8,)","{'alpha': 1.0, 'hidden_layer_sizes': (8,)}"
1067,correlation,OrthogonalMatchingPursuitCV,30,0.5548559172530466,1.1374185263109544,0.8830446437515569,31.0,4.096774193548387,linear coefficients + intercept,{}
1068,f_regression,OrthogonalMatchingPursuitCV,30,0.5548559172530465,1.1374185263109546,0.883044643751557,31.0,4.096774193548387,linear coefficients + intercept,{}
1069,f_regression,HuberRegressor,30,0.5408347160578637,1.1551929183929281,0.6470144573888025,31.0,4.096774193548387,linear coefficients + intercept,"{'alpha': 0.01, 'epsilon': 1.2}"
1070,correlation,HuberRegressor,30,0.5408162919060684,1.1552160944004888,0.6470516340211704,31.0,4.096774193548387,linear coefficients + intercept,"{'alpha': 0.01, 'epsilon': 1.2}"
1071,rf_importance,DecisionTree-tiny,30,0.5194661116062259,1.1817674006845207,0.7190610714480903,7.0,18.142857142857142,"single tree, 7 nodes","{'max_depth': 2, 'min_samples_leaf': 5}"
1072,rfe_ridge,RANSACRegressor,30,0.5090401505972366,1.19451878525611,0.6475796744607476,31.0,4.096774193548387,RANSAC inlier-fitted LinearRegression,{}
1073,rfe_ridge,LarsCV,30,0.5087669071277567,1.1948511434485392,0.8974192857561203,31.0,4.096774193548387,linear coefficients + intercept,{}
1074,lasso,SmallMLP,30,0.437368274504622,1.2787395690570336,0.796460457187066,129.0,0.9844961240310077,"layers (4,)","{'alpha': 1.0, 'hidden_layer_sizes': (4,)}"
1075,rf_importance,LarsCV,30,0.3828439816097775,1.3392679617342655,1.04274770512222,31.0,4.096774193548387,linear coefficients + intercept,{}
1076,mutual_info,LarsCV,30,0.3667988139044628,1.356565772749918,1.045162057132901,31.0,4.096774193548387,linear coefficients + intercept,{}
1077,correlation,LarsCV,30,0.2994452873602237,1.426891743154242,1.1027327230086554,31.0,4.096774193548387,linear coefficients + intercept,{}
1078,f_regression,LarsCV,30,0.2994452873602237,1.426891743154242,1.1027327230086557,31.0,4.096774193548387,linear coefficients + intercept,{}
1079,correlation,OrthogonalMatchingPursuit,30,0.06374192769839959,1.6495587317168356,0.9524350549375192,31.0,4.096774193548387,linear coefficients + intercept,{'n_nonzero_coefs': 3}
1080,f_regression,OrthogonalMatchingPursuit,30,0.06374192769839881,1.6495587317168363,0.9524350549375193,31.0,4.096774193548387,linear coefficients + intercept,{'n_nonzero_coefs': 3}
1081,f_regression,Dummy-baseline,30,-0.02235889992051332,1.7237397091185145,1.357759080191666,1.0,127.0,constant baseline,{}
1082,correlation,Dummy-baseline,30,-0.02235889992051332,1.7237397091185145,1.357759080191666,1.0,127.0,constant baseline,{}
1083,mutual_info,Dummy-baseline,30,-0.02235889992051332,1.7237397091185145,1.357759080191666,1.0,127.0,constant baseline,{}
1084,lasso,Dummy-baseline,30,-0.02235889992051332,1.7237397091185145,1.357759080191666,1.0,127.0,constant baseline,{}
1085,rf_importance,Dummy-baseline,30,-0.02235889992051332,1.7237397091185145,1.357759080191666,1.0,127.0,constant baseline,{}
1086,rfe_ridge,Dummy-baseline,30,-0.02235889992051332,1.7237397091185145,1.357759080191666,1.0,127.0,constant baseline,{}
1087,rf_importance,RANSACRegressor,30,-0.10526894305365819,1.7922722429589986,0.8845425608822116,31.0,4.096774193548387,RANSAC inlier-fitted LinearRegression,{}
1088,correlation,RANSACRegressor,30,-0.18613063478154124,1.8566765694284308,0.913665340507316,31.0,4.096774193548387,RANSAC inlier-fitted LinearRegression,{}
1089,f_regression,RANSACRegressor,30,-0.18613063478154412,1.8566765694284333,0.913665340507317,31.0,4.096774193548387,RANSAC inlier-fitted LinearRegression,{}
1090,lasso,LarsCV,30,-1.1155553807624625,2.479603237856566,1.2427007606207476,31.0,4.096774193548387,linear coefficients + intercept,{}
1091,mutual_info,RANSACRegressor,30,-1.2388962561985815,2.5508620956761834,1.100244791599072,31.0,4.096774193548387,RANSAC inlier-fitted LinearRegression,{}
1092,lasso,RANSACRegressor,30,-3.2290537945637405,3.5058360311782,0.8677472627651434,31.0,4.096774193548387,RANSAC inlier-fitted LinearRegression,{}
1093,lasso,SGDRegressor,30,-46.52240791385654,11.752201098986474,1.736807182894574,31.0,4.096774193548387,linear coefficients + intercept,"{'alpha': 0.001, 'penalty': 'elasticnet'}"
1094,lasso,PLS,30,-86.07878516449476,15.908388053835985,2.184054062603957,4.0,31.75,3 latent components (true PLS dimensionality),{'n_components': 3}
1095,lasso,LinearSVR,30,-103.54349106774646,17.43084715439468,2.277971189347569,31.0,4.096774193548387,linear coefficients + intercept,"{'C': 1, 'epsilon': 0.1}"
1096,lasso,HuberRegressor,30,-119.2933390704308,18.697811856692788,2.3938004212993467,31.0,4.096774193548387,linear coefficients + intercept,"{'alpha': 0.1, 'epsilon': 1.5}"
1097,lasso,PassiveAggressiveRegressor,30,-126.0622841715659,19.216678509650787,2.466482298688501,31.0,4.096774193548387,linear coefficients + intercept,{'C': 1}
1098,lasso,BayesianRidge,30,-127.14665127920779,19.29850320089596,2.459111367322668,31.0,4.096774193548387,linear coefficients + intercept,{}
1099,lasso,TweedieRegressor,30,-161.9223580902215,21.760072553358878,2.6918702891348962,31.0,4.096774193548387,linear coefficients + intercept,{'alpha': 0.01}
1100,lasso,RidgeCV,30,-170.32253802836027,22.313990569264977,2.7428204799780174,31.0,4.096774193548387,linear coefficients + intercept,{}
1101,lasso,Ridge,30,-170.3991568086349,22.318979637409065,2.769965399925648,31.0,4.096774193548387,linear coefficients + intercept,{'alpha': 1}
1102,lasso,ElasticNetCV,30,-177.0026094914989,22.74485538873352,2.800220147104866,31.0,4.096774193548387,linear coefficients + intercept,{}
1103,lasso,LassoLarsIC,30,-178.04268031880017,22.811207801435554,2.817194327691192,31.0,4.096774193548387,linear coefficients + intercept,{}
1104,lasso,ElasticNet,30,-211.94398082168945,24.877267709273596,3.013057221809348,31.0,4.096774193548387,linear coefficients + intercept,"{'alpha': 0.01, 'l1_ratio': 0.5}"
1105,lasso,Lasso,30,-229.59179813732553,25.887607978961388,3.096795306647018,31.0,4.096774193548387,linear coefficients + intercept,{'alpha': 0.01}
1106,lasso,LassoLars,30,-230.24391513017994,25.924187403277788,3.1003620290075906,31.0,4.096774193548387,linear coefficients + intercept,{'alpha': 0.01}
1107,lasso,LassoCV,30,-230.64887767042225,25.946877151760884,3.1219239609641005,31.0,4.096774193548387,linear coefficients + intercept,{}
1108,lasso,LassoLarsCV,30,-265.1724670601848,27.8132385306111,3.307345225196886,31.0,4.096774193548387,linear coefficients + intercept,{}
1109,lasso,LinearRegression,30,-265.2615016719878,27.817889901719663,3.3270371490537016,31.0,4.096774193548387,linear coefficients + intercept,{}
